album_name,album_id,release_date,total_tracks,track_name,track_id,duration_min,popularity,danceability,energy,key,loudness,mode,speechiness,acousticness,instrumentalness,liveness,valence,tempo,type,id,uri,track_href,analysis_url,duration_ms,time_signature
A Very Backstreet Christmas,0DmM20iJ1NjdQSxGs6kCGt,2022-10-14,13,White Christmas,4bFPVxyEZSh3kY59DYQK2E,2.75,,0.601,0.647,10,-6.163,0,0.0334,0.246,0.0,0.154,0.717,128.019,audio_features,4bFPVxyEZSh3kY59DYQK2E,spotify:track:4bFPVxyEZSh3kY59DYQK2E,https://api.spotify.com/v1/tracks/4bFPVxyEZSh3kY59DYQK2E,https://api.spotify.com/v1/audio-analysis/4bFPVxyEZSh3kY59DYQK2E,165000,4
A Very Backstreet Christmas,0DmM20iJ1NjdQSxGs6kCGt,2022-10-14,13,The Christmas Song,6FVpqckXY1Fy7uUG7FWoS7,3.6873833333333335,,0.511,0.633,1,-6.122,1,0.0359,0.212,0.0,0.106,0.296,118.368,audio_features,6FVpqckXY1Fy7uUG7FWoS7,spotify:track:6FVpqckXY1Fy7uUG7FWoS7,https://api.spotify.com/v1/tracks/6FVpqckXY1Fy7uUG7FWoS7,https://api.spotify.com/v1/audio-analysis/6FVpqckXY1Fy7uUG7FWoS7,221243,4
A Very Backstreet Christmas,0DmM20iJ1NjdQSxGs6kCGt,2022-10-14,13,Winter Wonderland,7ecfZxGVN2PphzwOLd4GSQ,1.6758,,0.591,0.426,11,-8.598,1,0.0311,0.821,0.0,0.124,0.758,74.874,audio_features,7ecfZxGVN2PphzwOLd4GSQ,spotify:track:7ecfZxGVN2PphzwOLd4GSQ,https://api.spotify.com/v1/tracks/7ecfZxGVN2PphzwOLd4GSQ,https://api.spotify.com/v1/audio-analysis/7ecfZxGVN2PphzwOLd4GSQ,100548,4
A Very Backstreet Christmas,0DmM20iJ1NjdQSxGs6kCGt,2022-10-14,13,Have Yourself A Merry Little Christmas,64lfXz9wH5sFTGypE1aPiM,3.5077833333333333,,0.366,0.458,5,-7.484,0,0.027,0.554,0.0,0.277,0.239,76.71,audio_features,64lfXz9wH5sFTGypE1aPiM,spotify:track:64lfXz9wH5sFTGypE1aPiM,https://api.spotify.com/v1/tracks/64lfXz9wH5sFTGypE1aPiM,https://api.spotify.com/v1/audio-analysis/64lfXz9wH5sFTGypE1aPiM,210467,4
A Very Backstreet Christmas,0DmM20iJ1NjdQSxGs6kCGt,2022-10-14,13,Last Christmas,3Zzvc5u4V0jC6vwHroHKcJ,3.7764,,0.681,0.815,0,-5.604,1,0.0289,0.0502,0.0,0.13,0.253,112.005,audio_features,3Zzvc5u4V0jC6vwHroHKcJ,spotify:track:3Zzvc5u4V0jC6vwHroHKcJ,https://api.spotify.com/v1/tracks/3Zzvc5u4V0jC6vwHroHKcJ,https://api.spotify.com/v1/audio-analysis/3Zzvc5u4V0jC6vwHroHKcJ,226585,4
A Very Backstreet Christmas,0DmM20iJ1NjdQSxGs6kCGt,2022-10-14,13,O Holy Night,1PoUzd45jjb4FiTzzVfn0t,3.4479166666666665,,0.167,0.305,0,-8.562,1,0.0324,0.854,4.24e-06,0.0843,0.173,91.347,audio_features,1PoUzd45jjb4FiTzzVfn0t,spotify:track:1PoUzd45jjb4FiTzzVfn0t,https://api.spotify.com/v1/tracks/1PoUzd45jjb4FiTzzVfn0t,https://api.spotify.com/v1/audio-analysis/1PoUzd45jjb4FiTzzVfn0t,206876,4
A Very Backstreet Christmas,0DmM20iJ1NjdQSxGs6kCGt,2022-10-14,13,This Christmas,2EwJGaDgZUOZMyIT4OXyHg,3.2688166666666665,,0.533,0.808,5,-5.594,0,0.0514,0.296,0.000114,0.234,0.492,185.952,audio_features,2EwJGaDgZUOZMyIT4OXyHg,spotify:track:2EwJGaDgZUOZMyIT4OXyHg,https://api.spotify.com/v1/tracks/2EwJGaDgZUOZMyIT4OXyHg,https://api.spotify.com/v1/audio-analysis/2EwJGaDgZUOZMyIT4OXyHg,196129,4
A Very Backstreet Christmas,0DmM20iJ1NjdQSxGs6kCGt,2022-10-14,13,Same Old Lang Syne,5Tqb5vath8iY3fK9ekPaFt,4.4275166666666665,,0.543,0.38,11,-7.839,1,0.0257,0.824,0.0,0.114,0.366,104.973,audio_features,5Tqb5vath8iY3fK9ekPaFt,spotify:track:5Tqb5vath8iY3fK9ekPaFt,https://api.spotify.com/v1/tracks/5Tqb5vath8iY3fK9ekPaFt,https://api.spotify.com/v1/audio-analysis/5Tqb5vath8iY3fK9ekPaFt,265652,4
A Very Backstreet Christmas,0DmM20iJ1NjdQSxGs6kCGt,2022-10-14,13,Silent Night,25Msnt3hSdgOyd8xVQzoh1,2.7207,,0.29,0.269,3,-7.616,1,0.0271,0.73,0.0,0.134,0.188,100.069,audio_features,25Msnt3hSdgOyd8xVQzoh1,spotify:track:25Msnt3hSdgOyd8xVQzoh1,https://api.spotify.com/v1/tracks/25Msnt3hSdgOyd8xVQzoh1,https://api.spotify.com/v1/audio-analysis/25Msnt3hSdgOyd8xVQzoh1,163243,3
A Very Backstreet Christmas,0DmM20iJ1NjdQSxGs6kCGt,2022-10-14,13,I'll Be Home for Christmas,5TSfsmBq4tHmDhLl7Lta2r,3.096833333333333,,0.217,0.318,9,-10.093,0,0.0285,0.644,0.0,0.0916,0.212,179.72,audio_features,5TSfsmBq4tHmDhLl7Lta2r,spotify:track:5TSfsmBq4tHmDhLl7Lta2r,https://api.spotify.com/v1/tracks/5TSfsmBq4tHmDhLl7Lta2r,https://api.spotify.com/v1/audio-analysis/5TSfsmBq4tHmDhLl7Lta2r,185811,3
A Very Backstreet Christmas,0DmM20iJ1NjdQSxGs6kCGt,2022-10-14,13,Christmas in New York,3axLCXlw1dxiQQHeU6VlqO,4.556583333333333,,0.254,0.47,4,-7.944,1,0.0288,0.662,0.0,0.274,0.161,96.513,audio_features,3axLCXlw1dxiQQHeU6VlqO,spotify:track:3axLCXlw1dxiQQHeU6VlqO,https://api.spotify.com/v1/tracks/3axLCXlw1dxiQQHeU6VlqO,https://api.spotify.com/v1/audio-analysis/3axLCXlw1dxiQQHeU6VlqO,273395,3
A Very Backstreet Christmas,0DmM20iJ1NjdQSxGs6kCGt,2022-10-14,13,Together,5Kln1gB8FC2XZsd0CMQVyN,3.3844833333333333,,0.678,0.582,7,-5.87,1,0.0265,0.0871,0.0,0.163,0.303,90.998,audio_features,5Kln1gB8FC2XZsd0CMQVyN,spotify:track:5Kln1gB8FC2XZsd0CMQVyN,https://api.spotify.com/v1/tracks/5Kln1gB8FC2XZsd0CMQVyN,https://api.spotify.com/v1/audio-analysis/5Kln1gB8FC2XZsd0CMQVyN,203069,4
A Very Backstreet Christmas,0DmM20iJ1NjdQSxGs6kCGt,2022-10-14,13,Happy Days,6iIpGyZlAitYnJHR7laegC,3.328333333333333,,0.798,0.713,0,-5.747,0,0.0415,0.0249,0.0,0.191,0.914,119.892,audio_features,6iIpGyZlAitYnJHR7laegC,spotify:track:6iIpGyZlAitYnJHR7laegC,https://api.spotify.com/v1/tracks/6iIpGyZlAitYnJHR7laegC,https://api.spotify.com/v1/audio-analysis/6iIpGyZlAitYnJHR7laegC,199701,4
DNA,02FX4aLHDNacfV4bMnO9Kv,2019-01-25,12,Don't Go Breaking My Heart,1E3ghCAkxEdT5KHVBwArr3,3.5954,,0.643,0.703,0,-5.573,1,0.0913,0.0218,0.0,0.0964,0.246,95.041,audio_features,1E3ghCAkxEdT5KHVBwArr3,spotify:track:1E3ghCAkxEdT5KHVBwArr3,https://api.spotify.com/v1/tracks/1E3ghCAkxEdT5KHVBwArr3,https://api.spotify.com/v1/audio-analysis/1E3ghCAkxEdT5KHVBwArr3,215724,4
DNA,02FX4aLHDNacfV4bMnO9Kv,2019-01-25,12,Nobody Else,2iK6RzhARWY8A6YlYPYksZ,3.6471,,0.671,0.739,11,-5.051,1,0.0545,0.338,0.0,0.0632,0.43,131.973,audio_features,2iK6RzhARWY8A6YlYPYksZ,spotify:track:2iK6RzhARWY8A6YlYPYksZ,https://api.spotify.com/v1/tracks/2iK6RzhARWY8A6YlYPYksZ,https://api.spotify.com/v1/audio-analysis/2iK6RzhARWY8A6YlYPYksZ,218827,4
DNA,02FX4aLHDNacfV4bMnO9Kv,2019-01-25,12,Breathe,5QQKkakSDzALyAO0GmxzJ6,3.108216666666667,,0.442,0.363,4,-5.739,1,0.0271,0.566,0.0,0.109,0.325,84.88,audio_features,5QQKkakSDzALyAO0GmxzJ6,spotify:track:5QQKkakSDzALyAO0GmxzJ6,https://api.spotify.com/v1/tracks/5QQKkakSDzALyAO0GmxzJ6,https://api.spotify.com/v1/audio-analysis/5QQKkakSDzALyAO0GmxzJ6,186493,4
DNA,02FX4aLHDNacfV4bMnO9Kv,2019-01-25,12,New Love,5KFceiKcXDIXfGwv33fjWc,3.00155,,0.839,0.54,0,-6.814,1,0.0357,0.00786,2.75e-05,0.0589,0.718,119.981,audio_features,5KFceiKcXDIXfGwv33fjWc,spotify:track:5KFceiKcXDIXfGwv33fjWc,https://api.spotify.com/v1/tracks/5KFceiKcXDIXfGwv33fjWc,https://api.spotify.com/v1/audio-analysis/5KFceiKcXDIXfGwv33fjWc,180093,4
DNA,02FX4aLHDNacfV4bMnO9Kv,2019-01-25,12,Passionate,2TAZgy6a9ZL2jEFPvzN91i,3.72555,,0.778,0.644,7,-5.593,1,0.0495,0.0114,1.87e-05,0.0905,0.873,100.99,audio_features,2TAZgy6a9ZL2jEFPvzN91i,spotify:track:2TAZgy6a9ZL2jEFPvzN91i,https://api.spotify.com/v1/tracks/2TAZgy6a9ZL2jEFPvzN91i,https://api.spotify.com/v1/audio-analysis/2TAZgy6a9ZL2jEFPvzN91i,223533,4
DNA,02FX4aLHDNacfV4bMnO9Kv,2019-01-25,12,Is It Just Me,7dEztoOcmsafZLM2GSPbna,3.633333333333333,,0.514,0.539,8,-6.268,1,0.104,0.0815,0.0,0.147,0.57,125.369,audio_features,7dEztoOcmsafZLM2GSPbna,spotify:track:7dEztoOcmsafZLM2GSPbna,https://api.spotify.com/v1/tracks/7dEztoOcmsafZLM2GSPbna,https://api.spotify.com/v1/audio-analysis/7dEztoOcmsafZLM2GSPbna,218000,5
DNA,02FX4aLHDNacfV4bMnO9Kv,2019-01-25,12,Chances,1D0suElatoKurOqJBol7JV,2.8771,,0.552,0.755,11,-6.255,1,0.0679,0.0178,0.0,0.466,0.296,109.806,audio_features,1D0suElatoKurOqJBol7JV,spotify:track:1D0suElatoKurOqJBol7JV,https://api.spotify.com/v1/tracks/1D0suElatoKurOqJBol7JV,https://api.spotify.com/v1/audio-analysis/1D0suElatoKurOqJBol7JV,172627,4
DNA,02FX4aLHDNacfV4bMnO9Kv,2019-01-25,12,No Place,4sHjA9mrxPE5J58LkJyPDO,2.9957666666666665,,0.716,0.533,3,-5.44,1,0.0281,0.146,0.0,0.0913,0.509,91.997,audio_features,4sHjA9mrxPE5J58LkJyPDO,spotify:track:4sHjA9mrxPE5J58LkJyPDO,https://api.spotify.com/v1/tracks/4sHjA9mrxPE5J58LkJyPDO,https://api.spotify.com/v1/audio-analysis/4sHjA9mrxPE5J58LkJyPDO,179747,4
DNA,02FX4aLHDNacfV4bMnO9Kv,2019-01-25,12,Chateau,2yedRoI0ixMxQSyHE0q1Jq,3.1333333333333333,,0.682,0.512,1,-3.595,1,0.0688,0.264,0.0,0.106,0.51,77.996,audio_features,2yedRoI0ixMxQSyHE0q1Jq,spotify:track:2yedRoI0ixMxQSyHE0q1Jq,https://api.spotify.com/v1/tracks/2yedRoI0ixMxQSyHE0q1Jq,https://api.spotify.com/v1/audio-analysis/2yedRoI0ixMxQSyHE0q1Jq,188000,4
DNA,02FX4aLHDNacfV4bMnO9Kv,2019-01-25,12,The Way It Was,6xBmy4aV5qQvoeP8R9ned9,3.4382166666666665,,0.609,0.618,0,-4.584,1,0.0318,0.178,0.0,0.169,0.545,80.502,audio_features,6xBmy4aV5qQvoeP8R9ned9,spotify:track:6xBmy4aV5qQvoeP8R9ned9,https://api.spotify.com/v1/tracks/6xBmy4aV5qQvoeP8R9ned9,https://api.spotify.com/v1/audio-analysis/6xBmy4aV5qQvoeP8R9ned9,206293,3
DNA,02FX4aLHDNacfV4bMnO9Kv,2019-01-25,12,Just Like You Like It,6aiPCXgBPxlGvOQjyJaGrx,3.7006666666666663,,0.642,0.475,7,-5.461,1,0.0256,0.0409,0.0,0.0794,0.559,78.992,audio_features,6aiPCXgBPxlGvOQjyJaGrx,spotify:track:6aiPCXgBPxlGvOQjyJaGrx,https://api.spotify.com/v1/tracks/6aiPCXgBPxlGvOQjyJaGrx,https://api.spotify.com/v1/audio-analysis/6aiPCXgBPxlGvOQjyJaGrx,222040,4
DNA,02FX4aLHDNacfV4bMnO9Kv,2019-01-25,12,OK,4imGMWOcc7VPhFJV0HxW3R,2.5202166666666668,,0.791,0.5,6,-6.155,1,0.0908,0.431,0.0,0.291,0.629,127.824,audio_features,4imGMWOcc7VPhFJV0HxW3R,spotify:track:4imGMWOcc7VPhFJV0HxW3R,https://api.spotify.com/v1/tracks/4imGMWOcc7VPhFJV0HxW3R,https://api.spotify.com/v1/audio-analysis/4imGMWOcc7VPhFJV0HxW3R,151213,4
In a World Like This (Deluxe World Tour Edition),7GvnIbjZfr09O1aV5ihPHm,2014-04-15,18,In a World Like This,7I5jMxefz1EzXENJnnFc0e,3.6702666666666666,,0.605,0.858,7,-3.982,1,0.0303,0.00688,0.0,0.344,0.555,125.048,audio_features,7I5jMxefz1EzXENJnnFc0e,spotify:track:7I5jMxefz1EzXENJnnFc0e,https://api.spotify.com/v1/tracks/7I5jMxefz1EzXENJnnFc0e,https://api.spotify.com/v1/audio-analysis/7I5jMxefz1EzXENJnnFc0e,220217,4
In a World Like This (Deluxe World Tour Edition),7GvnIbjZfr09O1aV5ihPHm,2014-04-15,18,Permanent Stain,46RNYIiPCXNROk4EvcLypL,3.9295,,0.516,0.949,11,-5.247,1,0.125,0.00867,0.0,0.151,0.338,137.949,audio_features,46RNYIiPCXNROk4EvcLypL,spotify:track:46RNYIiPCXNROk4EvcLypL,https://api.spotify.com/v1/tracks/46RNYIiPCXNROk4EvcLypL,https://api.spotify.com/v1/audio-analysis/46RNYIiPCXNROk4EvcLypL,235771,4
In a World Like This (Deluxe World Tour Edition),7GvnIbjZfr09O1aV5ihPHm,2014-04-15,18,Breathe,63vxaoz117HutcRhAv8BH2,3.8456166666666665,,0.635,0.628,7,-5.862,1,0.0255,0.00143,2.98e-05,0.177,0.407,105.973,audio_features,63vxaoz117HutcRhAv8BH2,spotify:track:63vxaoz117HutcRhAv8BH2,https://api.spotify.com/v1/tracks/63vxaoz117HutcRhAv8BH2,https://api.spotify.com/v1/audio-analysis/63vxaoz117HutcRhAv8BH2,230737,4
In a World Like This (Deluxe World Tour Edition),7GvnIbjZfr09O1aV5ihPHm,2014-04-15,18,Madeleine,4yhl49NsUf6La8Y2lymTox,4.0846,,0.733,0.534,9,-8.099,1,0.0355,0.612,0.0,0.333,0.612,125.902,audio_features,4yhl49NsUf6La8Y2lymTox,spotify:track:4yhl49NsUf6La8Y2lymTox,https://api.spotify.com/v1/tracks/4yhl49NsUf6La8Y2lymTox,https://api.spotify.com/v1/audio-analysis/4yhl49NsUf6La8Y2lymTox,245077,4
In a World Like This (Deluxe World Tour Edition),7GvnIbjZfr09O1aV5ihPHm,2014-04-15,18,Show 'Em (What You're Made Of),1NVcisP4rPqMwCwkhpZpEA,3.74885,,0.472,0.835,3,-5.12,1,0.0513,0.207,3.86e-06,0.279,0.698,152.072,audio_features,1NVcisP4rPqMwCwkhpZpEA,spotify:track:1NVcisP4rPqMwCwkhpZpEA,https://api.spotify.com/v1/tracks/1NVcisP4rPqMwCwkhpZpEA,https://api.spotify.com/v1/audio-analysis/1NVcisP4rPqMwCwkhpZpEA,224931,4
In a World Like This (Deluxe World Tour Edition),7GvnIbjZfr09O1aV5ihPHm,2014-04-15,18,Make Believe,1xw5Wh3wI1OMa6UyKFjYGT,4.776833333333333,,0.572,0.845,1,-5.036,1,0.0301,0.0617,0.0,0.137,0.446,129.994,audio_features,1xw5Wh3wI1OMa6UyKFjYGT,spotify:track:1xw5Wh3wI1OMa6UyKFjYGT,https://api.spotify.com/v1/tracks/1xw5Wh3wI1OMa6UyKFjYGT,https://api.spotify.com/v1/audio-analysis/1xw5Wh3wI1OMa6UyKFjYGT,286610,4
In a World Like This (Deluxe World Tour Edition),7GvnIbjZfr09O1aV5ihPHm,2014-04-15,18,Try,5yFqPlfOkCPnEcIjWjeKMW,3.366283333333333,,0.704,0.512,0,-6.269,1,0.0281,0.131,0.0,0.12,0.53,88.045,audio_features,5yFqPlfOkCPnEcIjWjeKMW,spotify:track:5yFqPlfOkCPnEcIjWjeKMW,https://api.spotify.com/v1/tracks/5yFqPlfOkCPnEcIjWjeKMW,https://api.spotify.com/v1/audio-analysis/5yFqPlfOkCPnEcIjWjeKMW,201977,4
In a World Like This (Deluxe World Tour Edition),7GvnIbjZfr09O1aV5ihPHm,2014-04-15,18,Trust Me,5RwambyflIye7SVBROQE3a,3.78555,,0.545,0.688,7,-6.119,1,0.0857,0.0205,0.0,0.0795,0.462,172.402,audio_features,5RwambyflIye7SVBROQE3a,spotify:track:5RwambyflIye7SVBROQE3a,https://api.spotify.com/v1/tracks/5RwambyflIye7SVBROQE3a,https://api.spotify.com/v1/audio-analysis/5RwambyflIye7SVBROQE3a,227134,4
In a World Like This (Deluxe World Tour Edition),7GvnIbjZfr09O1aV5ihPHm,2014-04-15,18,Love Somebody,4sHZ64NhkC0qDmU8q5E61g,3.4297833333333334,,0.577,0.85,11,-3.932,1,0.0568,0.00454,0.0,0.124,0.561,127.993,audio_features,4sHZ64NhkC0qDmU8q5E61g,spotify:track:4sHZ64NhkC0qDmU8q5E61g,https://api.spotify.com/v1/tracks/4sHZ64NhkC0qDmU8q5E61g,https://api.spotify.com/v1/audio-analysis/4sHZ64NhkC0qDmU8q5E61g,205788,4
In a World Like This (Deluxe World Tour Edition),7GvnIbjZfr09O1aV5ihPHm,2014-04-15,18,One Phone Call,2Qra0b0F7qfSPwdcqk6O6L,3.865066666666667,,0.622,0.762,5,-5.578,1,0.0384,0.0219,0.0,0.0809,0.645,107.983,audio_features,2Qra0b0F7qfSPwdcqk6O6L,spotify:track:2Qra0b0F7qfSPwdcqk6O6L,https://api.spotify.com/v1/tracks/2Qra0b0F7qfSPwdcqk6O6L,https://api.spotify.com/v1/audio-analysis/2Qra0b0F7qfSPwdcqk6O6L,231905,4
In a World Like This (Deluxe World Tour Edition),7GvnIbjZfr09O1aV5ihPHm,2014-04-15,18,Feels Like Home,784jRxygPdKwqz9UKquumF,3.4341833333333334,,0.685,0.814,2,-5.227,1,0.0314,0.0278,0.0,0.0998,0.748,112.008,audio_features,784jRxygPdKwqz9UKquumF,spotify:track:784jRxygPdKwqz9UKquumF,https://api.spotify.com/v1/tracks/784jRxygPdKwqz9UKquumF,https://api.spotify.com/v1/audio-analysis/784jRxygPdKwqz9UKquumF,206052,4
In a World Like This (Deluxe World Tour Edition),7GvnIbjZfr09O1aV5ihPHm,2014-04-15,18,Soldier,3Hjjmvz6x9SzUGwrRhjDe3,3.8910666666666662,,0.7,0.72,2,-4.372,1,0.0363,0.0919,0.0,0.33,0.647,114.979,audio_features,3Hjjmvz6x9SzUGwrRhjDe3,spotify:track:3Hjjmvz6x9SzUGwrRhjDe3,https://api.spotify.com/v1/tracks/3Hjjmvz6x9SzUGwrRhjDe3,https://api.spotify.com/v1/audio-analysis/3Hjjmvz6x9SzUGwrRhjDe3,233464,4
In a World Like This (Deluxe World Tour Edition),7GvnIbjZfr09O1aV5ihPHm,2014-04-15,18,In a World Like This (Live in Japan),1EZ1fORoE7gMb2dU2pm5Qq,3.878933333333333,,0.528,0.835,7,-5.863,1,0.0384,0.00013,0.000207,0.923,0.542,125.02,audio_features,1EZ1fORoE7gMb2dU2pm5Qq,spotify:track:1EZ1fORoE7gMb2dU2pm5Qq,https://api.spotify.com/v1/tracks/1EZ1fORoE7gMb2dU2pm5Qq,https://api.spotify.com/v1/audio-analysis/1EZ1fORoE7gMb2dU2pm5Qq,232736,4
In a World Like This (Deluxe World Tour Edition),7GvnIbjZfr09O1aV5ihPHm,2014-04-15,18,Show 'Em (What You're Made Of) (Live in Japan),3zlmsXzUF1FHf6onGqRmv6,4.204083333333333,,0.403,0.694,3,-7.475,1,0.0433,0.0295,0.000245,0.359,0.497,151.841,audio_features,3zlmsXzUF1FHf6onGqRmv6,spotify:track:3zlmsXzUF1FHf6onGqRmv6,https://api.spotify.com/v1/tracks/3zlmsXzUF1FHf6onGqRmv6,https://api.spotify.com/v1/audio-analysis/3zlmsXzUF1FHf6onGqRmv6,252245,4
In a World Like This (Deluxe World Tour Edition),7GvnIbjZfr09O1aV5ihPHm,2014-04-15,18,Show Me The Meaning of Being Lonely (Live in Japan),2FU2YSJ2MNiRTJPJNUAVmV,3.9964333333333335,,0.426,0.689,6,-5.736,0,0.0346,0.0233,0.0,0.775,0.461,168.274,audio_features,2FU2YSJ2MNiRTJPJNUAVmV,spotify:track:2FU2YSJ2MNiRTJPJNUAVmV,https://api.spotify.com/v1/tracks/2FU2YSJ2MNiRTJPJNUAVmV,https://api.spotify.com/v1/audio-analysis/2FU2YSJ2MNiRTJPJNUAVmV,239787,4
In a World Like This (Deluxe World Tour Edition),7GvnIbjZfr09O1aV5ihPHm,2014-04-15,18,Love Somebody (Live in Japan),33nCDa073HMAeUucWJ8aoz,3.9303,,0.582,0.872,11,-6.958,1,0.0726,0.00202,0.00142,0.51,0.519,127.991,audio_features,33nCDa073HMAeUucWJ8aoz,spotify:track:33nCDa073HMAeUucWJ8aoz,https://api.spotify.com/v1/tracks/33nCDa073HMAeUucWJ8aoz,https://api.spotify.com/v1/audio-analysis/33nCDa073HMAeUucWJ8aoz,235819,4
In a World Like This (Deluxe World Tour Edition),7GvnIbjZfr09O1aV5ihPHm,2014-04-15,18,The One (Live in Japan),3GYPeavU7g4JdqjvCSiTQ4,3.72195,,0.595,0.872,5,-6.791,0,0.0605,0.0033,1.67e-06,0.838,0.44,113.979,audio_features,3GYPeavU7g4JdqjvCSiTQ4,spotify:track:3GYPeavU7g4JdqjvCSiTQ4,https://api.spotify.com/v1/tracks/3GYPeavU7g4JdqjvCSiTQ4,https://api.spotify.com/v1/audio-analysis/3GYPeavU7g4JdqjvCSiTQ4,223317,4
In a World Like This (Deluxe World Tour Edition),7GvnIbjZfr09O1aV5ihPHm,2014-04-15,18,Breathe (Live in Japan),4cDSORG4drWQ2RIdTsD3kP,3.9082666666666666,,0.575,0.544,7,-7.564,1,0.0268,0.000101,0.00589,0.839,0.184,105.985,audio_features,4cDSORG4drWQ2RIdTsD3kP,spotify:track:4cDSORG4drWQ2RIdTsD3kP,https://api.spotify.com/v1/tracks/4cDSORG4drWQ2RIdTsD3kP,https://api.spotify.com/v1/audio-analysis/4cDSORG4drWQ2RIdTsD3kP,234496,4
In a World Like This (Remixes),037t7MAOKh2DHbf7ltfWUy,2013-10-29,6,In a World Like This,3X9hOImqcSfPcKdIfoyVOa,3.6702666666666666,,0.605,0.858,7,-3.982,1,0.0303,0.00688,0.0,0.344,0.556,125.048,audio_features,3X9hOImqcSfPcKdIfoyVOa,spotify:track:3X9hOImqcSfPcKdIfoyVOa,https://api.spotify.com/v1/tracks/3X9hOImqcSfPcKdIfoyVOa,https://api.spotify.com/v1/audio-analysis/3X9hOImqcSfPcKdIfoyVOa,220217,4
In a World Like This (Remixes),037t7MAOKh2DHbf7ltfWUy,2013-10-29,6,In a World Like This (Manhattan Clique Club Mix),6JkOxdTv1tJCN5l7FiIRau,5.9636,,0.663,0.847,4,-4.562,0,0.0444,0.00288,2.08e-06,0.166,0.42,128.006,audio_features,6JkOxdTv1tJCN5l7FiIRau,spotify:track:6JkOxdTv1tJCN5l7FiIRau,https://api.spotify.com/v1/tracks/6JkOxdTv1tJCN5l7FiIRau,https://api.spotify.com/v1/audio-analysis/6JkOxdTv1tJCN5l7FiIRau,357817,4
In a World Like This (Remixes),037t7MAOKh2DHbf7ltfWUy,2013-10-29,6,In a World Like This (Adam Rickfors Remix),5CTTDE81KFyXzGra78WiRr,6.326666666666667,,0.514,0.64,7,-7.616,1,0.0649,0.00158,1.82e-06,0.442,0.186,128.046,audio_features,5CTTDE81KFyXzGra78WiRr,spotify:track:5CTTDE81KFyXzGra78WiRr,https://api.spotify.com/v1/tracks/5CTTDE81KFyXzGra78WiRr,https://api.spotify.com/v1/audio-analysis/5CTTDE81KFyXzGra78WiRr,379600,4
In a World Like This (Remixes),037t7MAOKh2DHbf7ltfWUy,2013-10-29,6,In a World Like This (Varun Remix),5qV29Wbtqi3wBO2s0MI419,5.0,,0.67,0.98,11,-1.098,0,0.0886,0.00112,0.389,0.0942,0.11,128.024,audio_features,5qV29Wbtqi3wBO2s0MI419,spotify:track:5qV29Wbtqi3wBO2s0MI419,https://api.spotify.com/v1/tracks/5qV29Wbtqi3wBO2s0MI419,https://api.spotify.com/v1/audio-analysis/5qV29Wbtqi3wBO2s0MI419,300000,4
In a World Like This (Remixes),037t7MAOKh2DHbf7ltfWUy,2013-10-29,6,In a World Like This (Drezo Remix),0YqjJ7ok5XaUOrUWNuv3s6,6.710933333333333,,0.714,0.676,7,-6.588,1,0.0437,0.0143,0.485,0.779,0.325,128.002,audio_features,0YqjJ7ok5XaUOrUWNuv3s6,spotify:track:0YqjJ7ok5XaUOrUWNuv3s6,https://api.spotify.com/v1/tracks/0YqjJ7ok5XaUOrUWNuv3s6,https://api.spotify.com/v1/audio-analysis/0YqjJ7ok5XaUOrUWNuv3s6,402656,4
In a World Like This (Remixes),037t7MAOKh2DHbf7ltfWUy,2013-10-29,6,In a World Like This (DJ Lynnwood Remix),0geEUoPJ3wZZB6G6D65yJc,6.31445,,0.811,0.652,2,-6.309,1,0.0366,0.000281,0.0117,0.357,0.0727,128.001,audio_features,0geEUoPJ3wZZB6G6D65yJc,spotify:track:0geEUoPJ3wZZB6G6D65yJc,https://api.spotify.com/v1/tracks/0geEUoPJ3wZZB6G6D65yJc,https://api.spotify.com/v1/audio-analysis/0geEUoPJ3wZZB6G6D65yJc,378867,4
In a World Like This,5UVuMxqcAOWNbHA7F6oTx1,2013-07-30,12,In a World Like This,0aOY0Q047mhHJy9mBRCf8c,3.6702666666666666,,0.605,0.858,7,-3.982,1,0.0303,0.00688,0.0,0.344,0.556,125.048,audio_features,0aOY0Q047mhHJy9mBRCf8c,spotify:track:0aOY0Q047mhHJy9mBRCf8c,https://api.spotify.com/v1/tracks/0aOY0Q047mhHJy9mBRCf8c,https://api.spotify.com/v1/audio-analysis/0aOY0Q047mhHJy9mBRCf8c,220217,4
In a World Like This,5UVuMxqcAOWNbHA7F6oTx1,2013-07-30,12,Permanent Stain,0hIOzcWFlRTEvDVvsnszdw,3.9295,,0.516,0.949,11,-5.247,1,0.125,0.00867,0.0,0.151,0.337,137.949,audio_features,0hIOzcWFlRTEvDVvsnszdw,spotify:track:0hIOzcWFlRTEvDVvsnszdw,https://api.spotify.com/v1/tracks/0hIOzcWFlRTEvDVvsnszdw,https://api.spotify.com/v1/audio-analysis/0hIOzcWFlRTEvDVvsnszdw,235771,4
In a World Like This,5UVuMxqcAOWNbHA7F6oTx1,2013-07-30,12,Breathe,5l2Umj2nI73rKCgOqPjyQK,3.8456166666666665,,0.634,0.627,7,-5.862,1,0.0255,0.00145,3.08e-05,0.177,0.406,105.973,audio_features,5l2Umj2nI73rKCgOqPjyQK,spotify:track:5l2Umj2nI73rKCgOqPjyQK,https://api.spotify.com/v1/tracks/5l2Umj2nI73rKCgOqPjyQK,https://api.spotify.com/v1/audio-analysis/5l2Umj2nI73rKCgOqPjyQK,230737,4
In a World Like This,5UVuMxqcAOWNbHA7F6oTx1,2013-07-30,12,Madeleine,6FCvhmXVRJ4ONL8R3hK9a4,4.0846,,0.735,0.534,9,-8.099,1,0.0345,0.612,0.0,0.333,0.615,125.944,audio_features,6FCvhmXVRJ4ONL8R3hK9a4,spotify:track:6FCvhmXVRJ4ONL8R3hK9a4,https://api.spotify.com/v1/tracks/6FCvhmXVRJ4ONL8R3hK9a4,https://api.spotify.com/v1/audio-analysis/6FCvhmXVRJ4ONL8R3hK9a4,245077,4
In a World Like This,5UVuMxqcAOWNbHA7F6oTx1,2013-07-30,12,Show 'Em (What You're Made Of),7b0eFo39PmtSKyXAjaHlPM,3.74885,,0.472,0.835,3,-5.12,1,0.0513,0.209,3.82e-06,0.279,0.699,152.07,audio_features,7b0eFo39PmtSKyXAjaHlPM,spotify:track:7b0eFo39PmtSKyXAjaHlPM,https://api.spotify.com/v1/tracks/7b0eFo39PmtSKyXAjaHlPM,https://api.spotify.com/v1/audio-analysis/7b0eFo39PmtSKyXAjaHlPM,224931,4
In a World Like This,5UVuMxqcAOWNbHA7F6oTx1,2013-07-30,12,Make Believe,1lffwg6w8YL4gLVCHtIa7l,4.776833333333333,,0.574,0.847,1,-5.036,1,0.0304,0.0621,0.0,0.137,0.453,130.001,audio_features,1lffwg6w8YL4gLVCHtIa7l,spotify:track:1lffwg6w8YL4gLVCHtIa7l,https://api.spotify.com/v1/tracks/1lffwg6w8YL4gLVCHtIa7l,https://api.spotify.com/v1/audio-analysis/1lffwg6w8YL4gLVCHtIa7l,286610,4
In a World Like This,5UVuMxqcAOWNbHA7F6oTx1,2013-07-30,12,Try,2u9UPfhwa0qxZ7obqQJ7Px,3.366283333333333,,0.704,0.511,0,-6.269,1,0.0281,0.131,0.0,0.12,0.531,88.045,audio_features,2u9UPfhwa0qxZ7obqQJ7Px,spotify:track:2u9UPfhwa0qxZ7obqQJ7Px,https://api.spotify.com/v1/tracks/2u9UPfhwa0qxZ7obqQJ7Px,https://api.spotify.com/v1/audio-analysis/2u9UPfhwa0qxZ7obqQJ7Px,201977,4
In a World Like This,5UVuMxqcAOWNbHA7F6oTx1,2013-07-30,12,Trust Me,5ngIkrcCl6niwbGwG7aJ3s,3.78555,,0.544,0.687,7,-6.119,1,0.0849,0.0205,0.0,0.0795,0.463,171.997,audio_features,5ngIkrcCl6niwbGwG7aJ3s,spotify:track:5ngIkrcCl6niwbGwG7aJ3s,https://api.spotify.com/v1/tracks/5ngIkrcCl6niwbGwG7aJ3s,https://api.spotify.com/v1/audio-analysis/5ngIkrcCl6niwbGwG7aJ3s,227134,4
In a World Like This,5UVuMxqcAOWNbHA7F6oTx1,2013-07-30,12,Love Somebody,0PpnSA1N9MiJMFOJhHFsQ9,3.4297833333333334,,0.575,0.85,11,-3.932,1,0.0567,0.00454,0.0,0.124,0.561,127.993,audio_features,0PpnSA1N9MiJMFOJhHFsQ9,spotify:track:0PpnSA1N9MiJMFOJhHFsQ9,https://api.spotify.com/v1/tracks/0PpnSA1N9MiJMFOJhHFsQ9,https://api.spotify.com/v1/audio-analysis/0PpnSA1N9MiJMFOJhHFsQ9,205788,4
In a World Like This,5UVuMxqcAOWNbHA7F6oTx1,2013-07-30,12,One Phone Call,6lIrCVv1MKF4K4R3OaZZRq,3.865066666666667,,0.621,0.762,5,-5.578,1,0.0384,0.0219,0.0,0.0809,0.645,107.983,audio_features,6lIrCVv1MKF4K4R3OaZZRq,spotify:track:6lIrCVv1MKF4K4R3OaZZRq,https://api.spotify.com/v1/tracks/6lIrCVv1MKF4K4R3OaZZRq,https://api.spotify.com/v1/audio-analysis/6lIrCVv1MKF4K4R3OaZZRq,231905,4
In a World Like This,5UVuMxqcAOWNbHA7F6oTx1,2013-07-30,12,Feels Like Home,12iAtziLBQkl3RZzr9iBdD,3.4341833333333334,,0.685,0.814,2,-5.227,1,0.0314,0.0278,0.0,0.0998,0.748,112.008,audio_features,12iAtziLBQkl3RZzr9iBdD,spotify:track:12iAtziLBQkl3RZzr9iBdD,https://api.spotify.com/v1/tracks/12iAtziLBQkl3RZzr9iBdD,https://api.spotify.com/v1/audio-analysis/12iAtziLBQkl3RZzr9iBdD,206052,4
In a World Like This,5UVuMxqcAOWNbHA7F6oTx1,2013-07-30,12,Soldier,58GNRiK4eQ2iO90bdsJDmK,3.8910666666666662,,0.7,0.72,2,-4.372,1,0.0363,0.0919,0.0,0.33,0.646,114.977,audio_features,58GNRiK4eQ2iO90bdsJDmK,spotify:track:58GNRiK4eQ2iO90bdsJDmK,https://api.spotify.com/v1/tracks/58GNRiK4eQ2iO90bdsJDmK,https://api.spotify.com/v1/audio-analysis/58GNRiK4eQ2iO90bdsJDmK,233464,4
NKOTBSB,5Zwuaan4RIS108lyMEYYmw,2011-05-24,13,Step by Step,2Yov2p6U1bBzm4Rp3wUJ4H,4.476216666666667,,0.778,0.851,0,-2.928,1,0.0509,0.0129,3.36e-06,0.0957,0.772,125.338,audio_features,2Yov2p6U1bBzm4Rp3wUJ4H,spotify:track:2Yov2p6U1bBzm4Rp3wUJ4H,https://api.spotify.com/v1/tracks/2Yov2p6U1bBzm4Rp3wUJ4H,https://api.spotify.com/v1/audio-analysis/2Yov2p6U1bBzm4Rp3wUJ4H,268573,4
NKOTBSB,5Zwuaan4RIS108lyMEYYmw,2011-05-24,13,I Want It That Way,2KMwtsWwL5QDtSpm814tju,3.55755,,0.666,0.777,6,-4.125,0,0.0271,0.16,0.0,0.18,0.474,99.033,audio_features,2KMwtsWwL5QDtSpm814tju,spotify:track:2KMwtsWwL5QDtSpm814tju,https://api.spotify.com/v1/tracks/2KMwtsWwL5QDtSpm814tju,https://api.spotify.com/v1/audio-analysis/2KMwtsWwL5QDtSpm814tju,213453,4
NKOTBSB,5Zwuaan4RIS108lyMEYYmw,2011-05-24,13,You Got It (The Right Stuff),50vs7ckrWFbamxtbDc9c6v,4.184,,0.769,0.799,0,-3.917,0,0.076,0.00409,3.6e-06,0.0443,0.86,111.498,audio_features,50vs7ckrWFbamxtbDc9c6v,spotify:track:50vs7ckrWFbamxtbDc9c6v,https://api.spotify.com/v1/tracks/50vs7ckrWFbamxtbDc9c6v,https://api.spotify.com/v1/audio-analysis/50vs7ckrWFbamxtbDc9c6v,251040,4
NKOTBSB,5Zwuaan4RIS108lyMEYYmw,2011-05-24,13,Everybody (Backstreet's Back) - Extended Version,0JTFBBGOr3hxLNV3OBiDFm,4.767766666666667,,0.762,0.85,10,-3.533,0,0.0374,0.00375,0.000102,0.15,0.473,108.055,audio_features,0JTFBBGOr3hxLNV3OBiDFm,spotify:track:0JTFBBGOr3hxLNV3OBiDFm,https://api.spotify.com/v1/tracks/0JTFBBGOr3hxLNV3OBiDFm,https://api.spotify.com/v1/audio-analysis/0JTFBBGOr3hxLNV3OBiDFm,286067,4
NKOTBSB,5Zwuaan4RIS108lyMEYYmw,2011-05-24,13,Please Don't Go Girl - Single Version,4yZpTx27mKelvCsqUzWYDw,4.174,,0.661,0.684,3,-4.828,1,0.0358,0.058,3.7e-05,0.0617,0.596,151.43,audio_features,4yZpTx27mKelvCsqUzWYDw,spotify:track:4yZpTx27mKelvCsqUzWYDw,https://api.spotify.com/v1/tracks/4yZpTx27mKelvCsqUzWYDw,https://api.spotify.com/v1/audio-analysis/4yZpTx27mKelvCsqUzWYDw,250440,4
NKOTBSB,5Zwuaan4RIS108lyMEYYmw,2011-05-24,13,As Long as You Love Me,7wFH1msd9BVQMc8SJXqEmf,3.558666666666667,,0.748,0.873,0,-3.573,1,0.0277,0.162,0.0,0.134,0.795,98.218,audio_features,7wFH1msd9BVQMc8SJXqEmf,spotify:track:7wFH1msd9BVQMc8SJXqEmf,https://api.spotify.com/v1/tracks/7wFH1msd9BVQMc8SJXqEmf,https://api.spotify.com/v1/audio-analysis/7wFH1msd9BVQMc8SJXqEmf,213520,4
NKOTBSB,5Zwuaan4RIS108lyMEYYmw,2011-05-24,13,"Hangin' Tough - 7"" Remix",5fLNSn0KurYAS8O1gyiSkL,3.8197666666666663,,0.733,0.822,6,-3.101,1,0.0484,0.0208,0.000179,0.312,0.629,91.654,audio_features,5fLNSn0KurYAS8O1gyiSkL,spotify:track:5fLNSn0KurYAS8O1gyiSkL,https://api.spotify.com/v1/tracks/5fLNSn0KurYAS8O1gyiSkL,https://api.spotify.com/v1/audio-analysis/5fLNSn0KurYAS8O1gyiSkL,229187,4
NKOTBSB,5Zwuaan4RIS108lyMEYYmw,2011-05-24,13,Larger Than Life,0ghgrEgo7lPjPPqBI2gkR5,3.89755,,0.624,0.976,10,-2.422,1,0.036,0.102,1.88e-05,0.492,0.756,108.051,audio_features,0ghgrEgo7lPjPPqBI2gkR5,spotify:track:0ghgrEgo7lPjPPqBI2gkR5,https://api.spotify.com/v1/tracks/0ghgrEgo7lPjPPqBI2gkR5,https://api.spotify.com/v1/audio-analysis/0ghgrEgo7lPjPPqBI2gkR5,233853,4
NKOTBSB,5Zwuaan4RIS108lyMEYYmw,2011-05-24,13,I'll Be Loving You (Forever),2U0RwqvTI5N7SCRfK0VTvc,4.4268833333333335,,0.585,0.564,11,-6.939,1,0.0259,0.222,0.0,0.0846,0.283,134.662,audio_features,2U0RwqvTI5N7SCRfK0VTvc,spotify:track:2U0RwqvTI5N7SCRfK0VTvc,https://api.spotify.com/v1/tracks/2U0RwqvTI5N7SCRfK0VTvc,https://api.spotify.com/v1/audio-analysis/2U0RwqvTI5N7SCRfK0VTvc,265613,4
NKOTBSB,5Zwuaan4RIS108lyMEYYmw,2011-05-24,13,Quit Playing Games (With My Heart),7dkT9eSgqDxFUs6SrRvibz,3.874433333333333,,0.787,0.892,11,-3.266,0,0.0332,0.0718,0.0,0.224,0.907,100.035,audio_features,7dkT9eSgqDxFUs6SrRvibz,spotify:track:7dkT9eSgqDxFUs6SrRvibz,https://api.spotify.com/v1/tracks/7dkT9eSgqDxFUs6SrRvibz,https://api.spotify.com/v1/audio-analysis/7dkT9eSgqDxFUs6SrRvibz,232467,4
NKOTBSB,5Zwuaan4RIS108lyMEYYmw,2011-05-24,13,All In My Head,5xZCqoipw4c2mjeGPSmroo,3.9142166666666665,,0.49,0.608,11,-7.132,1,0.115,0.44,0.0,0.243,0.473,149.428,audio_features,5xZCqoipw4c2mjeGPSmroo,spotify:track:5xZCqoipw4c2mjeGPSmroo,https://api.spotify.com/v1/tracks/5xZCqoipw4c2mjeGPSmroo,https://api.spotify.com/v1/audio-analysis/5xZCqoipw4c2mjeGPSmroo,234853,4
NKOTBSB,5Zwuaan4RIS108lyMEYYmw,2011-05-24,13,Don't Turn Out the Lights,1b0BIQ6lFjMGJarETq4Ue5,3.5166666666666666,,0.715,0.737,1,-4.212,0,0.0303,0.0127,0.0,0.106,0.573,114.028,audio_features,1b0BIQ6lFjMGJarETq4Ue5,spotify:track:1b0BIQ6lFjMGJarETq4Ue5,https://api.spotify.com/v1/tracks/1b0BIQ6lFjMGJarETq4Ue5,https://api.spotify.com/v1/audio-analysis/1b0BIQ6lFjMGJarETq4Ue5,211000,4
NKOTBSB,5Zwuaan4RIS108lyMEYYmw,2011-05-24,13,NKOTBSB Mash Up - Mash Up,2DleJ8ikCsUeombQ1DJox9,6.628433333333334,,0.482,0.701,9,-5.165,1,0.121,0.0744,0.0,0.34,0.399,115.979,audio_features,2DleJ8ikCsUeombQ1DJox9,spotify:track:2DleJ8ikCsUeombQ1DJox9,https://api.spotify.com/v1/tracks/2DleJ8ikCsUeombQ1DJox9,https://api.spotify.com/v1/audio-analysis/2DleJ8ikCsUeombQ1DJox9,397707,4
This Is Us,08wSk6XJ7365lO47E1278L,2009-10-06,11,Straight Through My Heart,20FmYYqoQNKX3VwULnG2VS,3.4546666666666668,,0.634,0.836,0,-4.601,0,0.0289,0.0396,0.0,0.113,0.587,124.006,audio_features,20FmYYqoQNKX3VwULnG2VS,spotify:track:20FmYYqoQNKX3VwULnG2VS,https://api.spotify.com/v1/tracks/20FmYYqoQNKX3VwULnG2VS,https://api.spotify.com/v1/audio-analysis/20FmYYqoQNKX3VwULnG2VS,207280,4
This Is Us,08wSk6XJ7365lO47E1278L,2009-10-06,11,Bigger,2DTBXyVq5YqQUB26nP0AKc,3.266,,0.529,0.748,0,-6.108,1,0.0265,0.0226,0.0,0.265,0.298,105.49,audio_features,2DTBXyVq5YqQUB26nP0AKc,spotify:track:2DTBXyVq5YqQUB26nP0AKc,https://api.spotify.com/v1/tracks/2DTBXyVq5YqQUB26nP0AKc,https://api.spotify.com/v1/audio-analysis/2DTBXyVq5YqQUB26nP0AKc,195960,4
This Is Us,08wSk6XJ7365lO47E1278L,2009-10-06,11,Bye Bye Love,66QXyC4ndlpuEiTVB3VLUF,4.341333333333333,,0.762,0.691,6,-3.761,0,0.033,0.0556,0.0,0.242,0.713,126.978,audio_features,66QXyC4ndlpuEiTVB3VLUF,spotify:track:66QXyC4ndlpuEiTVB3VLUF,https://api.spotify.com/v1/tracks/66QXyC4ndlpuEiTVB3VLUF,https://api.spotify.com/v1/audio-analysis/66QXyC4ndlpuEiTVB3VLUF,260480,4
This Is Us,08wSk6XJ7365lO47E1278L,2009-10-06,11,All of Your Life (You Need Love),03HycZUV9vzoo4XrbgCzsj,3.9228833333333335,,0.666,0.821,0,-5.038,1,0.0251,0.00386,0.0,0.185,0.582,130.954,audio_features,03HycZUV9vzoo4XrbgCzsj,spotify:track:03HycZUV9vzoo4XrbgCzsj,https://api.spotify.com/v1/tracks/03HycZUV9vzoo4XrbgCzsj,https://api.spotify.com/v1/audio-analysis/03HycZUV9vzoo4XrbgCzsj,235373,4
This Is Us,08wSk6XJ7365lO47E1278L,2009-10-06,11,If I Knew Then,4dP90SAmFzv9hjyaqgVVDG,3.2764333333333333,,0.757,0.827,0,-4.287,1,0.045,0.0268,0.0,0.184,0.837,144.931,audio_features,4dP90SAmFzv9hjyaqgVVDG,spotify:track:4dP90SAmFzv9hjyaqgVVDG,https://api.spotify.com/v1/tracks/4dP90SAmFzv9hjyaqgVVDG,https://api.spotify.com/v1/audio-analysis/4dP90SAmFzv9hjyaqgVVDG,196587,4
This Is Us,08wSk6XJ7365lO47E1278L,2009-10-06,11,This Is Us,4eFiL1kZWXqacJhdhrsONv,3.052666666666666,,0.595,0.675,0,-6.696,1,0.035,0.0879,0.0,0.12,0.411,134.08,audio_features,4eFiL1kZWXqacJhdhrsONv,spotify:track:4eFiL1kZWXqacJhdhrsONv,https://api.spotify.com/v1/tracks/4eFiL1kZWXqacJhdhrsONv,https://api.spotify.com/v1/audio-analysis/4eFiL1kZWXqacJhdhrsONv,183160,4
This Is Us,08wSk6XJ7365lO47E1278L,2009-10-06,11,PDA,5t8OBe3jR3yQ7CQWusiFOx,3.806666666666666,,0.798,0.84,6,-6.559,0,0.0879,0.00518,0.0,0.142,0.867,122.958,audio_features,5t8OBe3jR3yQ7CQWusiFOx,spotify:track:5t8OBe3jR3yQ7CQWusiFOx,https://api.spotify.com/v1/tracks/5t8OBe3jR3yQ7CQWusiFOx,https://api.spotify.com/v1/audio-analysis/5t8OBe3jR3yQ7CQWusiFOx,228400,4
This Is Us,08wSk6XJ7365lO47E1278L,2009-10-06,11,Masquerade,6h2WKGC3cXXm58BsY77MMO,3.0624333333333333,,0.71,0.844,7,-4.766,0,0.0296,0.0117,0.0,0.338,0.826,123.998,audio_features,6h2WKGC3cXXm58BsY77MMO,spotify:track:6h2WKGC3cXXm58BsY77MMO,https://api.spotify.com/v1/tracks/6h2WKGC3cXXm58BsY77MMO,https://api.spotify.com/v1/audio-analysis/6h2WKGC3cXXm58BsY77MMO,183747,4
This Is Us,08wSk6XJ7365lO47E1278L,2009-10-06,11,She's a Dream,2B4huGbha2eVb4MmLa32kC,3.972883333333333,,0.376,0.667,1,-7.585,1,0.151,0.171,0.0,0.186,0.394,94.246,audio_features,2B4huGbha2eVb4MmLa32kC,spotify:track:2B4huGbha2eVb4MmLa32kC,https://api.spotify.com/v1/tracks/2B4huGbha2eVb4MmLa32kC,https://api.spotify.com/v1/audio-analysis/2B4huGbha2eVb4MmLa32kC,238373,4
This Is Us,08wSk6XJ7365lO47E1278L,2009-10-06,11,Shattered,44yi3VSeP3uWM7A1OtYm6Y,3.887766666666667,,0.42,0.555,5,-5.775,0,0.0421,0.472,0.0,0.0784,0.287,116.071,audio_features,44yi3VSeP3uWM7A1OtYm6Y,spotify:track:44yi3VSeP3uWM7A1OtYm6Y,https://api.spotify.com/v1/tracks/44yi3VSeP3uWM7A1OtYm6Y,https://api.spotify.com/v1/audio-analysis/44yi3VSeP3uWM7A1OtYm6Y,233267,4
This Is Us,08wSk6XJ7365lO47E1278L,2009-10-06,11,Undone,4toeIDt20W3pA6hoce1P8W,4.241766666666667,,0.332,0.665,10,-5.421,0,0.0624,0.0549,0.0,0.0922,0.58,87.354,audio_features,4toeIDt20W3pA6hoce1P8W,spotify:track:4toeIDt20W3pA6hoce1P8W,https://api.spotify.com/v1/tracks/4toeIDt20W3pA6hoce1P8W,https://api.spotify.com/v1/audio-analysis/4toeIDt20W3pA6hoce1P8W,254507,4
Unbreakable,3dJhkG64rXbA2PtBLBGFVd,2007-10-24,16,Intro,2BfUHZGaDgWYpaPPHFkWRK,0.9793333333333332,,0.252,0.0974,8,-14.898,0,0.0321,0.938,0.0,0.103,0.121,156.495,audio_features,2BfUHZGaDgWYpaPPHFkWRK,spotify:track:2BfUHZGaDgWYpaPPHFkWRK,https://api.spotify.com/v1/tracks/2BfUHZGaDgWYpaPPHFkWRK,https://api.spotify.com/v1/audio-analysis/2BfUHZGaDgWYpaPPHFkWRK,58760,3
Unbreakable,3dJhkG64rXbA2PtBLBGFVd,2007-10-24,16,Everything But Mine,4FFh8DPprWLaVdWoRnmZxy,4.114433333333333,,0.58,0.911,11,-3.849,0,0.0321,0.00589,0.0,0.327,0.597,129.908,audio_features,4FFh8DPprWLaVdWoRnmZxy,spotify:track:4FFh8DPprWLaVdWoRnmZxy,https://api.spotify.com/v1/tracks/4FFh8DPprWLaVdWoRnmZxy,https://api.spotify.com/v1/audio-analysis/4FFh8DPprWLaVdWoRnmZxy,246867,4
Unbreakable,3dJhkG64rXbA2PtBLBGFVd,2007-10-24,16,Inconsolable,13J4KuQoJaf0ubp9gzPuFo,3.610883333333333,,0.4,0.754,7,-3.899,1,0.0348,0.0186,0.0,0.316,0.231,160.031,audio_features,13J4KuQoJaf0ubp9gzPuFo,spotify:track:13J4KuQoJaf0ubp9gzPuFo,https://api.spotify.com/v1/tracks/13J4KuQoJaf0ubp9gzPuFo,https://api.spotify.com/v1/audio-analysis/13J4KuQoJaf0ubp9gzPuFo,216653,4
Unbreakable,3dJhkG64rXbA2PtBLBGFVd,2007-10-24,16,Something That I Already Know,4mJkwdrAJgyQt8k9aFwnek,3.498883333333333,,0.368,0.763,6,-4.208,1,0.0351,0.0596,0.0,0.191,0.341,159.859,audio_features,4mJkwdrAJgyQt8k9aFwnek,spotify:track:4mJkwdrAJgyQt8k9aFwnek,https://api.spotify.com/v1/tracks/4mJkwdrAJgyQt8k9aFwnek,https://api.spotify.com/v1/audio-analysis/4mJkwdrAJgyQt8k9aFwnek,209933,4
Unbreakable,3dJhkG64rXbA2PtBLBGFVd,2007-10-24,16,Helpless When She Smiles - Radio Version,0bCWyxvqNIq7jZjW9LY86G,4.0931,,0.393,0.849,11,-4.114,1,0.0459,0.00421,0.0,0.162,0.222,74.028,audio_features,0bCWyxvqNIq7jZjW9LY86G,spotify:track:0bCWyxvqNIq7jZjW9LY86G,https://api.spotify.com/v1/tracks/0bCWyxvqNIq7jZjW9LY86G,https://api.spotify.com/v1/audio-analysis/0bCWyxvqNIq7jZjW9LY86G,245587,4
Unbreakable,3dJhkG64rXbA2PtBLBGFVd,2007-10-24,16,Any Other Way,76DVcA804KOxwKzKp2YMxq,3.398883333333333,,0.558,0.919,8,-4.194,0,0.0373,0.000514,0.0,0.0848,0.813,108.981,audio_features,76DVcA804KOxwKzKp2YMxq,spotify:track:76DVcA804KOxwKzKp2YMxq,https://api.spotify.com/v1/tracks/76DVcA804KOxwKzKp2YMxq,https://api.spotify.com/v1/audio-analysis/76DVcA804KOxwKzKp2YMxq,203933,4
Unbreakable,3dJhkG64rXbA2PtBLBGFVd,2007-10-24,16,One in a Million,6F3rYwNy7BKq6HzKWpedON,3.5477666666666665,,0.619,0.851,0,-1.902,0,0.0264,0.0152,0.0,0.127,0.66,92.011,audio_features,6F3rYwNy7BKq6HzKWpedON,spotify:track:6F3rYwNy7BKq6HzKWpedON,https://api.spotify.com/v1/tracks/6F3rYwNy7BKq6HzKWpedON,https://api.spotify.com/v1/audio-analysis/6F3rYwNy7BKq6HzKWpedON,212867,4
Unbreakable,3dJhkG64rXbA2PtBLBGFVd,2007-10-24,16,Panic,013KZvh7N5p7Jsr3hQ0YYC,2.8804333333333334,,0.567,0.873,9,-3.312,0,0.0411,0.0285,0.0,0.326,0.799,76.0,audio_features,013KZvh7N5p7Jsr3hQ0YYC,spotify:track:013KZvh7N5p7Jsr3hQ0YYC,https://api.spotify.com/v1/tracks/013KZvh7N5p7Jsr3hQ0YYC,https://api.spotify.com/v1/audio-analysis/013KZvh7N5p7Jsr3hQ0YYC,172827,4
Unbreakable,3dJhkG64rXbA2PtBLBGFVd,2007-10-24,16,You Can Let Go,3rtQc57ehzO6AdgRHqQt7L,3.5488833333333334,,0.521,0.72,11,-3.418,1,0.0301,0.0617,0.0,0.154,0.454,73.002,audio_features,3rtQc57ehzO6AdgRHqQt7L,spotify:track:3rtQc57ehzO6AdgRHqQt7L,https://api.spotify.com/v1/tracks/3rtQc57ehzO6AdgRHqQt7L,https://api.spotify.com/v1/audio-analysis/3rtQc57ehzO6AdgRHqQt7L,212933,4
Unbreakable,3dJhkG64rXbA2PtBLBGFVd,2007-10-24,16,Trouble Is,6ZuOvkP3hczDmccbC7vQg5,3.556666666666666,,0.479,0.846,2,-2.944,1,0.0338,0.0242,0.0,0.132,0.527,151.968,audio_features,6ZuOvkP3hczDmccbC7vQg5,spotify:track:6ZuOvkP3hczDmccbC7vQg5,https://api.spotify.com/v1/tracks/6ZuOvkP3hczDmccbC7vQg5,https://api.spotify.com/v1/audio-analysis/6ZuOvkP3hczDmccbC7vQg5,213400,4
Unbreakable,3dJhkG64rXbA2PtBLBGFVd,2007-10-24,16,Treat Me Right,5SrSCFXjjn76bK13engFQr,4.17,,0.788,0.764,6,-4.94,0,0.0476,0.476,0.0,0.169,0.903,122.414,audio_features,5SrSCFXjjn76bK13engFQr,spotify:track:5SrSCFXjjn76bK13engFQr,https://api.spotify.com/v1/tracks/5SrSCFXjjn76bK13engFQr,https://api.spotify.com/v1/audio-analysis/5SrSCFXjjn76bK13engFQr,250200,4
Unbreakable,3dJhkG64rXbA2PtBLBGFVd,2007-10-24,16,Love Will Keep You Up All Night,7muqUAm8mGkZrIyd5ipYCn,4.2471,,0.382,0.693,10,-3.827,1,0.0306,0.261,0.0,0.116,0.205,150.058,audio_features,7muqUAm8mGkZrIyd5ipYCn,spotify:track:7muqUAm8mGkZrIyd5ipYCn,https://api.spotify.com/v1/tracks/7muqUAm8mGkZrIyd5ipYCn,https://api.spotify.com/v1/audio-analysis/7muqUAm8mGkZrIyd5ipYCn,254827,4
Unbreakable,3dJhkG64rXbA2PtBLBGFVd,2007-10-24,16,Unmistakable,6f1GKPur4mKeZDLfcWF2qk,3.778883333333333,,0.498,0.84,2,-5.003,0,0.0362,0.0348,0.0,0.103,0.35,139.991,audio_features,6f1GKPur4mKeZDLfcWF2qk,spotify:track:6f1GKPur4mKeZDLfcWF2qk,https://api.spotify.com/v1/tracks/6f1GKPur4mKeZDLfcWF2qk,https://api.spotify.com/v1/audio-analysis/6f1GKPur4mKeZDLfcWF2qk,226733,4
Unbreakable,3dJhkG64rXbA2PtBLBGFVd,2007-10-24,16,Unsuspecting Sunday Afternoon,7pNHwXRrBVFon6DSVMsMMM,3.368216666666666,,0.423,0.425,0,-5.018,1,0.028,0.208,0.0,0.111,0.228,73.755,audio_features,7pNHwXRrBVFon6DSVMsMMM,spotify:track:7pNHwXRrBVFon6DSVMsMMM,https://api.spotify.com/v1/tracks/7pNHwXRrBVFon6DSVMsMMM,https://api.spotify.com/v1/audio-analysis/7pNHwXRrBVFon6DSVMsMMM,202093,4
Unbreakable,3dJhkG64rXbA2PtBLBGFVd,2007-10-24,16,Downpour,54yKfCCeBWdv8Jd2oZSCyc,3.3577666666666666,,0.507,0.797,8,-3.333,0,0.0315,0.165,0.0,0.112,0.394,108.91,audio_features,54yKfCCeBWdv8Jd2oZSCyc,spotify:track:54yKfCCeBWdv8Jd2oZSCyc,https://api.spotify.com/v1/tracks/54yKfCCeBWdv8Jd2oZSCyc,https://api.spotify.com/v1/audio-analysis/54yKfCCeBWdv8Jd2oZSCyc,201467,4
Unbreakable,3dJhkG64rXbA2PtBLBGFVd,2007-10-24,16,In Pieces,4TO2duXLoFuUrnzHzdkDQq,3.6848833333333335,,0.296,0.911,9,-3.093,1,0.0552,0.00422,0.0,0.153,0.329,203.841,audio_features,4TO2duXLoFuUrnzHzdkDQq,spotify:track:4TO2duXLoFuUrnzHzdkDQq,https://api.spotify.com/v1/tracks/4TO2duXLoFuUrnzHzdkDQq,https://api.spotify.com/v1/audio-analysis/4TO2duXLoFuUrnzHzdkDQq,221093,4
Never Gone,1Wz9PANLXjaOskUv575hRV,2005-06-14,12,Incomplete,0CnD7Hiw6pae6rLsZw5q5W,3.9931,,0.437,0.589,4,-4.834,1,0.0331,0.231,0.0,0.0768,0.165,133.631,audio_features,0CnD7Hiw6pae6rLsZw5q5W,spotify:track:0CnD7Hiw6pae6rLsZw5q5W,https://api.spotify.com/v1/tracks/0CnD7Hiw6pae6rLsZw5q5W,https://api.spotify.com/v1/audio-analysis/0CnD7Hiw6pae6rLsZw5q5W,239587,4
Never Gone,1Wz9PANLXjaOskUv575hRV,2005-06-14,12,Just Want You to Know,17lJlBTeJZEC5r4m8kqrE4,3.8531,,0.709,0.555,2,-3.506,1,0.0348,0.000269,0.0,0.0804,0.638,106.0,audio_features,17lJlBTeJZEC5r4m8kqrE4,spotify:track:17lJlBTeJZEC5r4m8kqrE4,https://api.spotify.com/v1/tracks/17lJlBTeJZEC5r4m8kqrE4,https://api.spotify.com/v1/audio-analysis/17lJlBTeJZEC5r4m8kqrE4,231187,4
Never Gone,1Wz9PANLXjaOskUv575hRV,2005-06-14,12,Crawling Back to You,4flpoC8HIvSNFO0MJljT6E,3.7346666666666666,,0.503,0.759,4,-4.124,1,0.0332,0.0273,0.0,0.112,0.257,141.959,audio_features,4flpoC8HIvSNFO0MJljT6E,spotify:track:4flpoC8HIvSNFO0MJljT6E,https://api.spotify.com/v1/tracks/4flpoC8HIvSNFO0MJljT6E,https://api.spotify.com/v1/audio-analysis/4flpoC8HIvSNFO0MJljT6E,224080,4
Never Gone,1Wz9PANLXjaOskUv575hRV,2005-06-14,12,Weird World,5776LqwiAk5PQEXSw8v4Pa,4.1971,,0.428,0.909,7,-3.961,0,0.0381,0.0565,0.0,0.0668,0.435,81.745,audio_features,5776LqwiAk5PQEXSw8v4Pa,spotify:track:5776LqwiAk5PQEXSw8v4Pa,https://api.spotify.com/v1/tracks/5776LqwiAk5PQEXSw8v4Pa,https://api.spotify.com/v1/audio-analysis/5776LqwiAk5PQEXSw8v4Pa,251827,4
Never Gone,1Wz9PANLXjaOskUv575hRV,2005-06-14,12,I Still...,2NOYO042qSc2YMCAnv7sDY,3.812,,0.541,0.758,5,-3.626,1,0.0275,0.00126,0.0,0.0763,0.181,102.984,audio_features,2NOYO042qSc2YMCAnv7sDY,spotify:track:2NOYO042qSc2YMCAnv7sDY,https://api.spotify.com/v1/tracks/2NOYO042qSc2YMCAnv7sDY,https://api.spotify.com/v1/audio-analysis/2NOYO042qSc2YMCAnv7sDY,228720,4
Never Gone,1Wz9PANLXjaOskUv575hRV,2005-06-14,12,Poster Girl,4uT2Nl3fUMeCWZ4TEk4SwH,3.92155,,0.69,0.712,10,-3.597,0,0.0703,0.0275,0.0,0.122,0.665,97.989,audio_features,4uT2Nl3fUMeCWZ4TEk4SwH,spotify:track:4uT2Nl3fUMeCWZ4TEk4SwH,https://api.spotify.com/v1/tracks/4uT2Nl3fUMeCWZ4TEk4SwH,https://api.spotify.com/v1/audio-analysis/4uT2Nl3fUMeCWZ4TEk4SwH,235293,4
Never Gone,1Wz9PANLXjaOskUv575hRV,2005-06-14,12,Lose It All,16fyms9ErePYphYe6baPVF,4.080883333333333,,0.41,0.803,3,-4.662,1,0.0383,0.034,0.0,0.133,0.114,140.148,audio_features,16fyms9ErePYphYe6baPVF,spotify:track:16fyms9ErePYphYe6baPVF,https://api.spotify.com/v1/tracks/16fyms9ErePYphYe6baPVF,https://api.spotify.com/v1/audio-analysis/16fyms9ErePYphYe6baPVF,244853,4
Never Gone,1Wz9PANLXjaOskUv575hRV,2005-06-14,12,Climbing the Walls,1sSNrDbb7hEptYOXaiOnUm,3.7051,,0.493,0.867,5,-4.035,1,0.0314,0.0522,0.0,0.265,0.229,91.011,audio_features,1sSNrDbb7hEptYOXaiOnUm,spotify:track:1sSNrDbb7hEptYOXaiOnUm,https://api.spotify.com/v1/tracks/1sSNrDbb7hEptYOXaiOnUm,https://api.spotify.com/v1/audio-analysis/1sSNrDbb7hEptYOXaiOnUm,222307,4
Never Gone,1Wz9PANLXjaOskUv575hRV,2005-06-14,12,My Beautiful Woman,7rwOai4X9GjSJONKqcrNF1,3.636216666666667,,0.708,0.785,1,-3.303,1,0.0369,0.0125,0.0,0.104,0.869,105.054,audio_features,7rwOai4X9GjSJONKqcrNF1,spotify:track:7rwOai4X9GjSJONKqcrNF1,https://api.spotify.com/v1/tracks/7rwOai4X9GjSJONKqcrNF1,https://api.spotify.com/v1/audio-analysis/7rwOai4X9GjSJONKqcrNF1,218173,4
Never Gone,1Wz9PANLXjaOskUv575hRV,2005-06-14,12,Safest Place to Hide,3vx0le45sSoPol4r4sSuk9,4.658,,0.417,0.538,4,-6.085,1,0.0285,0.358,0.0,0.107,0.338,137.443,audio_features,3vx0le45sSoPol4r4sSuk9,spotify:track:3vx0le45sSoPol4r4sSuk9,https://api.spotify.com/v1/tracks/3vx0le45sSoPol4r4sSuk9,https://api.spotify.com/v1/audio-analysis/3vx0le45sSoPol4r4sSuk9,279480,4
Never Gone,1Wz9PANLXjaOskUv575hRV,2005-06-14,12,Siberia,4cVgV9EQ8rCVs2BCgtjkwa,4.266883333333333,,0.58,0.48,5,-7.349,1,0.0241,0.116,0.0,0.0643,0.468,80.024,audio_features,4cVgV9EQ8rCVs2BCgtjkwa,spotify:track:4cVgV9EQ8rCVs2BCgtjkwa,https://api.spotify.com/v1/tracks/4cVgV9EQ8rCVs2BCgtjkwa,https://api.spotify.com/v1/audio-analysis/4cVgV9EQ8rCVs2BCgtjkwa,256013,4
Never Gone,1Wz9PANLXjaOskUv575hRV,2005-06-14,12,Never Gone,324Cuq2zlutLYMT94spGMt,3.764,,0.583,0.587,5,-6.44,1,0.0421,0.521,0.0,0.115,0.31,118.005,audio_features,324Cuq2zlutLYMT94spGMt,spotify:track:324Cuq2zlutLYMT94spGMt,https://api.spotify.com/v1/tracks/324Cuq2zlutLYMT94spGMt,https://api.spotify.com/v1/audio-analysis/324Cuq2zlutLYMT94spGMt,225840,4
Black & Blue,41zXjyVr6dzmchWf8tv3UO,2000-11-21,13,The Call,1mxTCArq9EhSg4QPGqhjhT,3.4133333333333336,,0.696,0.874,10,-3.318,0,0.0772,0.117,0.0,0.331,0.747,104.196,audio_features,1mxTCArq9EhSg4QPGqhjhT,spotify:track:1mxTCArq9EhSg4QPGqhjhT,https://api.spotify.com/v1/tracks/1mxTCArq9EhSg4QPGqhjhT,https://api.spotify.com/v1/audio-analysis/1mxTCArq9EhSg4QPGqhjhT,204800,4
Black & Blue,41zXjyVr6dzmchWf8tv3UO,2000-11-21,13,Shape of My Heart,35o9a4iAfLl5jRmqMX9c1D,3.834883333333333,,0.575,0.786,9,-4.353,1,0.0296,0.252,0.0,0.159,0.518,96.102,audio_features,35o9a4iAfLl5jRmqMX9c1D,spotify:track:35o9a4iAfLl5jRmqMX9c1D,https://api.spotify.com/v1/tracks/35o9a4iAfLl5jRmqMX9c1D,https://api.spotify.com/v1/audio-analysis/35o9a4iAfLl5jRmqMX9c1D,230093,4
Black & Blue,41zXjyVr6dzmchWf8tv3UO,2000-11-21,13,Get Another Boyfriend,3nx5PkGa2sJyXVJzqE4eYM,3.101766666666667,,0.738,0.75,2,-5.034,0,0.135,0.0323,0.0,0.102,0.801,96.112,audio_features,3nx5PkGa2sJyXVJzqE4eYM,spotify:track:3nx5PkGa2sJyXVJzqE4eYM,https://api.spotify.com/v1/tracks/3nx5PkGa2sJyXVJzqE4eYM,https://api.spotify.com/v1/audio-analysis/3nx5PkGa2sJyXVJzqE4eYM,186107,4
Black & Blue,41zXjyVr6dzmchWf8tv3UO,2000-11-21,13,Shining Star,1agsZFVkFDxdX3mFRWUQFh,3.37155,,0.731,0.955,8,-2.843,1,0.0748,0.0172,0.0,0.326,0.762,104.991,audio_features,1agsZFVkFDxdX3mFRWUQFh,spotify:track:1agsZFVkFDxdX3mFRWUQFh,https://api.spotify.com/v1/tracks/1agsZFVkFDxdX3mFRWUQFh,https://api.spotify.com/v1/audio-analysis/1agsZFVkFDxdX3mFRWUQFh,202293,4
Black & Blue,41zXjyVr6dzmchWf8tv3UO,2000-11-21,13,I Promise You (With Everything I Am),3Bf9g7reIFWoQBmlHpA6MN,4.382216666666666,,0.646,0.531,4,-6.626,1,0.0265,0.342,0.0,0.132,0.187,130.009,audio_features,3Bf9g7reIFWoQBmlHpA6MN,spotify:track:3Bf9g7reIFWoQBmlHpA6MN,https://api.spotify.com/v1/tracks/3Bf9g7reIFWoQBmlHpA6MN,https://api.spotify.com/v1/audio-analysis/3Bf9g7reIFWoQBmlHpA6MN,262933,4
Black & Blue,41zXjyVr6dzmchWf8tv3UO,2000-11-21,13,The Answer to Our Life,3BpjGJcn3ethvch0CJsqXo,3.289333333333333,,0.722,0.757,9,-4.451,1,0.0267,0.0747,0.0,0.221,0.938,109.993,audio_features,3BpjGJcn3ethvch0CJsqXo,spotify:track:3BpjGJcn3ethvch0CJsqXo,https://api.spotify.com/v1/tracks/3BpjGJcn3ethvch0CJsqXo,https://api.spotify.com/v1/audio-analysis/3BpjGJcn3ethvch0CJsqXo,197360,4
Black & Blue,41zXjyVr6dzmchWf8tv3UO,2000-11-21,13,Everyone,464iersUDsSz3mIToTEWvK,3.4928833333333333,,0.685,0.963,10,-2.675,1,0.0336,0.0254,6.65e-06,0.33,0.916,110.025,audio_features,464iersUDsSz3mIToTEWvK,spotify:track:464iersUDsSz3mIToTEWvK,https://api.spotify.com/v1/tracks/464iersUDsSz3mIToTEWvK,https://api.spotify.com/v1/audio-analysis/464iersUDsSz3mIToTEWvK,209573,4
Black & Blue,41zXjyVr6dzmchWf8tv3UO,2000-11-21,13,More Than That,4XRUKxDIn28c7uHEzbGFgj,3.748883333333333,,0.58,0.729,4,-6.705,0,0.0287,0.0102,0.0,0.0805,0.483,80.061,audio_features,4XRUKxDIn28c7uHEzbGFgj,spotify:track:4XRUKxDIn28c7uHEzbGFgj,https://api.spotify.com/v1/tracks/4XRUKxDIn28c7uHEzbGFgj,https://api.spotify.com/v1/audio-analysis/4XRUKxDIn28c7uHEzbGFgj,224933,4
Black & Blue,41zXjyVr6dzmchWf8tv3UO,2000-11-21,13,Time,7zi3SpKZ7UFh0OBZzlAYy9,3.9111,,0.567,0.47,5,-8.152,1,0.0282,0.0624,0.0,0.155,0.277,78.997,audio_features,7zi3SpKZ7UFh0OBZzlAYy9,spotify:track:7zi3SpKZ7UFh0OBZzlAYy9,https://api.spotify.com/v1/tracks/7zi3SpKZ7UFh0OBZzlAYy9,https://api.spotify.com/v1/audio-analysis/7zi3SpKZ7UFh0OBZzlAYy9,234667,4
Black & Blue,41zXjyVr6dzmchWf8tv3UO,2000-11-21,13,Not for Me,4F881nJKIeP4y6DiIKhsCx,3.256666666666667,,0.655,0.934,11,-4.771,0,0.0421,0.0934,0.0,0.0896,0.719,94.197,audio_features,4F881nJKIeP4y6DiIKhsCx,spotify:track:4F881nJKIeP4y6DiIKhsCx,https://api.spotify.com/v1/tracks/4F881nJKIeP4y6DiIKhsCx,https://api.spotify.com/v1/audio-analysis/4F881nJKIeP4y6DiIKhsCx,195400,4
Black & Blue,41zXjyVr6dzmchWf8tv3UO,2000-11-21,13,Yes I Will,09Lm1APnjv02a2NteZFwqV,3.844,,0.725,0.617,10,-5.549,1,0.0305,0.0432,0.0,0.118,0.637,116.046,audio_features,09Lm1APnjv02a2NteZFwqV,spotify:track:09Lm1APnjv02a2NteZFwqV,https://api.spotify.com/v1/tracks/09Lm1APnjv02a2NteZFwqV,https://api.spotify.com/v1/audio-analysis/09Lm1APnjv02a2NteZFwqV,230640,4
Black & Blue,41zXjyVr6dzmchWf8tv3UO,2000-11-21,13,It's True,53PfD1XKQFSswX2wOmKLd1,4.218216666666667,,0.549,0.41,11,-7.915,1,0.0239,0.0247,0.0,0.125,0.203,80.98,audio_features,53PfD1XKQFSswX2wOmKLd1,spotify:track:53PfD1XKQFSswX2wOmKLd1,https://api.spotify.com/v1/tracks/53PfD1XKQFSswX2wOmKLd1,https://api.spotify.com/v1/audio-analysis/53PfD1XKQFSswX2wOmKLd1,253093,4
Black & Blue,41zXjyVr6dzmchWf8tv3UO,2000-11-21,13,How Did I Fall in Love with You,51gg9koXM8xJTFPZlcE7YC,4.067333333333333,,0.364,0.157,5,-14.76,0,0.0314,0.893,0.0,0.145,0.237,77.561,audio_features,51gg9koXM8xJTFPZlcE7YC,spotify:track:51gg9koXM8xJTFPZlcE7YC,https://api.spotify.com/v1/tracks/51gg9koXM8xJTFPZlcE7YC,https://api.spotify.com/v1/audio-analysis/51gg9koXM8xJTFPZlcE7YC,244040,4
Millennium,5ySxm9hxBNss01WCL7GLyQ,1999-05-18,12,Larger Than Life,6sbXGUn9V9ZaLwLdOfpKRE,3.880433333333333,,0.661,0.973,0,-2.994,0,0.037,0.11,1.74e-05,0.617,0.75,108.037,audio_features,6sbXGUn9V9ZaLwLdOfpKRE,spotify:track:6sbXGUn9V9ZaLwLdOfpKRE,https://api.spotify.com/v1/tracks/6sbXGUn9V9ZaLwLdOfpKRE,https://api.spotify.com/v1/audio-analysis/6sbXGUn9V9ZaLwLdOfpKRE,232827,4
Millennium,5ySxm9hxBNss01WCL7GLyQ,1999-05-18,12,I Want It That Way,47BBI51FKFwOMlIiX6m8ya,3.5551,,0.689,0.694,6,-5.83,0,0.027,0.257,0.0,0.148,0.482,99.039,audio_features,47BBI51FKFwOMlIiX6m8ya,spotify:track:47BBI51FKFwOMlIiX6m8ya,https://api.spotify.com/v1/tracks/47BBI51FKFwOMlIiX6m8ya,https://api.spotify.com/v1/audio-analysis/47BBI51FKFwOMlIiX6m8ya,213307,4
Millennium,5ySxm9hxBNss01WCL7GLyQ,1999-05-18,12,Show Me the Meaning of Being Lonely,3BsaRV5QIulYz2lV9WWa8T,3.916,,0.63,0.625,6,-5.088,0,0.0252,0.231,0.0,0.0765,0.683,167.998,audio_features,3BsaRV5QIulYz2lV9WWa8T,spotify:track:3BsaRV5QIulYz2lV9WWa8T,https://api.spotify.com/v1/tracks/3BsaRV5QIulYz2lV9WWa8T,https://api.spotify.com/v1/audio-analysis/3BsaRV5QIulYz2lV9WWa8T,234960,4
Millennium,5ySxm9hxBNss01WCL7GLyQ,1999-05-18,12,It's Gotta Be You,2vZALCthE0GRzGXXGK67Qt,2.95555,,0.772,0.901,0,-3.568,1,0.0395,0.086,0.0,0.0761,0.842,116.042,audio_features,2vZALCthE0GRzGXXGK67Qt,spotify:track:2vZALCthE0GRzGXXGK67Qt,https://api.spotify.com/v1/tracks/2vZALCthE0GRzGXXGK67Qt,https://api.spotify.com/v1/audio-analysis/2vZALCthE0GRzGXXGK67Qt,177333,4
Millennium,5ySxm9hxBNss01WCL7GLyQ,1999-05-18,12,I Need You Tonight,5VjlmjJ1peXIjcuecCdfx1,4.388433333333333,,0.446,0.468,11,-9.844,1,0.0323,0.235,0.0,0.0963,0.223,169.983,audio_features,5VjlmjJ1peXIjcuecCdfx1,spotify:track:5VjlmjJ1peXIjcuecCdfx1,https://api.spotify.com/v1/tracks/5VjlmjJ1peXIjcuecCdfx1,https://api.spotify.com/v1/audio-analysis/5VjlmjJ1peXIjcuecCdfx1,263307,4
Millennium,5ySxm9hxBNss01WCL7GLyQ,1999-05-18,12,Don't Want You Back,2EgIkNeq1Tsx1JamvF6JWg,3.44155,,0.73,0.638,6,-5.32,0,0.0336,0.0999,0.0,0.131,0.893,103.049,audio_features,2EgIkNeq1Tsx1JamvF6JWg,spotify:track:2EgIkNeq1Tsx1JamvF6JWg,https://api.spotify.com/v1/tracks/2EgIkNeq1Tsx1JamvF6JWg,https://api.spotify.com/v1/audio-analysis/2EgIkNeq1Tsx1JamvF6JWg,206493,4
Millennium,5ySxm9hxBNss01WCL7GLyQ,1999-05-18,12,Don't Wanna Lose You Now,6gPVAM9CNj1uQQtGK0eYzZ,3.92,,0.661,0.548,6,-8.433,1,0.0234,0.365,0.0,0.111,0.537,93.0,audio_features,6gPVAM9CNj1uQQtGK0eYzZ,spotify:track:6gPVAM9CNj1uQQtGK0eYzZ,https://api.spotify.com/v1/tracks/6gPVAM9CNj1uQQtGK0eYzZ,https://api.spotify.com/v1/audio-analysis/6gPVAM9CNj1uQQtGK0eYzZ,235200,4
Millennium,5ySxm9hxBNss01WCL7GLyQ,1999-05-18,12,The One,44kgtDJyAFv4Z01z7bIxco,3.782216666666667,,0.663,0.934,5,-4.227,0,0.0348,0.0646,0.0,0.164,0.621,110.031,audio_features,44kgtDJyAFv4Z01z7bIxco,spotify:track:44kgtDJyAFv4Z01z7bIxco,https://api.spotify.com/v1/tracks/44kgtDJyAFv4Z01z7bIxco,https://api.spotify.com/v1/audio-analysis/44kgtDJyAFv4Z01z7bIxco,226933,4
Millennium,5ySxm9hxBNss01WCL7GLyQ,1999-05-18,12,Back to Your Heart,0rVPrbLlFgLtJWd31gM5Cw,4.358883333333333,,0.649,0.429,2,-7.43,1,0.0239,0.231,0.0,0.164,0.243,92.011,audio_features,0rVPrbLlFgLtJWd31gM5Cw,spotify:track:0rVPrbLlFgLtJWd31gM5Cw,https://api.spotify.com/v1/tracks/0rVPrbLlFgLtJWd31gM5Cw,https://api.spotify.com/v1/audio-analysis/0rVPrbLlFgLtJWd31gM5Cw,261533,4
Millennium,5ySxm9hxBNss01WCL7GLyQ,1999-05-18,12,Spanish Eyes,6YcEWhjxFqALvaRYtZVAqS,3.892883333333333,,0.672,0.407,7,-8.416,0,0.0263,0.241,0.0,0.377,0.37,134.143,audio_features,6YcEWhjxFqALvaRYtZVAqS,spotify:track:6YcEWhjxFqALvaRYtZVAqS,https://api.spotify.com/v1/tracks/6YcEWhjxFqALvaRYtZVAqS,https://api.spotify.com/v1/audio-analysis/6YcEWhjxFqALvaRYtZVAqS,233573,4
Millennium,5ySxm9hxBNss01WCL7GLyQ,1999-05-18,12,No One Else Comes Close,0z5WHJfqHxZxZnuDLrKWH2,3.73,,0.721,0.408,0,-10.998,1,0.0275,0.115,0.0,0.137,0.171,113.122,audio_features,0z5WHJfqHxZxZnuDLrKWH2,spotify:track:0z5WHJfqHxZxZnuDLrKWH2,https://api.spotify.com/v1/tracks/0z5WHJfqHxZxZnuDLrKWH2,https://api.spotify.com/v1/audio-analysis/0z5WHJfqHxZxZnuDLrKWH2,223800,4
Millennium,5ySxm9hxBNss01WCL7GLyQ,1999-05-18,12,The Perfect Fan,5XgxLtOR4oKxnfA7Fb4968,4.224433333333334,,0.422,0.396,9,-9.048,1,0.0306,0.579,0.0,0.12,0.319,141.098,audio_features,5XgxLtOR4oKxnfA7Fb4968,spotify:track:5XgxLtOR4oKxnfA7Fb4968,https://api.spotify.com/v1/tracks/5XgxLtOR4oKxnfA7Fb4968,https://api.spotify.com/v1/audio-analysis/5XgxLtOR4oKxnfA7Fb4968,253467,4
Backstreet Boys,0wvQovgaVU99eqw8n3g22S,1996,12,We've Got It Goin' On - Radio Edit,2rtDTRFjBoqyj2rgi5mOAF,3.657766666666667,,0.758,0.875,3,-4.518,0,0.0363,0.0851,0.0,0.227,0.91,112.966,audio_features,2rtDTRFjBoqyj2rgi5mOAF,spotify:track:2rtDTRFjBoqyj2rgi5mOAF,https://api.spotify.com/v1/tracks/2rtDTRFjBoqyj2rgi5mOAF,https://api.spotify.com/v1/audio-analysis/2rtDTRFjBoqyj2rgi5mOAF,219467,4
Backstreet Boys,0wvQovgaVU99eqw8n3g22S,1996,12,Quit Playing Games (With My Heart),1nRwyxNsqCLeA17qR8Nfxx,3.892216666666666,,0.8,0.875,11,-4.952,0,0.0338,0.0615,2.79e-06,0.13,0.882,100.033,audio_features,1nRwyxNsqCLeA17qR8Nfxx,spotify:track:1nRwyxNsqCLeA17qR8Nfxx,https://api.spotify.com/v1/tracks/1nRwyxNsqCLeA17qR8Nfxx,https://api.spotify.com/v1/audio-analysis/1nRwyxNsqCLeA17qR8Nfxx,233533,4
Backstreet Boys,0wvQovgaVU99eqw8n3g22S,1996,12,As Long as You Love Me,00WvmRXTkPBZNhhRK3xfdy,3.572216666666667,,0.775,0.817,0,-5.534,1,0.0282,0.165,0.0,0.126,0.753,98.22,audio_features,00WvmRXTkPBZNhhRK3xfdy,spotify:track:00WvmRXTkPBZNhhRK3xfdy,https://api.spotify.com/v1/tracks/00WvmRXTkPBZNhhRK3xfdy,https://api.spotify.com/v1/audio-analysis/00WvmRXTkPBZNhhRK3xfdy,214333,4
Backstreet Boys,0wvQovgaVU99eqw8n3g22S,1996,12,Everybody (Backstreet's Back) - Extended Version,5WTxbyWTpoqhdxEN2szOnl,4.788216666666667,,0.792,0.81,10,-5.198,0,0.0368,0.00609,0.000153,0.224,0.509,108.054,audio_features,5WTxbyWTpoqhdxEN2szOnl,spotify:track:5WTxbyWTpoqhdxEN2szOnl,https://api.spotify.com/v1/tracks/5WTxbyWTpoqhdxEN2szOnl,https://api.spotify.com/v1/audio-analysis/5WTxbyWTpoqhdxEN2szOnl,287293,4
Backstreet Boys,0wvQovgaVU99eqw8n3g22S,1996,12,All I Have to Give,3hlhefxgyp4MDnN6C2dQ5H,4.60955,,0.731,0.574,1,-7.114,1,0.029,0.0648,0.0,0.0675,0.393,95.995,audio_features,3hlhefxgyp4MDnN6C2dQ5H,spotify:track:3hlhefxgyp4MDnN6C2dQ5H,https://api.spotify.com/v1/tracks/3hlhefxgyp4MDnN6C2dQ5H,https://api.spotify.com/v1/audio-analysis/3hlhefxgyp4MDnN6C2dQ5H,276573,4
Backstreet Boys,0wvQovgaVU99eqw8n3g22S,1996,12,Anywhere for You,05sp2EySV6DXsKLeBnjaK0,4.688883333333333,,0.627,0.583,5,-6.747,0,0.0366,0.327,0.0,0.162,0.299,129.672,audio_features,05sp2EySV6DXsKLeBnjaK0,spotify:track:05sp2EySV6DXsKLeBnjaK0,https://api.spotify.com/v1/tracks/05sp2EySV6DXsKLeBnjaK0,https://api.spotify.com/v1/audio-analysis/05sp2EySV6DXsKLeBnjaK0,281333,4
Backstreet Boys,0wvQovgaVU99eqw8n3g22S,1996,12,Hey Mr. DJ (Keep Playin' This Song),78U7NSrgfot4Ikkg6hHxpo,4.430433333333333,,0.693,0.666,10,-6.347,0,0.0422,0.00402,0.0,0.098,0.651,92.015,audio_features,78U7NSrgfot4Ikkg6hHxpo,spotify:track:78U7NSrgfot4Ikkg6hHxpo,https://api.spotify.com/v1/tracks/78U7NSrgfot4Ikkg6hHxpo,https://api.spotify.com/v1/audio-analysis/78U7NSrgfot4Ikkg6hHxpo,265827,4
Backstreet Boys,0wvQovgaVU99eqw8n3g22S,1996,12,I'll Never Break Your Heart,4lq4yY0y3XqDQZsx03ITaH,4.791766666666667,,0.519,0.589,7,-6.005,0,0.029,0.0885,0.0,0.153,0.341,161.992,audio_features,4lq4yY0y3XqDQZsx03ITaH,spotify:track:4lq4yY0y3XqDQZsx03ITaH,https://api.spotify.com/v1/tracks/4lq4yY0y3XqDQZsx03ITaH,https://api.spotify.com/v1/audio-analysis/4lq4yY0y3XqDQZsx03ITaH,287507,3
Backstreet Boys,0wvQovgaVU99eqw8n3g22S,1996,12,Darlin',1xiZcrzUUtdy7kr2zp9zsu,5.528883333333333,,0.671,0.518,0,-8.281,0,0.0262,0.106,0.0,0.111,0.308,122.079,audio_features,1xiZcrzUUtdy7kr2zp9zsu,spotify:track:1xiZcrzUUtdy7kr2zp9zsu,https://api.spotify.com/v1/tracks/1xiZcrzUUtdy7kr2zp9zsu,https://api.spotify.com/v1/audio-analysis/1xiZcrzUUtdy7kr2zp9zsu,331733,4
Backstreet Boys,0wvQovgaVU99eqw8n3g22S,1996,12,Get Down (You're the One for Me) - LP Edit No Rap,1btqbebzIS2IK0QkRUpShJ,3.84555,,0.776,0.944,8,-4.854,0,0.0404,0.0735,0.0,0.0866,0.757,113.008,audio_features,1btqbebzIS2IK0QkRUpShJ,spotify:track:1btqbebzIS2IK0QkRUpShJ,https://api.spotify.com/v1/tracks/1btqbebzIS2IK0QkRUpShJ,https://api.spotify.com/v1/audio-analysis/1btqbebzIS2IK0QkRUpShJ,230733,4
Backstreet Boys,0wvQovgaVU99eqw8n3g22S,1996,12,Set Adrift on Memory Bliss,2OxN6c91oihUezz1AAE7GX,3.5311,,0.683,0.585,7,-7.573,1,0.0745,0.0105,3.59e-05,0.0718,0.602,82.869,audio_features,2OxN6c91oihUezz1AAE7GX,spotify:track:2OxN6c91oihUezz1AAE7GX,https://api.spotify.com/v1/tracks/2OxN6c91oihUezz1AAE7GX,https://api.spotify.com/v1/audio-analysis/2OxN6c91oihUezz1AAE7GX,211867,4
Backstreet Boys,0wvQovgaVU99eqw8n3g22S,1996,12,If You Want It To Be Good Girl (Get Yourself a Bad Boy),4PRlfsuWbWfVvU2RMZKp1R,4.832216666666667,,0.757,0.869,9,-5.474,0,0.0569,0.146,0.0,0.0946,0.83,113.907,audio_features,4PRlfsuWbWfVvU2RMZKp1R,spotify:track:4PRlfsuWbWfVvU2RMZKp1R,https://api.spotify.com/v1/tracks/4PRlfsuWbWfVvU2RMZKp1R,https://api.spotify.com/v1/audio-analysis/4PRlfsuWbWfVvU2RMZKp1R,289933,4
The Meaning Of Christmas,7cEVTY4TRTMsM6F8RI8hXR,2002-10-05,14,I Guess It's Christmas Time,7f7NUiva2tiEntM3lAcgPr,3.88755,,0.471,0.528,6,-6.241,1,0.0238,0.134,0.0,0.185,0.235,73.296,audio_features,7f7NUiva2tiEntM3lAcgPr,spotify:track:7f7NUiva2tiEntM3lAcgPr,https://api.spotify.com/v1/tracks/7f7NUiva2tiEntM3lAcgPr,https://api.spotify.com/v1/audio-analysis/7f7NUiva2tiEntM3lAcgPr,233253,4
The Meaning Of Christmas,7cEVTY4TRTMsM6F8RI8hXR,2002-10-05,14,"Merry Christmas, Happy Holidays",78qA5pGnazxw7ws3wtjbde,4.2297666666666665,,0.641,0.934,5,-4.301,1,0.0473,0.116,0.0,0.874,0.733,105.006,audio_features,78qA5pGnazxw7ws3wtjbde,spotify:track:78qA5pGnazxw7ws3wtjbde,https://api.spotify.com/v1/tracks/78qA5pGnazxw7ws3wtjbde,https://api.spotify.com/v1/audio-analysis/78qA5pGnazxw7ws3wtjbde,253787,4
The Meaning Of Christmas,7cEVTY4TRTMsM6F8RI8hXR,2002-10-05,14,I Never Knew the Meaning of Christmas,6xpRcS0mON3nX0ADXwezv3,4.824883333333333,,0.597,0.685,9,-6.651,1,0.024,0.105,0.0,0.101,0.432,83.995,audio_features,6xpRcS0mON3nX0ADXwezv3,spotify:track:6xpRcS0mON3nX0ADXwezv3,https://api.spotify.com/v1/tracks/6xpRcS0mON3nX0ADXwezv3,https://api.spotify.com/v1/audio-analysis/6xpRcS0mON3nX0ADXwezv3,289493,4
The Meaning Of Christmas,7cEVTY4TRTMsM6F8RI8hXR,2002-10-05,14,Love's in Our Hearts on Christmas Day,0MmyO6wdtXNrj2MQGkEB2T,3.9342166666666665,,0.25,0.274,2,-10.45,1,0.0271,0.787,1.04e-05,0.259,0.176,95.334,audio_features,0MmyO6wdtXNrj2MQGkEB2T,spotify:track:0MmyO6wdtXNrj2MQGkEB2T,https://api.spotify.com/v1/tracks/0MmyO6wdtXNrj2MQGkEB2T,https://api.spotify.com/v1/audio-analysis/0MmyO6wdtXNrj2MQGkEB2T,236053,4
The Meaning Of Christmas,7cEVTY4TRTMsM6F8RI8hXR,2002-10-05,14,Home for Christmas,0wbXGpBBzRquTkf9sIxmuC,4.506216666666667,,0.596,0.664,9,-6.888,1,0.0386,0.431,0.0,0.0914,0.427,80.895,audio_features,0wbXGpBBzRquTkf9sIxmuC,spotify:track:0wbXGpBBzRquTkf9sIxmuC,https://api.spotify.com/v1/tracks/0wbXGpBBzRquTkf9sIxmuC,https://api.spotify.com/v1/audio-analysis/0wbXGpBBzRquTkf9sIxmuC,270373,4
The Meaning Of Christmas,7cEVTY4TRTMsM6F8RI8hXR,2002-10-05,14,In Love on Christmas,37rWZOpFFgflA5hGQyXY7m,4.102216666666667,,0.696,0.734,11,-6.055,1,0.0336,0.0696,0.0,0.316,0.72,126.067,audio_features,37rWZOpFFgflA5hGQyXY7m,spotify:track:37rWZOpFFgflA5hGQyXY7m,https://api.spotify.com/v1/tracks/37rWZOpFFgflA5hGQyXY7m,https://api.spotify.com/v1/audio-analysis/37rWZOpFFgflA5hGQyXY7m,246133,4
The Meaning Of Christmas,7cEVTY4TRTMsM6F8RI8hXR,2002-10-05,14,The Only Gift,1rFork59GQgcjEFuQ6OO3N,3.8931,,0.458,0.518,4,-8.071,1,0.0272,0.233,0.0,0.19,0.215,161.994,audio_features,1rFork59GQgcjEFuQ6OO3N,spotify:track:1rFork59GQgcjEFuQ6OO3N,https://api.spotify.com/v1/tracks/1rFork59GQgcjEFuQ6OO3N,https://api.spotify.com/v1/audio-analysis/1rFork59GQgcjEFuQ6OO3N,233587,4
The Meaning Of Christmas,7cEVTY4TRTMsM6F8RI8hXR,2002-10-05,14,It's Christmas,2WA6eRDortPlQUfETOfT9m,4.528433333333333,,0.534,0.436,0,-9.508,1,0.028,0.277,0.0,0.153,0.27,136.0,audio_features,2WA6eRDortPlQUfETOfT9m,spotify:track:2WA6eRDortPlQUfETOfT9m,https://api.spotify.com/v1/tracks/2WA6eRDortPlQUfETOfT9m,https://api.spotify.com/v1/audio-analysis/2WA6eRDortPlQUfETOfT9m,271707,4
The Meaning Of Christmas,7cEVTY4TRTMsM6F8RI8hXR,2002-10-05,14,All I Want Is You (This Christmas),3RaXFVp7lGQZ3DXFan1giQ,3.75,,0.589,0.801,7,-5.889,1,0.0257,0.122,9.59e-05,0.392,0.606,95.023,audio_features,3RaXFVp7lGQZ3DXFan1giQ,spotify:track:3RaXFVp7lGQZ3DXFan1giQ,https://api.spotify.com/v1/tracks/3RaXFVp7lGQZ3DXFan1giQ,https://api.spotify.com/v1/audio-analysis/3RaXFVp7lGQZ3DXFan1giQ,225000,4
The Meaning Of Christmas,7cEVTY4TRTMsM6F8RI8hXR,2002-10-05,14,(God Must Have Spent) A Little More Time On You - Remix,6yyhqC94dPzFimo7VJkTC3,4.050433333333333,,0.476,0.527,10,-8.537,1,0.0456,0.432,0.0,0.254,0.326,167.907,audio_features,6yyhqC94dPzFimo7VJkTC3,spotify:track:6yyhqC94dPzFimo7VJkTC3,https://api.spotify.com/v1/tracks/6yyhqC94dPzFimo7VJkTC3,https://api.spotify.com/v1/audio-analysis/6yyhqC94dPzFimo7VJkTC3,243027,4
The Meaning Of Christmas,7cEVTY4TRTMsM6F8RI8hXR,2002-10-05,14,Kiss Me at Midnight,3IcCYmczdRccteZr3CYf31,3.44355,,0.709,0.94,9,-4.456,1,0.0323,0.02,5.96e-05,0.273,0.897,118.009,audio_features,3IcCYmczdRccteZr3CYf31,spotify:track:3IcCYmczdRccteZr3CYf31,https://api.spotify.com/v1/tracks/3IcCYmczdRccteZr3CYf31,https://api.spotify.com/v1/audio-analysis/3IcCYmczdRccteZr3CYf31,206613,4
The Meaning Of Christmas,7cEVTY4TRTMsM6F8RI8hXR,2002-10-05,14,The Christmas Song (Chestnuts Roasting on an Open Fire),1f1FumJ0RLBuzFMnL6tEhP,3.256883333333333,,0.519,0.512,7,-10.089,1,0.0239,0.334,1.36e-05,0.242,0.325,102.386,audio_features,1f1FumJ0RLBuzFMnL6tEhP,spotify:track:1f1FumJ0RLBuzFMnL6tEhP,https://api.spotify.com/v1/tracks/1f1FumJ0RLBuzFMnL6tEhP,https://api.spotify.com/v1/audio-analysis/1f1FumJ0RLBuzFMnL6tEhP,195413,3
The Meaning Of Christmas,7cEVTY4TRTMsM6F8RI8hXR,2002-10-05,14,The First Noel,6w1eAS95QHz3shDR6JbLSl,3.46555,,0.484,0.739,2,-6.06,1,0.0265,0.00496,0.0,0.332,0.385,83.308,audio_features,6w1eAS95QHz3shDR6JbLSl,spotify:track:6w1eAS95QHz3shDR6JbLSl,https://api.spotify.com/v1/tracks/6w1eAS95QHz3shDR6JbLSl,https://api.spotify.com/v1/audio-analysis/6w1eAS95QHz3shDR6JbLSl,207933,3
The Meaning Of Christmas,7cEVTY4TRTMsM6F8RI8hXR,2002-10-05,14,O Holy Night - A Cappella,0hj8pwywgptOy7ghIBN8D0,3.5866666666666664,,0.463,0.211,5,-12.117,1,0.0258,0.895,0.0,0.101,0.295,94.504,audio_features,0hj8pwywgptOy7ghIBN8D0,spotify:track:0hj8pwywgptOy7ghIBN8D0,https://api.spotify.com/v1/tracks/0hj8pwywgptOy7ghIBN8D0,https://api.spotify.com/v1/audio-analysis/0hj8pwywgptOy7ghIBN8D0,215200,3
Celebrity,7zBue2Vuzg4Z3ncRXaIkJg,2001-07-24,13,Pop,0Jc8qF1mUPo1A96HE9QxZz,3.9737666666666662,,0.706,0.861,11,-6.684,1,0.154,0.0341,0.0,0.127,0.923,119.946,audio_features,0Jc8qF1mUPo1A96HE9QxZz,spotify:track:0Jc8qF1mUPo1A96HE9QxZz,https://api.spotify.com/v1/tracks/0Jc8qF1mUPo1A96HE9QxZz,https://api.spotify.com/v1/audio-analysis/0Jc8qF1mUPo1A96HE9QxZz,238427,4
Celebrity,7zBue2Vuzg4Z3ncRXaIkJg,2001-07-24,13,Celebrity,2YHvWvFFH53lpG96eijEe9,3.3122166666666666,,0.894,0.806,9,-3.885,1,0.0753,0.0217,0.0,0.0351,0.783,109.223,audio_features,2YHvWvFFH53lpG96eijEe9,spotify:track:2YHvWvFFH53lpG96eijEe9,https://api.spotify.com/v1/tracks/2YHvWvFFH53lpG96eijEe9,https://api.spotify.com/v1/audio-analysis/2YHvWvFFH53lpG96eijEe9,198733,4
Celebrity,7zBue2Vuzg4Z3ncRXaIkJg,2001-07-24,13,The Game Is Over,7GyofbVZe4gfyzimhxmDC4,3.424433333333333,,0.727,0.853,4,-4.383,0,0.0944,0.039,0.0,0.389,0.87,93.029,audio_features,7GyofbVZe4gfyzimhxmDC4,spotify:track:7GyofbVZe4gfyzimhxmDC4,https://api.spotify.com/v1/tracks/7GyofbVZe4gfyzimhxmDC4,https://api.spotify.com/v1/audio-analysis/7GyofbVZe4gfyzimhxmDC4,205467,4
Celebrity,7zBue2Vuzg4Z3ncRXaIkJg,2001-07-24,13,Girlfriend,6u5flhVFxKZrl9AApvf2SL,4.226666666666667,,0.748,0.809,0,-5.213,0,0.0904,0.0857,1.48e-05,0.0282,0.868,93.963,audio_features,6u5flhVFxKZrl9AApvf2SL,spotify:track:6u5flhVFxKZrl9AApvf2SL,https://api.spotify.com/v1/tracks/6u5flhVFxKZrl9AApvf2SL,https://api.spotify.com/v1/audio-analysis/6u5flhVFxKZrl9AApvf2SL,253600,4
Celebrity,7zBue2Vuzg4Z3ncRXaIkJg,2001-07-24,13,The Two Of Us,3Djw4KjA9eO0TxrIUaGNwq,3.8626666666666662,,0.75,0.811,0,-5.418,1,0.0461,0.0618,1.93e-06,0.152,0.912,134.011,audio_features,3Djw4KjA9eO0TxrIUaGNwq,spotify:track:3Djw4KjA9eO0TxrIUaGNwq,https://api.spotify.com/v1/tracks/3Djw4KjA9eO0TxrIUaGNwq,https://api.spotify.com/v1/audio-analysis/3Djw4KjA9eO0TxrIUaGNwq,231760,4
Celebrity,7zBue2Vuzg4Z3ncRXaIkJg,2001-07-24,13,Gone,4CCUjYJPbSXLL23BFeBVbI,4.866666666666666,,0.704,0.409,11,-8.581,0,0.0597,0.43,0.0,0.109,0.495,113.863,audio_features,4CCUjYJPbSXLL23BFeBVbI,spotify:track:4CCUjYJPbSXLL23BFeBVbI,https://api.spotify.com/v1/tracks/4CCUjYJPbSXLL23BFeBVbI,https://api.spotify.com/v1/audio-analysis/4CCUjYJPbSXLL23BFeBVbI,292000,4
Celebrity,7zBue2Vuzg4Z3ncRXaIkJg,2001-07-24,13,"Tell Me, Tell Me...Baby",6Pgxy1B32OlEGT8i3ccrlZ,3.6106666666666665,,0.661,0.946,10,-3.283,0,0.0713,0.0173,0.000304,0.101,0.945,98.031,audio_features,6Pgxy1B32OlEGT8i3ccrlZ,spotify:track:6Pgxy1B32OlEGT8i3ccrlZ,https://api.spotify.com/v1/tracks/6Pgxy1B32OlEGT8i3ccrlZ,https://api.spotify.com/v1/audio-analysis/6Pgxy1B32OlEGT8i3ccrlZ,216640,4
Celebrity,7zBue2Vuzg4Z3ncRXaIkJg,2001-07-24,13,Up Against The Wall,3ME2tArFXJxO2BJrmsGUrE,3.62555,,0.721,0.865,9,-4.602,0,0.0588,0.00222,2.76e-06,0.219,0.928,129.027,audio_features,3ME2tArFXJxO2BJrmsGUrE,spotify:track:3ME2tArFXJxO2BJrmsGUrE,https://api.spotify.com/v1/tracks/3ME2tArFXJxO2BJrmsGUrE,https://api.spotify.com/v1/audio-analysis/3ME2tArFXJxO2BJrmsGUrE,217533,4
Celebrity,7zBue2Vuzg4Z3ncRXaIkJg,2001-07-24,13,See Right Through You,0x0KmsdyPlkBlBjvpoOh9h,2.882216666666667,,0.718,0.83,9,-4.092,1,0.0454,0.014,0.0,0.0727,0.74,102.949,audio_features,0x0KmsdyPlkBlBjvpoOh9h,spotify:track:0x0KmsdyPlkBlBjvpoOh9h,https://api.spotify.com/v1/tracks/0x0KmsdyPlkBlBjvpoOh9h,https://api.spotify.com/v1/audio-analysis/0x0KmsdyPlkBlBjvpoOh9h,172933,4
Celebrity,7zBue2Vuzg4Z3ncRXaIkJg,2001-07-24,13,Selfish,78WtQgnzUKImvnUFhvIUcQ,4.339533333333334,,0.602,0.433,11,-8.908,1,0.052,0.124,0.0,0.095,0.172,73.468,audio_features,78WtQgnzUKImvnUFhvIUcQ,spotify:track:78WtQgnzUKImvnUFhvIUcQ,https://api.spotify.com/v1/tracks/78WtQgnzUKImvnUFhvIUcQ,https://api.spotify.com/v1/audio-analysis/78WtQgnzUKImvnUFhvIUcQ,260373,4
Celebrity,7zBue2Vuzg4Z3ncRXaIkJg,2001-07-24,13,Just Don't Tell Me That,1avh9cngo4HAUMcOG7EaQU,3.064433333333333,,0.664,0.898,10,-5.145,0,0.0794,0.0201,0.000194,0.079,0.755,89.029,audio_features,1avh9cngo4HAUMcOG7EaQU,spotify:track:1avh9cngo4HAUMcOG7EaQU,https://api.spotify.com/v1/tracks/1avh9cngo4HAUMcOG7EaQU,https://api.spotify.com/v1/audio-analysis/1avh9cngo4HAUMcOG7EaQU,183867,4
Celebrity,7zBue2Vuzg4Z3ncRXaIkJg,2001-07-24,13,Something Like You,2hXhC1nZ5GeEmjbQOshHSI,4.256,,0.656,0.39,7,-8.811,1,0.03,0.393,0.0,0.105,0.274,123.984,audio_features,2hXhC1nZ5GeEmjbQOshHSI,spotify:track:2hXhC1nZ5GeEmjbQOshHSI,https://api.spotify.com/v1/tracks/2hXhC1nZ5GeEmjbQOshHSI,https://api.spotify.com/v1/audio-analysis/2hXhC1nZ5GeEmjbQOshHSI,255360,4
Celebrity,7zBue2Vuzg4Z3ncRXaIkJg,2001-07-24,13,Do Your Thing,2SJtvzCSpgdcB4QUqU9kYB,4.3251,,0.686,0.677,8,-9.049,0,0.0393,0.303,0.0,0.275,0.962,129.995,audio_features,2SJtvzCSpgdcB4QUqU9kYB,spotify:track:2SJtvzCSpgdcB4QUqU9kYB,https://api.spotify.com/v1/tracks/2SJtvzCSpgdcB4QUqU9kYB,https://api.spotify.com/v1/audio-analysis/2SJtvzCSpgdcB4QUqU9kYB,259507,4
No Strings Attached,20RMokVwJ2wjQ0s8FOdOFC,2000-03-21,12,Bye Bye Bye - From Deadpool and Wolverine Soundtrack,62bOmKYxYg7dhrC6gH9vFn,3.34,,0.61,0.926,8,-4.843,0,0.0479,0.031,0.0012,0.0821,0.861,172.638,audio_features,62bOmKYxYg7dhrC6gH9vFn,spotify:track:62bOmKYxYg7dhrC6gH9vFn,https://api.spotify.com/v1/tracks/62bOmKYxYg7dhrC6gH9vFn,https://api.spotify.com/v1/audio-analysis/62bOmKYxYg7dhrC6gH9vFn,200400,4
No Strings Attached,20RMokVwJ2wjQ0s8FOdOFC,2000-03-21,12,It's Gonna Be Me,2AW37v0bDyuOzGP3XnmFuA,3.2071,,0.636,0.873,0,-4.672,0,0.071,0.0407,1.27e-06,0.0372,0.908,165.071,audio_features,2AW37v0bDyuOzGP3XnmFuA,spotify:track:2AW37v0bDyuOzGP3XnmFuA,https://api.spotify.com/v1/tracks/2AW37v0bDyuOzGP3XnmFuA,https://api.spotify.com/v1/audio-analysis/2AW37v0bDyuOzGP3XnmFuA,192427,4
No Strings Attached,20RMokVwJ2wjQ0s8FOdOFC,2000-03-21,12,"Space Cowboy (Yippie-Yi-Yay) (feat. Lisa ""Left Eye"" Lopes)",0B7Hp8MXbiK8HoXqqYqTkW,4.366666666666666,,0.707,0.979,10,-3.207,0,0.0718,0.0121,0.00137,0.716,0.703,113.963,audio_features,0B7Hp8MXbiK8HoXqqYqTkW,spotify:track:0B7Hp8MXbiK8HoXqqYqTkW,https://api.spotify.com/v1/tracks/0B7Hp8MXbiK8HoXqqYqTkW,https://api.spotify.com/v1/audio-analysis/0B7Hp8MXbiK8HoXqqYqTkW,262000,4
No Strings Attached,20RMokVwJ2wjQ0s8FOdOFC,2000-03-21,12,Just Got Paid,1eV2FGbbyxCJ6xaLqBRiFW,4.142883333333334,,0.809,0.773,11,-3.638,0,0.0437,0.0145,1.21e-06,0.0876,0.695,114.84,audio_features,1eV2FGbbyxCJ6xaLqBRiFW,spotify:track:1eV2FGbbyxCJ6xaLqBRiFW,https://api.spotify.com/v1/tracks/1eV2FGbbyxCJ6xaLqBRiFW,https://api.spotify.com/v1/audio-analysis/1eV2FGbbyxCJ6xaLqBRiFW,248573,4
No Strings Attached,20RMokVwJ2wjQ0s8FOdOFC,2000-03-21,12,It Makes Me Ill,0gbysjaH16DW29QpUnowcx,3.438883333333333,,0.81,0.858,4,-4.658,0,0.0873,0.00993,1.2e-05,0.0528,0.646,104.504,audio_features,0gbysjaH16DW29QpUnowcx,spotify:track:0gbysjaH16DW29QpUnowcx,https://api.spotify.com/v1/tracks/0gbysjaH16DW29QpUnowcx,https://api.spotify.com/v1/audio-analysis/0gbysjaH16DW29QpUnowcx,206333,4
No Strings Attached,20RMokVwJ2wjQ0s8FOdOFC,2000-03-21,12,This I Promise You,46n2EGFnPC3tzWCN1Aqe26,4.746,,0.55,0.587,2,-6.279,1,0.0329,0.354,0.0,0.128,0.466,165.975,audio_features,46n2EGFnPC3tzWCN1Aqe26,spotify:track:46n2EGFnPC3tzWCN1Aqe26,https://api.spotify.com/v1/tracks/46n2EGFnPC3tzWCN1Aqe26,https://api.spotify.com/v1/audio-analysis/46n2EGFnPC3tzWCN1Aqe26,284760,4
No Strings Attached,20RMokVwJ2wjQ0s8FOdOFC,2000-03-21,12,No Strings Attached,6wOlzyu9hqu4Tjk0kPNv6e,3.8151,,0.666,0.966,7,-4.454,1,0.0581,0.000691,0.0,0.36,0.63,111.044,audio_features,6wOlzyu9hqu4Tjk0kPNv6e,spotify:track:6wOlzyu9hqu4Tjk0kPNv6e,https://api.spotify.com/v1/tracks/6wOlzyu9hqu4Tjk0kPNv6e,https://api.spotify.com/v1/audio-analysis/6wOlzyu9hqu4Tjk0kPNv6e,228907,4
No Strings Attached,20RMokVwJ2wjQ0s8FOdOFC,2000-03-21,12,Digital Get Down,0yX0Zw8ouA5lD7rbzWfowL,4.386666666666667,,0.642,0.976,7,-4.134,1,0.109,0.0125,5.38e-05,0.135,0.864,177.808,audio_features,0yX0Zw8ouA5lD7rbzWfowL,spotify:track:0yX0Zw8ouA5lD7rbzWfowL,https://api.spotify.com/v1/tracks/0yX0Zw8ouA5lD7rbzWfowL,https://api.spotify.com/v1/audio-analysis/0yX0Zw8ouA5lD7rbzWfowL,263200,4
No Strings Attached,20RMokVwJ2wjQ0s8FOdOFC,2000-03-21,12,Bringin' Da Noise,0MxKHJEhhFOJsvYak4Q5Bu,3.50555,,0.759,0.973,4,-4.618,1,0.0392,0.0494,0.0789,0.335,0.868,111.963,audio_features,0MxKHJEhhFOJsvYak4Q5Bu,spotify:track:0MxKHJEhhFOJsvYak4Q5Bu,https://api.spotify.com/v1/tracks/0MxKHJEhhFOJsvYak4Q5Bu,https://api.spotify.com/v1/audio-analysis/0MxKHJEhhFOJsvYak4Q5Bu,210333,4
No Strings Attached,20RMokVwJ2wjQ0s8FOdOFC,2000-03-21,12,That's When I'll Stop Loving You,3TnT4ULnE2bzJG40gUtZh6,4.862666666666667,,0.52,0.683,0,-4.893,1,0.0328,0.343,0.0,0.12,0.413,142.481,audio_features,3TnT4ULnE2bzJG40gUtZh6,spotify:track:3TnT4ULnE2bzJG40gUtZh6,https://api.spotify.com/v1/tracks/3TnT4ULnE2bzJG40gUtZh6,https://api.spotify.com/v1/audio-analysis/3TnT4ULnE2bzJG40gUtZh6,291760,4
No Strings Attached,20RMokVwJ2wjQ0s8FOdOFC,2000-03-21,12,I'll Be Good For You,7Dt3YcGl01jAdxJrIXf0T6,3.9162166666666662,,0.7,0.729,7,-5.763,1,0.0326,0.201,2.27e-06,0.144,0.827,99.996,audio_features,7Dt3YcGl01jAdxJrIXf0T6,spotify:track:7Dt3YcGl01jAdxJrIXf0T6,https://api.spotify.com/v1/tracks/7Dt3YcGl01jAdxJrIXf0T6,https://api.spotify.com/v1/audio-analysis/7Dt3YcGl01jAdxJrIXf0T6,234973,4
No Strings Attached,20RMokVwJ2wjQ0s8FOdOFC,2000-03-21,12,I Thought She Knew,0b4u7IhBY61kSmS8wVIPYg,3.372216666666666,,0.397,0.272,0,-9.887,1,0.0312,0.915,0.0,0.143,0.198,79.416,audio_features,0b4u7IhBY61kSmS8wVIPYg,spotify:track:0b4u7IhBY61kSmS8wVIPYg,https://api.spotify.com/v1/tracks/0b4u7IhBY61kSmS8wVIPYg,https://api.spotify.com/v1/audio-analysis/0b4u7IhBY61kSmS8wVIPYg,202333,3
The Winter Album,5UwWX4vrHsxTYtjFFI2Dm3,1998-11-13,12,U Drive Me Crazy - Radio Edit,1GUDejX2wkplTbkSbEiW8m,3.5951,,0.776,0.881,9,-4.875,0,0.0388,0.0951,0.0,0.0851,0.788,108.004,audio_features,1GUDejX2wkplTbkSbEiW8m,spotify:track:1GUDejX2wkplTbkSbEiW8m,https://api.spotify.com/v1/tracks/1GUDejX2wkplTbkSbEiW8m,https://api.spotify.com/v1/audio-analysis/1GUDejX2wkplTbkSbEiW8m,215707,4
The Winter Album,5UwWX4vrHsxTYtjFFI2Dm3,1998-11-13,12,(God Must Have Spent) A Little More Time On You - Remix,71iJTGlwQaHQTIYflaQxoM,4.0251,,0.587,0.527,10,-8.354,1,0.0339,0.435,0.0,0.302,0.301,84.021,audio_features,71iJTGlwQaHQTIYflaQxoM,spotify:track:71iJTGlwQaHQTIYflaQxoM,https://api.spotify.com/v1/tracks/71iJTGlwQaHQTIYflaQxoM,https://api.spotify.com/v1/audio-analysis/71iJTGlwQaHQTIYflaQxoM,241507,4
The Winter Album,5UwWX4vrHsxTYtjFFI2Dm3,1998-11-13,12,Thinking Of You (I Drive Myself Crazy) - Remix,24dNrOwQEUeL0ZY3iBJNFe,4.0111,,0.567,0.715,9,-6.518,1,0.027,0.0469,0.0,0.17,0.511,86.962,audio_features,24dNrOwQEUeL0ZY3iBJNFe,spotify:track:24dNrOwQEUeL0ZY3iBJNFe,https://api.spotify.com/v1/tracks/24dNrOwQEUeL0ZY3iBJNFe,https://api.spotify.com/v1/audio-analysis/24dNrOwQEUeL0ZY3iBJNFe,240667,4
The Winter Album,5UwWX4vrHsxTYtjFFI2Dm3,1998-11-13,12,Everything I Own,6vsyLM6nOI1lY0DFxydwqH,3.9211,,0.527,0.728,9,-6.15,1,0.0477,0.148,0.0,0.133,0.347,83.023,audio_features,6vsyLM6nOI1lY0DFxydwqH,spotify:track:6vsyLM6nOI1lY0DFxydwqH,https://api.spotify.com/v1/tracks/6vsyLM6nOI1lY0DFxydwqH,https://api.spotify.com/v1/audio-analysis/6vsyLM6nOI1lY0DFxydwqH,235267,4
The Winter Album,5UwWX4vrHsxTYtjFFI2Dm3,1998-11-13,12,I Just Wanna Be With You,3IHxGX6amuZoAeYSFJL9No,4.0311,,0.686,0.793,10,-5.016,0,0.0411,0.000682,0.038,0.0494,0.786,103.688,audio_features,3IHxGX6amuZoAeYSFJL9No,spotify:track:3IHxGX6amuZoAeYSFJL9No,https://api.spotify.com/v1/tracks/3IHxGX6amuZoAeYSFJL9No,https://api.spotify.com/v1/audio-analysis/3IHxGX6amuZoAeYSFJL9No,241867,4
The Winter Album,5UwWX4vrHsxTYtjFFI2Dm3,1998-11-13,12,Kiss Me at Midnight,1RLCHxWeY8BXsZ9RwbjujE,3.4471,,0.706,0.939,9,-4.374,1,0.0316,0.0181,0.000125,0.31,0.912,118.019,audio_features,1RLCHxWeY8BXsZ9RwbjujE,spotify:track:1RLCHxWeY8BXsZ9RwbjujE,https://api.spotify.com/v1/tracks/1RLCHxWeY8BXsZ9RwbjujE,https://api.spotify.com/v1/audio-analysis/1RLCHxWeY8BXsZ9RwbjujE,206827,4
The Winter Album,5UwWX4vrHsxTYtjFFI2Dm3,1998-11-13,12,"Merry Christmas, Happy Holidays",5rnqmmWw84pJHhscbeZRsX,4.203333333333333,,0.65,0.934,5,-4.209,1,0.0474,0.116,0.0,0.867,0.737,105.001,audio_features,5rnqmmWw84pJHhscbeZRsX,spotify:track:5rnqmmWw84pJHhscbeZRsX,https://api.spotify.com/v1/tracks/5rnqmmWw84pJHhscbeZRsX,https://api.spotify.com/v1/audio-analysis/5rnqmmWw84pJHhscbeZRsX,252200,4
The Winter Album,5UwWX4vrHsxTYtjFFI2Dm3,1998-11-13,12,All I Want Is You (This Christmas),7L0MK43tJbLFhoPqTgLHvu,3.724,,0.589,0.823,7,-5.847,1,0.0257,0.145,0.000226,0.381,0.604,95.018,audio_features,7L0MK43tJbLFhoPqTgLHvu,spotify:track:7L0MK43tJbLFhoPqTgLHvu,https://api.spotify.com/v1/tracks/7L0MK43tJbLFhoPqTgLHvu,https://api.spotify.com/v1/audio-analysis/7L0MK43tJbLFhoPqTgLHvu,223440,4
The Winter Album,5UwWX4vrHsxTYtjFFI2Dm3,1998-11-13,12,Under My Tree,5NnY0tb3jD04svTT7IKv7i,4.541766666666667,,0.53,0.58,8,-5.19,0,0.0259,0.00795,0.0,0.182,0.25,153.961,audio_features,5NnY0tb3jD04svTT7IKv7i,spotify:track:5NnY0tb3jD04svTT7IKv7i,https://api.spotify.com/v1/tracks/5NnY0tb3jD04svTT7IKv7i,https://api.spotify.com/v1/audio-analysis/5NnY0tb3jD04svTT7IKv7i,272507,3
The Winter Album,5UwWX4vrHsxTYtjFFI2Dm3,1998-11-13,12,Love's in Our Hearts on Christmas Day,2mArpx0nnkfTENYot8MPRt,3.907766666666667,,0.27,0.281,2,-10.349,1,0.0268,0.784,1.05e-05,0.296,0.197,98.377,audio_features,2mArpx0nnkfTENYot8MPRt,spotify:track:2mArpx0nnkfTENYot8MPRt,https://api.spotify.com/v1/tracks/2mArpx0nnkfTENYot8MPRt,https://api.spotify.com/v1/audio-analysis/2mArpx0nnkfTENYot8MPRt,234467,3
The Winter Album,5UwWX4vrHsxTYtjFFI2Dm3,1998-11-13,12,In Love on Christmas,6IDVDqdmWJBRtOeIatCnuZ,4.076666666666667,,0.695,0.741,8,-5.969,0,0.0343,0.0726,0.0,0.356,0.725,126.062,audio_features,6IDVDqdmWJBRtOeIatCnuZ,spotify:track:6IDVDqdmWJBRtOeIatCnuZ,https://api.spotify.com/v1/tracks/6IDVDqdmWJBRtOeIatCnuZ,https://api.spotify.com/v1/audio-analysis/6IDVDqdmWJBRtOeIatCnuZ,244600,4
The Winter Album,5UwWX4vrHsxTYtjFFI2Dm3,1998-11-13,12,The First Noel,0VZYSCBdNXXPbnfR15m7lk,3.4711,,0.486,0.749,2,-5.991,1,0.0263,0.00455,0.0,0.351,0.335,83.311,audio_features,0VZYSCBdNXXPbnfR15m7lk,spotify:track:0VZYSCBdNXXPbnfR15m7lk,https://api.spotify.com/v1/tracks/0VZYSCBdNXXPbnfR15m7lk,https://api.spotify.com/v1/audio-analysis/0VZYSCBdNXXPbnfR15m7lk,208267,3
Home For Christmas (Deluxe Version),2OkMfIZVXt3ju1eRrKt9W9,1998-11-10,16,Home for Christmas,6hopuAzDXvvFXseUkIWdtc,4.491766666666667,,0.592,0.683,9,-6.843,1,0.0393,0.43,0.0,0.12,0.418,80.91,audio_features,6hopuAzDXvvFXseUkIWdtc,spotify:track:6hopuAzDXvvFXseUkIWdtc,https://api.spotify.com/v1/tracks/6hopuAzDXvvFXseUkIWdtc,https://api.spotify.com/v1/audio-analysis/6hopuAzDXvvFXseUkIWdtc,269507,4
Home For Christmas (Deluxe Version),2OkMfIZVXt3ju1eRrKt9W9,1998-11-10,16,Under My Tree,7fTL4g3urpLcapscbRN3c5,4.543333333333333,,0.531,0.568,8,-5.009,0,0.026,0.00854,0.0,0.194,0.243,154.0,audio_features,7fTL4g3urpLcapscbRN3c5,spotify:track:7fTL4g3urpLcapscbRN3c5,https://api.spotify.com/v1/tracks/7fTL4g3urpLcapscbRN3c5,https://api.spotify.com/v1/audio-analysis/7fTL4g3urpLcapscbRN3c5,272600,3
Home For Christmas (Deluxe Version),2OkMfIZVXt3ju1eRrKt9W9,1998-11-10,16,I Never Knew the Meaning of Christmas,1TG6sc4fT9LcWeWVEv8vtp,4.7711,,0.599,0.697,9,-6.548,1,0.0243,0.104,0.0,0.13,0.409,84.014,audio_features,1TG6sc4fT9LcWeWVEv8vtp,spotify:track:1TG6sc4fT9LcWeWVEv8vtp,https://api.spotify.com/v1/tracks/1TG6sc4fT9LcWeWVEv8vtp,https://api.spotify.com/v1/audio-analysis/1TG6sc4fT9LcWeWVEv8vtp,286267,4
Home For Christmas (Deluxe Version),2OkMfIZVXt3ju1eRrKt9W9,1998-11-10,16,"Merry Christmas, Happy Holidays",6pXqCeH1mEU0VNlfU3plop,4.2151,,0.655,0.942,5,-3.984,1,0.048,0.0999,0.0,0.878,0.764,105.007,audio_features,6pXqCeH1mEU0VNlfU3plop,spotify:track:6pXqCeH1mEU0VNlfU3plop,https://api.spotify.com/v1/tracks/6pXqCeH1mEU0VNlfU3plop,https://api.spotify.com/v1/audio-analysis/6pXqCeH1mEU0VNlfU3plop,252907,4
Home For Christmas (Deluxe Version),2OkMfIZVXt3ju1eRrKt9W9,1998-11-10,16,The Christmas Song (Chestnuts Roasting on an Open Fire),6STRuUxHrAEbKACXPhjtq5,3.260666666666667,,0.519,0.53,7,-9.931,1,0.0238,0.349,1.87e-05,0.217,0.286,102.407,audio_features,6STRuUxHrAEbKACXPhjtq5,spotify:track:6STRuUxHrAEbKACXPhjtq5,https://api.spotify.com/v1/tracks/6STRuUxHrAEbKACXPhjtq5,https://api.spotify.com/v1/audio-analysis/6STRuUxHrAEbKACXPhjtq5,195640,3
Home For Christmas (Deluxe Version),2OkMfIZVXt3ju1eRrKt9W9,1998-11-10,16,I Guess It's Christmas Time,1bj3L8hTeGZq6yQosZEokK,3.878216666666667,,0.466,0.525,6,-6.214,1,0.0239,0.145,0.0,0.176,0.257,146.565,audio_features,1bj3L8hTeGZq6yQosZEokK,spotify:track:1bj3L8hTeGZq6yQosZEokK,https://api.spotify.com/v1/tracks/1bj3L8hTeGZq6yQosZEokK,https://api.spotify.com/v1/audio-analysis/1bj3L8hTeGZq6yQosZEokK,232693,4
Home For Christmas (Deluxe Version),2OkMfIZVXt3ju1eRrKt9W9,1998-11-10,16,All I Want Is You (This Christmas),6yOnHafwJZ47Tmr0TD8jNR,3.726,,0.589,0.825,7,-5.613,1,0.0256,0.144,0.000186,0.359,0.587,95.017,audio_features,6yOnHafwJZ47Tmr0TD8jNR,spotify:track:6yOnHafwJZ47Tmr0TD8jNR,https://api.spotify.com/v1/tracks/6yOnHafwJZ47Tmr0TD8jNR,https://api.spotify.com/v1/audio-analysis/6yOnHafwJZ47Tmr0TD8jNR,223560,4
Home For Christmas (Deluxe Version),2OkMfIZVXt3ju1eRrKt9W9,1998-11-10,16,The First Noel,5lCo5YS3vPfq2EeUbDUxc8,3.4811,,0.479,0.739,2,-6.05,1,0.0272,0.00551,0.0,0.343,0.384,83.315,audio_features,5lCo5YS3vPfq2EeUbDUxc8,spotify:track:5lCo5YS3vPfq2EeUbDUxc8,https://api.spotify.com/v1/tracks/5lCo5YS3vPfq2EeUbDUxc8,https://api.spotify.com/v1/audio-analysis/5lCo5YS3vPfq2EeUbDUxc8,208867,3
Home For Christmas (Deluxe Version),2OkMfIZVXt3ju1eRrKt9W9,1998-11-10,16,In Love on Christmas,3OyeE8p6KGDJ8FMW89yWns,4.092216666666666,,0.693,0.747,8,-5.781,0,0.0352,0.067,0.0,0.337,0.712,126.068,audio_features,3OyeE8p6KGDJ8FMW89yWns,spotify:track:3OyeE8p6KGDJ8FMW89yWns,https://api.spotify.com/v1/tracks/3OyeE8p6KGDJ8FMW89yWns,https://api.spotify.com/v1/audio-analysis/3OyeE8p6KGDJ8FMW89yWns,245533,4
Home For Christmas (Deluxe Version),2OkMfIZVXt3ju1eRrKt9W9,1998-11-10,16,It's Christmas,0nYY9nE0G06YyWMElxnUqD,4.504883333333333,,0.549,0.453,0,-9.369,1,0.0275,0.285,0.0,0.227,0.256,135.987,audio_features,0nYY9nE0G06YyWMElxnUqD,spotify:track:0nYY9nE0G06YyWMElxnUqD,https://api.spotify.com/v1/tracks/0nYY9nE0G06YyWMElxnUqD,https://api.spotify.com/v1/audio-analysis/0nYY9nE0G06YyWMElxnUqD,270293,4
Home For Christmas (Deluxe Version),2OkMfIZVXt3ju1eRrKt9W9,1998-11-10,16,O Holy Night - A Cappella,3wlt1psIQ2SjsTPIPjcv3p,3.558883333333333,,0.225,0.214,5,-12.011,1,0.028,0.906,0.0,0.109,0.301,86.234,audio_features,3wlt1psIQ2SjsTPIPjcv3p,spotify:track:3wlt1psIQ2SjsTPIPjcv3p,https://api.spotify.com/v1/tracks/3wlt1psIQ2SjsTPIPjcv3p,https://api.spotify.com/v1/audio-analysis/3wlt1psIQ2SjsTPIPjcv3p,213533,3
Home For Christmas (Deluxe Version),2OkMfIZVXt3ju1eRrKt9W9,1998-11-10,16,Love's in Our Hearts on Christmas Day,5fqtz2WOUC9bY0CoGgv4YE,3.9162166666666662,,0.306,0.288,2,-10.167,1,0.0265,0.789,1.35e-05,0.278,0.18,93.668,audio_features,5fqtz2WOUC9bY0CoGgv4YE,spotify:track:5fqtz2WOUC9bY0CoGgv4YE,https://api.spotify.com/v1/tracks/5fqtz2WOUC9bY0CoGgv4YE,https://api.spotify.com/v1/audio-analysis/5fqtz2WOUC9bY0CoGgv4YE,234973,4
Home For Christmas (Deluxe Version),2OkMfIZVXt3ju1eRrKt9W9,1998-11-10,16,The Only Gift,7Kxy3E6t8qvDq1xaBv5s6Z,3.868216666666666,,0.463,0.509,4,-7.967,1,0.0272,0.227,0.0,0.221,0.226,161.714,audio_features,7Kxy3E6t8qvDq1xaBv5s6Z,spotify:track:7Kxy3E6t8qvDq1xaBv5s6Z,https://api.spotify.com/v1/tracks/7Kxy3E6t8qvDq1xaBv5s6Z,https://api.spotify.com/v1/audio-analysis/7Kxy3E6t8qvDq1xaBv5s6Z,232093,4
Home For Christmas (Deluxe Version),2OkMfIZVXt3ju1eRrKt9W9,1998-11-10,16,Kiss Me at Midnight,5RcnHgrGq4UQFdib26wwv6,3.4833333333333334,,0.71,0.942,9,-4.179,1,0.0321,0.0167,3.87e-05,0.307,0.914,118.014,audio_features,5RcnHgrGq4UQFdib26wwv6,spotify:track:5RcnHgrGq4UQFdib26wwv6,https://api.spotify.com/v1/tracks/5RcnHgrGq4UQFdib26wwv6,https://api.spotify.com/v1/audio-analysis/5RcnHgrGq4UQFdib26wwv6,209000,4
Home For Christmas (Deluxe Version),2OkMfIZVXt3ju1eRrKt9W9,1998-11-10,16,I Don't Wanna Spend One More Christmas Without You,76D8jOHpc25GO952UlCbla,4.03,,0.568,0.557,0,-6.247,1,0.0302,0.514,0.0,0.109,0.167,73.966,audio_features,76D8jOHpc25GO952UlCbla,spotify:track:76D8jOHpc25GO952UlCbla,https://api.spotify.com/v1/tracks/76D8jOHpc25GO952UlCbla,https://api.spotify.com/v1/audio-analysis/76D8jOHpc25GO952UlCbla,241800,4
Home For Christmas (Deluxe Version),2OkMfIZVXt3ju1eRrKt9W9,1998-11-10,16,You Don't Have to Be Alone,3E55iajp4qo7mioNJ071tN,4.534533333333333,,0.568,0.384,8,-9.99,1,0.0246,0.37,0.0,0.247,0.325,103.972,audio_features,3E55iajp4qo7mioNJ071tN,spotify:track:3E55iajp4qo7mioNJ071tN,https://api.spotify.com/v1/tracks/3E55iajp4qo7mioNJ071tN,https://api.spotify.com/v1/audio-analysis/3E55iajp4qo7mioNJ071tN,272073,4
Home For Christmas,6uIB97CqMcssTss9WrtX8c,1998-10-27,14,Home for Christmas,3cNhneDghtV9yHK2KeF0Es,4.490433333333334,,0.6,0.684,9,-6.775,1,0.0376,0.425,0.0,0.124,0.458,80.902,audio_features,3cNhneDghtV9yHK2KeF0Es,spotify:track:3cNhneDghtV9yHK2KeF0Es,https://api.spotify.com/v1/tracks/3cNhneDghtV9yHK2KeF0Es,https://api.spotify.com/v1/audio-analysis/3cNhneDghtV9yHK2KeF0Es,269427,4
Home For Christmas,6uIB97CqMcssTss9WrtX8c,1998-10-27,14,Under My Tree,6QTbNadGXZ2xUGQ0nZEhLw,4.56955,,0.529,0.592,8,-4.982,0,0.0266,0.00755,0.0,0.132,0.217,154.01,audio_features,6QTbNadGXZ2xUGQ0nZEhLw,spotify:track:6QTbNadGXZ2xUGQ0nZEhLw,https://api.spotify.com/v1/tracks/6QTbNadGXZ2xUGQ0nZEhLw,https://api.spotify.com/v1/audio-analysis/6QTbNadGXZ2xUGQ0nZEhLw,274173,3
Home For Christmas,6uIB97CqMcssTss9WrtX8c,1998-10-27,14,I Never Knew the Meaning of Christmas,60tynZB6YaV1Zt3MuodxWZ,4.798216666666667,,0.595,0.701,9,-6.562,1,0.0247,0.105,0.0,0.141,0.374,84.019,audio_features,60tynZB6YaV1Zt3MuodxWZ,spotify:track:60tynZB6YaV1Zt3MuodxWZ,https://api.spotify.com/v1/tracks/60tynZB6YaV1Zt3MuodxWZ,https://api.spotify.com/v1/audio-analysis/60tynZB6YaV1Zt3MuodxWZ,287893,4
Home For Christmas,6uIB97CqMcssTss9WrtX8c,1998-10-27,14,"Merry Christmas, Happy Holidays",4v9WbaxW8HdjqfUiWYWsII,4.2551,,0.643,0.939,5,-3.967,1,0.0463,0.104,0.0,0.881,0.756,104.999,audio_features,4v9WbaxW8HdjqfUiWYWsII,spotify:track:4v9WbaxW8HdjqfUiWYWsII,https://api.spotify.com/v1/tracks/4v9WbaxW8HdjqfUiWYWsII,https://api.spotify.com/v1/audio-analysis/4v9WbaxW8HdjqfUiWYWsII,255307,4
Home For Christmas,6uIB97CqMcssTss9WrtX8c,1998-10-27,14,The Christmas Song (Chestnuts Roasting on an Open Fire),7y8Wc2WQvyG05lpO0fBTtv,3.2582166666666668,,0.521,0.517,7,-9.974,1,0.0243,0.325,1.84e-05,0.225,0.334,102.427,audio_features,7y8Wc2WQvyG05lpO0fBTtv,spotify:track:7y8Wc2WQvyG05lpO0fBTtv,https://api.spotify.com/v1/tracks/7y8Wc2WQvyG05lpO0fBTtv,https://api.spotify.com/v1/audio-analysis/7y8Wc2WQvyG05lpO0fBTtv,195493,3
Home For Christmas,6uIB97CqMcssTss9WrtX8c,1998-10-27,14,I Guess It's Christmas Time,0O3qXS5DEEqqOjYxGMhHjS,3.896216666666666,,0.464,0.535,6,-6.122,1,0.0241,0.123,0.0,0.179,0.274,146.542,audio_features,0O3qXS5DEEqqOjYxGMhHjS,spotify:track:0O3qXS5DEEqqOjYxGMhHjS,https://api.spotify.com/v1/tracks/0O3qXS5DEEqqOjYxGMhHjS,https://api.spotify.com/v1/audio-analysis/0O3qXS5DEEqqOjYxGMhHjS,233773,4
Home For Christmas,6uIB97CqMcssTss9WrtX8c,1998-10-27,14,All I Want Is You (This Christmas),42ahZK39o2uryeHVJbjqc0,3.7582166666666663,,0.587,0.837,7,-5.645,1,0.0258,0.132,0.00015,0.407,0.545,95.016,audio_features,42ahZK39o2uryeHVJbjqc0,spotify:track:42ahZK39o2uryeHVJbjqc0,https://api.spotify.com/v1/tracks/42ahZK39o2uryeHVJbjqc0,https://api.spotify.com/v1/audio-analysis/42ahZK39o2uryeHVJbjqc0,225493,4
Home For Christmas,6uIB97CqMcssTss9WrtX8c,1998-10-27,14,The First Noel,07iHbbigSDl7kcWjKaiM3g,3.5051,,0.479,0.761,2,-6.008,1,0.0274,0.00657,0.0,0.232,0.361,83.308,audio_features,07iHbbigSDl7kcWjKaiM3g,spotify:track:07iHbbigSDl7kcWjKaiM3g,https://api.spotify.com/v1/tracks/07iHbbigSDl7kcWjKaiM3g,https://api.spotify.com/v1/audio-analysis/07iHbbigSDl7kcWjKaiM3g,210307,3
Home For Christmas,6uIB97CqMcssTss9WrtX8c,1998-10-27,14,In Love on Christmas,4fxvrCE59SCkLu5ardAXAT,4.1371,,0.693,0.751,11,-5.761,1,0.0299,0.066,0.0,0.316,0.691,126.07,audio_features,4fxvrCE59SCkLu5ardAXAT,spotify:track:4fxvrCE59SCkLu5ardAXAT,https://api.spotify.com/v1/tracks/4fxvrCE59SCkLu5ardAXAT,https://api.spotify.com/v1/audio-analysis/4fxvrCE59SCkLu5ardAXAT,248227,4
Home For Christmas,6uIB97CqMcssTss9WrtX8c,1998-10-27,14,It's Christmas,0piPAJS8d1xLTK57tX8quf,4.502883333333333,,0.548,0.449,0,-9.361,1,0.0286,0.306,0.0,0.226,0.258,135.986,audio_features,0piPAJS8d1xLTK57tX8quf,spotify:track:0piPAJS8d1xLTK57tX8quf,https://api.spotify.com/v1/tracks/0piPAJS8d1xLTK57tX8quf,https://api.spotify.com/v1/audio-analysis/0piPAJS8d1xLTK57tX8quf,270173,4
Home For Christmas,6uIB97CqMcssTss9WrtX8c,1998-10-27,14,O Holy Night - A Cappella,7JkCwoxICUtwg2PrvxBlJ5,3.5933333333333333,,0.199,0.217,5,-11.992,1,0.0293,0.901,0.0,0.107,0.299,187.112,audio_features,7JkCwoxICUtwg2PrvxBlJ5,spotify:track:7JkCwoxICUtwg2PrvxBlJ5,https://api.spotify.com/v1/tracks/7JkCwoxICUtwg2PrvxBlJ5,https://api.spotify.com/v1/audio-analysis/7JkCwoxICUtwg2PrvxBlJ5,215600,3
Home For Christmas,6uIB97CqMcssTss9WrtX8c,1998-10-27,14,Love's in Our Hearts on Christmas Day,3WpYTjY9L7QxUhIjMf9pFa,3.933333333333333,,0.216,0.28,2,-10.179,1,0.0306,0.784,1.6e-05,0.222,0.181,87.642,audio_features,3WpYTjY9L7QxUhIjMf9pFa,spotify:track:3WpYTjY9L7QxUhIjMf9pFa,https://api.spotify.com/v1/tracks/3WpYTjY9L7QxUhIjMf9pFa,https://api.spotify.com/v1/audio-analysis/3WpYTjY9L7QxUhIjMf9pFa,236000,4
Home For Christmas,6uIB97CqMcssTss9WrtX8c,1998-10-27,14,The Only Gift,10CPaH7on90QzTUxbxT20L,3.884883333333333,,0.533,0.52,4,-7.94,1,0.0249,0.237,0.0,0.257,0.189,80.878,audio_features,10CPaH7on90QzTUxbxT20L,spotify:track:10CPaH7on90QzTUxbxT20L,https://api.spotify.com/v1/tracks/10CPaH7on90QzTUxbxT20L,https://api.spotify.com/v1/audio-analysis/10CPaH7on90QzTUxbxT20L,233093,4
Home For Christmas,6uIB97CqMcssTss9WrtX8c,1998-10-27,14,Kiss Me at Midnight,4mOPMSyc9tQsiB4BWFshbQ,3.5197666666666665,,0.706,0.948,9,-4.199,1,0.0318,0.0173,6.87e-05,0.256,0.88,118.021,audio_features,4mOPMSyc9tQsiB4BWFshbQ,spotify:track:4mOPMSyc9tQsiB4BWFshbQ,https://api.spotify.com/v1/tracks/4mOPMSyc9tQsiB4BWFshbQ,https://api.spotify.com/v1/audio-analysis/4mOPMSyc9tQsiB4BWFshbQ,211187,4
'N Sync,0CADmCXbIx4F9m6TBwLtFd,1997-05-26,13,Tearin' up My Heart - Radio Edit,594M0rqYMOo8BhMGEdoi5C,3.5166666666666666,,0.686,0.915,7,-4.447,1,0.0364,0.0028,7.16e-06,0.233,0.796,110.054,audio_features,594M0rqYMOo8BhMGEdoi5C,spotify:track:594M0rqYMOo8BhMGEdoi5C,https://api.spotify.com/v1/tracks/594M0rqYMOo8BhMGEdoi5C,https://api.spotify.com/v1/audio-analysis/594M0rqYMOo8BhMGEdoi5C,211000,4
'N Sync,0CADmCXbIx4F9m6TBwLtFd,1997-05-26,13,I Just Wanna Be With You,7bOhbmnTHY49dgNZYRls6p,4.056666666666667,,0.689,0.797,10,-4.592,0,0.0426,0.000704,0.0604,0.0232,0.808,103.678,audio_features,7bOhbmnTHY49dgNZYRls6p,spotify:track:7bOhbmnTHY49dgNZYRls6p,https://api.spotify.com/v1/tracks/7bOhbmnTHY49dgNZYRls6p,https://api.spotify.com/v1/audio-analysis/7bOhbmnTHY49dgNZYRls6p,243400,4
'N Sync,0CADmCXbIx4F9m6TBwLtFd,1997-05-26,13,Here We Go - Radio Cut,0aYMFyDeGgOIUUMqfGYg00,3.597766666666667,,0.753,0.876,0,-4.816,1,0.0579,0.0261,0.0,0.306,0.694,112.994,audio_features,0aYMFyDeGgOIUUMqfGYg00,spotify:track:0aYMFyDeGgOIUUMqfGYg00,https://api.spotify.com/v1/tracks/0aYMFyDeGgOIUUMqfGYg00,https://api.spotify.com/v1/audio-analysis/0aYMFyDeGgOIUUMqfGYg00,215867,4
'N Sync,0CADmCXbIx4F9m6TBwLtFd,1997-05-26,13,For The Girl Who Has Everything - Club Mix,5gvSsnnKJQYt16VhWqOeeQ,3.77,,0.594,0.653,2,-5.447,0,0.0307,0.0385,0.0,0.048,0.58,170.212,audio_features,5gvSsnnKJQYt16VhWqOeeQ,spotify:track:5gvSsnnKJQYt16VhWqOeeQ,https://api.spotify.com/v1/tracks/5gvSsnnKJQYt16VhWqOeeQ,https://api.spotify.com/v1/audio-analysis/5gvSsnnKJQYt16VhWqOeeQ,226200,4
'N Sync,0CADmCXbIx4F9m6TBwLtFd,1997-05-26,13,(God Must Have Spent) A Little More Time On You,4mljNnZ2eaXKSbEAOzLlLE,4.716,,0.6,0.544,10,-8.863,1,0.0358,0.441,0.0,0.255,0.32,83.992,audio_features,4mljNnZ2eaXKSbEAOzLlLE,spotify:track:4mljNnZ2eaXKSbEAOzLlLE,https://api.spotify.com/v1/tracks/4mljNnZ2eaXKSbEAOzLlLE,https://api.spotify.com/v1/audio-analysis/4mljNnZ2eaXKSbEAOzLlLE,282960,4
'N Sync,0CADmCXbIx4F9m6TBwLtFd,1997-05-26,13,You Got It,1ORRJYYnoa6GlTIvMHLdjZ,3.560666666666666,,0.692,0.931,5,-4.262,0,0.0369,0.0546,0.000238,0.0635,0.894,116.645,audio_features,1ORRJYYnoa6GlTIvMHLdjZ,spotify:track:1ORRJYYnoa6GlTIvMHLdjZ,https://api.spotify.com/v1/tracks/1ORRJYYnoa6GlTIvMHLdjZ,https://api.spotify.com/v1/audio-analysis/1ORRJYYnoa6GlTIvMHLdjZ,213640,4
'N Sync,0CADmCXbIx4F9m6TBwLtFd,1997-05-26,13,I Need Love,3N5JmzrSKMt9O9matw3hrn,3.2493333333333334,,0.56,0.981,9,-4.697,0,0.0355,4.06e-05,1.26e-05,0.35,0.881,129.999,audio_features,3N5JmzrSKMt9O9matw3hrn,spotify:track:3N5JmzrSKMt9O9matw3hrn,https://api.spotify.com/v1/tracks/3N5JmzrSKMt9O9matw3hrn,https://api.spotify.com/v1/audio-analysis/3N5JmzrSKMt9O9matw3hrn,194960,4
'N Sync,0CADmCXbIx4F9m6TBwLtFd,1997-05-26,13,I Want You Back - Radio Edit,5YTMRAT4yKgFrepF8Hi3mY,3.3684333333333334,,0.758,0.93,8,-3.22,0,0.0425,0.0503,0.000226,0.325,0.853,112.042,audio_features,5YTMRAT4yKgFrepF8Hi3mY,spotify:track:5YTMRAT4yKgFrepF8Hi3mY,https://api.spotify.com/v1/tracks/5YTMRAT4yKgFrepF8Hi3mY,https://api.spotify.com/v1/audio-analysis/5YTMRAT4yKgFrepF8Hi3mY,202107,4
'N Sync,0CADmCXbIx4F9m6TBwLtFd,1997-05-26,13,Everything I Own,2DrxV6hp0zGQ6LX7B3aI4j,3.9782166666666665,,0.521,0.732,9,-5.949,1,0.0565,0.154,0.0,0.142,0.396,83.049,audio_features,2DrxV6hp0zGQ6LX7B3aI4j,spotify:track:2DrxV6hp0zGQ6LX7B3aI4j,https://api.spotify.com/v1/tracks/2DrxV6hp0zGQ6LX7B3aI4j,https://api.spotify.com/v1/audio-analysis/2DrxV6hp0zGQ6LX7B3aI4j,238693,4
'N Sync,0CADmCXbIx4F9m6TBwLtFd,1997-05-26,13,Thinking of You (I Drive Myself Crazy),2lFmoFR906U2ztvMMuJ0ep,3.99555,,0.495,0.704,9,-5.26,1,0.0331,0.0184,0.0,0.19,0.407,174.056,audio_features,2lFmoFR906U2ztvMMuJ0ep,spotify:track:2lFmoFR906U2ztvMMuJ0ep,https://api.spotify.com/v1/tracks/2lFmoFR906U2ztvMMuJ0ep,https://api.spotify.com/v1/audio-analysis/2lFmoFR906U2ztvMMuJ0ep,239733,4
'N Sync,0CADmCXbIx4F9m6TBwLtFd,1997-05-26,13,Crazy For You,612bpswbcCmHEudXJ9EHOK,3.6944333333333335,,0.733,0.876,9,-5.755,1,0.0326,0.00184,2.06e-05,0.321,0.877,115.901,audio_features,612bpswbcCmHEudXJ9EHOK,spotify:track:612bpswbcCmHEudXJ9EHOK,https://api.spotify.com/v1/tracks/612bpswbcCmHEudXJ9EHOK,https://api.spotify.com/v1/audio-analysis/612bpswbcCmHEudXJ9EHOK,221667,4
'N Sync,0CADmCXbIx4F9m6TBwLtFd,1997-05-26,13,Sailing,5oKqhBnIUcqfluUVvUbJ7U,4.6273333333333335,,0.426,0.714,9,-5.09,1,0.0314,0.0317,0.000302,0.362,0.213,75.03,audio_features,5oKqhBnIUcqfluUVvUbJ7U,spotify:track:5oKqhBnIUcqfluUVvUbJ7U,https://api.spotify.com/v1/tracks/5oKqhBnIUcqfluUVvUbJ7U,https://api.spotify.com/v1/audio-analysis/5oKqhBnIUcqfluUVvUbJ7U,277640,4
'N Sync,0CADmCXbIx4F9m6TBwLtFd,1997-05-26,13,Giddy Up,0Yu21Cpdic4CdQtcHC31gu,4.1466666666666665,,0.738,0.868,2,-4.068,1,0.178,0.0252,0.0,0.817,0.656,93.022,audio_features,0Yu21Cpdic4CdQtcHC31gu,spotify:track:0Yu21Cpdic4CdQtcHC31gu,https://api.spotify.com/v1/tracks/0Yu21Cpdic4CdQtcHC31gu,https://api.spotify.com/v1/audio-analysis/0Yu21Cpdic4CdQtcHC31gu,248800,4
*NSYNC,0VoP8GVV2gfajU8IyocdRo,1997-05-20,14,Tearin' Up My Heart - Extended Version,4rpax3BVCOgoRYHFdR4WWN,4.7711,,0.693,0.905,7,-7.51,1,0.0466,0.0121,2.2e-05,0.368,0.831,110.054,audio_features,4rpax3BVCOgoRYHFdR4WWN,spotify:track:4rpax3BVCOgoRYHFdR4WWN,https://api.spotify.com/v1/tracks/4rpax3BVCOgoRYHFdR4WWN,https://api.spotify.com/v1/audio-analysis/4rpax3BVCOgoRYHFdR4WWN,286267,4
*NSYNC,0VoP8GVV2gfajU8IyocdRo,1997-05-20,14,You Got It,1iCkCB5GNUd420lZYSa4KE,3.5511,,0.692,0.904,5,-6.497,0,0.0369,0.123,7.21e-05,0.0646,0.908,116.616,audio_features,1iCkCB5GNUd420lZYSa4KE,spotify:track:1iCkCB5GNUd420lZYSa4KE,https://api.spotify.com/v1/tracks/1iCkCB5GNUd420lZYSa4KE,https://api.spotify.com/v1/audio-analysis/1iCkCB5GNUd420lZYSa4KE,213067,4
*NSYNC,0VoP8GVV2gfajU8IyocdRo,1997-05-20,14,Sailing,6TH1nd0u45bJvAdmP7Cw8y,4.616216666666666,,0.467,0.555,9,-9.233,1,0.0306,0.0475,2.58e-06,0.391,0.246,75.005,audio_features,6TH1nd0u45bJvAdmP7Cw8y,spotify:track:6TH1nd0u45bJvAdmP7Cw8y,https://api.spotify.com/v1/tracks/6TH1nd0u45bJvAdmP7Cw8y,https://api.spotify.com/v1/audio-analysis/6TH1nd0u45bJvAdmP7Cw8y,276973,4
*NSYNC,0VoP8GVV2gfajU8IyocdRo,1997-05-20,14,Crazy For You,6b9MAuWDPcIm4GhnLyOhqV,3.6722166666666665,,0.748,0.837,2,-7.723,1,0.0317,0.0118,0.0,0.299,0.94,115.876,audio_features,6b9MAuWDPcIm4GhnLyOhqV,spotify:track:6b9MAuWDPcIm4GhnLyOhqV,https://api.spotify.com/v1/tracks/6b9MAuWDPcIm4GhnLyOhqV,https://api.spotify.com/v1/audio-analysis/6b9MAuWDPcIm4GhnLyOhqV,220333,4
*NSYNC,0VoP8GVV2gfajU8IyocdRo,1997-05-20,14,Riddle,6ZPk8d1PV2V9ni52tTyMPc,3.68555,,0.724,0.979,2,-7.75,1,0.0464,0.0216,4.39e-06,0.204,0.756,136.978,audio_features,6ZPk8d1PV2V9ni52tTyMPc,spotify:track:6ZPk8d1PV2V9ni52tTyMPc,https://api.spotify.com/v1/tracks/6ZPk8d1PV2V9ni52tTyMPc,https://api.spotify.com/v1/audio-analysis/6ZPk8d1PV2V9ni52tTyMPc,221133,4
*NSYNC,0VoP8GVV2gfajU8IyocdRo,1997-05-20,14,For The Girl Who Has Everything,65FdDHZuu54GGRgDaGmfQn,3.856,,0.594,0.532,10,-8.962,1,0.0309,0.104,0.0,0.0358,0.591,170.238,audio_features,65FdDHZuu54GGRgDaGmfQn,spotify:track:65FdDHZuu54GGRgDaGmfQn,https://api.spotify.com/v1/tracks/65FdDHZuu54GGRgDaGmfQn,https://api.spotify.com/v1/audio-analysis/65FdDHZuu54GGRgDaGmfQn,231360,4
*NSYNC,0VoP8GVV2gfajU8IyocdRo,1997-05-20,14,I Need Love,0CxVpHZrNIZXkxBnFO96KG,3.2477666666666667,,0.543,0.978,9,-6.955,0,0.0364,0.000163,1.49e-05,0.348,0.908,130.009,audio_features,0CxVpHZrNIZXkxBnFO96KG,spotify:track:0CxVpHZrNIZXkxBnFO96KG,https://api.spotify.com/v1/tracks/0CxVpHZrNIZXkxBnFO96KG,https://api.spotify.com/v1/audio-analysis/0CxVpHZrNIZXkxBnFO96KG,194867,4
*NSYNC,0VoP8GVV2gfajU8IyocdRo,1997-05-20,14,Giddy Up,1pQHBNAFi5flKtboCd60Yw,4.142216666666667,,0.742,0.758,2,-7.817,1,0.0996,0.0925,0.0,0.873,0.635,93.009,audio_features,1pQHBNAFi5flKtboCd60Yw,spotify:track:1pQHBNAFi5flKtboCd60Yw,https://api.spotify.com/v1/tracks/1pQHBNAFi5flKtboCd60Yw,https://api.spotify.com/v1/audio-analysis/1pQHBNAFi5flKtboCd60Yw,248533,4
*NSYNC,0VoP8GVV2gfajU8IyocdRo,1997-05-20,14,Here We Go - Radio Cut,2EsbDFU0G70s2yaW0lqK6b,3.584433333333333,,0.761,0.812,0,-6.967,1,0.0469,0.0424,0.0,0.277,0.716,112.98,audio_features,2EsbDFU0G70s2yaW0lqK6b,spotify:track:2EsbDFU0G70s2yaW0lqK6b,https://api.spotify.com/v1/tracks/2EsbDFU0G70s2yaW0lqK6b,https://api.spotify.com/v1/audio-analysis/2EsbDFU0G70s2yaW0lqK6b,215067,4
*NSYNC,0VoP8GVV2gfajU8IyocdRo,1997-05-20,14,Best of My Life,2Kyk6nHaLwO88dlhLvhvwO,4.74,,0.599,0.321,10,-10.045,1,0.0281,0.0112,0.0,0.635,0.4,161.884,audio_features,2Kyk6nHaLwO88dlhLvhvwO,spotify:track:2Kyk6nHaLwO88dlhLvhvwO,https://api.spotify.com/v1/tracks/2Kyk6nHaLwO88dlhLvhvwO,https://api.spotify.com/v1/audio-analysis/2Kyk6nHaLwO88dlhLvhvwO,284400,3
*NSYNC,0VoP8GVV2gfajU8IyocdRo,1997-05-20,14,More Than a Feeling,37yhwtBD9pgCB91bHmbycg,3.711766666666666,,0.628,0.492,7,-10.445,1,0.0363,0.166,0.0,0.223,0.387,126.769,audio_features,37yhwtBD9pgCB91bHmbycg,spotify:track:37yhwtBD9pgCB91bHmbycg,https://api.spotify.com/v1/tracks/37yhwtBD9pgCB91bHmbycg,https://api.spotify.com/v1/audio-analysis/37yhwtBD9pgCB91bHmbycg,222707,3
*NSYNC,0VoP8GVV2gfajU8IyocdRo,1997-05-20,14,"I Want You Back ( Achtung: Extended Version soll bei dieser CD nicht dabeistehen, kann jedoch aus RAAS-technischen gründen nicht entfernt werden) - Long Version",6XsioOnDz1IoFyMd7CyEAZ,4.386,,0.806,0.872,8,-6.276,0,0.0465,0.0861,0.0111,0.164,0.886,112.056,audio_features,6XsioOnDz1IoFyMd7CyEAZ,spotify:track:6XsioOnDz1IoFyMd7CyEAZ,https://api.spotify.com/v1/tracks/6XsioOnDz1IoFyMd7CyEAZ,https://api.spotify.com/v1/audio-analysis/6XsioOnDz1IoFyMd7CyEAZ,263160,4
*NSYNC,0VoP8GVV2gfajU8IyocdRo,1997-05-20,14,Together Again,7KOyjzeuqlHnUU8iWe6sHE,4.136216666666667,,0.641,0.637,7,-11.073,1,0.0363,0.00877,0.0843,0.0616,0.906,120.003,audio_features,7KOyjzeuqlHnUU8iWe6sHE,spotify:track:7KOyjzeuqlHnUU8iWe6sHE,https://api.spotify.com/v1/tracks/7KOyjzeuqlHnUU8iWe6sHE,https://api.spotify.com/v1/audio-analysis/7KOyjzeuqlHnUU8iWe6sHE,248173,4
*NSYNC,0VoP8GVV2gfajU8IyocdRo,1997-05-20,14,Forever Young,1fG15RMFTdukJaaHR8JXNp,4.123333333333333,,0.532,0.938,1,-8.697,1,0.0392,0.131,0.0,0.168,0.748,140.01,audio_features,1fG15RMFTdukJaaHR8JXNp,spotify:track:1fG15RMFTdukJaaHR8JXNp,https://api.spotify.com/v1/tracks/1fG15RMFTdukJaaHR8JXNp,https://api.spotify.com/v1/audio-analysis/1fG15RMFTdukJaaHR8JXNp,247400,4
'N Sync UK Version,6kqqmrKx3jC1IC8uj8nEAe,1997,14,Tearin' up My Heart - Radio Edit,1ZXhJQWXlYEEkxfQykd4CX,3.49,,0.687,0.918,7,-4.676,1,0.0392,0.00211,1.26e-05,0.344,0.747,110.06,audio_features,1ZXhJQWXlYEEkxfQykd4CX,spotify:track:1ZXhJQWXlYEEkxfQykd4CX,https://api.spotify.com/v1/tracks/1ZXhJQWXlYEEkxfQykd4CX,https://api.spotify.com/v1/audio-analysis/1ZXhJQWXlYEEkxfQykd4CX,209400,4
'N Sync UK Version,6kqqmrKx3jC1IC8uj8nEAe,1997,14,I Just Wanna Be With You,1LBfUPK9wq4cXrbRsIpOZE,4.030433333333334,,0.686,0.812,11,-5.103,1,0.0434,0.000787,0.0541,0.0398,0.868,103.677,audio_features,1LBfUPK9wq4cXrbRsIpOZE,spotify:track:1LBfUPK9wq4cXrbRsIpOZE,https://api.spotify.com/v1/tracks/1LBfUPK9wq4cXrbRsIpOZE,https://api.spotify.com/v1/audio-analysis/1LBfUPK9wq4cXrbRsIpOZE,241827,4
'N Sync UK Version,6kqqmrKx3jC1IC8uj8nEAe,1997,14,Here We Go - Radio Cut,1MTDCx6nltJL0P2NvLbbj0,3.56555,,0.75,0.877,0,-4.614,1,0.0575,0.0283,0.0,0.527,0.751,113.0,audio_features,1MTDCx6nltJL0P2NvLbbj0,spotify:track:1MTDCx6nltJL0P2NvLbbj0,https://api.spotify.com/v1/tracks/1MTDCx6nltJL0P2NvLbbj0,https://api.spotify.com/v1/audio-analysis/1MTDCx6nltJL0P2NvLbbj0,213933,4
'N Sync UK Version,6kqqmrKx3jC1IC8uj8nEAe,1997,14,For The Girl Who Has Everything - Club Mix,6qvdMKPhRk51A8GXGUdPhz,3.740433333333333,,0.656,0.658,2,-5.448,0,0.0261,0.0354,0.0,0.0437,0.609,85.076,audio_features,6qvdMKPhRk51A8GXGUdPhz,spotify:track:6qvdMKPhRk51A8GXGUdPhz,https://api.spotify.com/v1/tracks/6qvdMKPhRk51A8GXGUdPhz,https://api.spotify.com/v1/audio-analysis/6qvdMKPhRk51A8GXGUdPhz,224427,4
'N Sync UK Version,6kqqmrKx3jC1IC8uj8nEAe,1997,14,(God Must Have Spent) A Little More Time On You - Remix,68q1cQq2MnTTQKyOkly6CC,4.024883333333333,,0.375,0.527,10,-8.422,1,0.0507,0.449,0.0,0.305,0.303,167.242,audio_features,68q1cQq2MnTTQKyOkly6CC,spotify:track:68q1cQq2MnTTQKyOkly6CC,https://api.spotify.com/v1/tracks/68q1cQq2MnTTQKyOkly6CC,https://api.spotify.com/v1/audio-analysis/68q1cQq2MnTTQKyOkly6CC,241493,4
'N Sync UK Version,6kqqmrKx3jC1IC8uj8nEAe,1997,14,You Got It,76aQaXnUJK8QnxzdmqsV0q,3.52,,0.692,0.934,5,-4.611,0,0.0393,0.068,0.000331,0.0707,0.891,116.648,audio_features,76aQaXnUJK8QnxzdmqsV0q,spotify:track:76aQaXnUJK8QnxzdmqsV0q,https://api.spotify.com/v1/tracks/76aQaXnUJK8QnxzdmqsV0q,https://api.spotify.com/v1/audio-analysis/76aQaXnUJK8QnxzdmqsV0q,211200,4
'N Sync UK Version,6kqqmrKx3jC1IC8uj8nEAe,1997,14,I Need Love,7ugn7gej1XyEfvUiVvZD8G,3.210433333333333,,0.54,0.986,9,-4.368,0,0.037,3.34e-05,8.26e-06,0.369,0.868,129.987,audio_features,7ugn7gej1XyEfvUiVvZD8G,spotify:track:7ugn7gej1XyEfvUiVvZD8G,https://api.spotify.com/v1/tracks/7ugn7gej1XyEfvUiVvZD8G,https://api.spotify.com/v1/audio-analysis/7ugn7gej1XyEfvUiVvZD8G,192627,4
'N Sync UK Version,6kqqmrKx3jC1IC8uj8nEAe,1997,14,I Want You Back - Radio Edit,3b0iqOwB5hjx07h99q2JJe,3.3406666666666665,,0.751,0.939,8,-3.305,0,0.0466,0.0521,0.00056,0.477,0.905,112.041,audio_features,3b0iqOwB5hjx07h99q2JJe,spotify:track:3b0iqOwB5hjx07h99q2JJe,https://api.spotify.com/v1/tracks/3b0iqOwB5hjx07h99q2JJe,https://api.spotify.com/v1/audio-analysis/3b0iqOwB5hjx07h99q2JJe,200440,4
'N Sync UK Version,6kqqmrKx3jC1IC8uj8nEAe,1997,14,Everything I Own,5TnmjPbgKaSV2xXzeaUVNy,3.9188833333333335,,0.524,0.732,9,-6.538,1,0.0542,0.147,0.0,0.139,0.379,83.023,audio_features,5TnmjPbgKaSV2xXzeaUVNy,spotify:track:5TnmjPbgKaSV2xXzeaUVNy,https://api.spotify.com/v1/tracks/5TnmjPbgKaSV2xXzeaUVNy,https://api.spotify.com/v1/audio-analysis/5TnmjPbgKaSV2xXzeaUVNy,235133,4
'N Sync UK Version,6kqqmrKx3jC1IC8uj8nEAe,1997,14,Thinking Of You (I Drive Myself Crazy) - Remix,6mmanwbLKhhlgEbOIvQo5c,4.012216666666666,,0.562,0.718,9,-6.551,1,0.0269,0.0433,0.0,0.174,0.51,86.964,audio_features,6mmanwbLKhhlgEbOIvQo5c,spotify:track:6mmanwbLKhhlgEbOIvQo5c,https://api.spotify.com/v1/tracks/6mmanwbLKhhlgEbOIvQo5c,https://api.spotify.com/v1/audio-analysis/6mmanwbLKhhlgEbOIvQo5c,240733,4
'N Sync UK Version,6kqqmrKx3jC1IC8uj8nEAe,1997,14,Crazy For You,2K5MidiITCrtnImTba3pvU,3.656,,0.731,0.898,9,-5.649,1,0.0359,0.0021,1.79e-05,0.387,0.901,115.905,audio_features,2K5MidiITCrtnImTba3pvU,spotify:track:2K5MidiITCrtnImTba3pvU,https://api.spotify.com/v1/tracks/2K5MidiITCrtnImTba3pvU,https://api.spotify.com/v1/audio-analysis/2K5MidiITCrtnImTba3pvU,219360,4
'N Sync UK Version,6kqqmrKx3jC1IC8uj8nEAe,1997,14,Sailing,7tUbYPrpUrJj5gkyrKXlzA,4.587766666666667,,0.409,0.707,9,-5.526,1,0.0322,0.041,0.000934,0.373,0.254,75.023,audio_features,7tUbYPrpUrJj5gkyrKXlzA,spotify:track:7tUbYPrpUrJj5gkyrKXlzA,https://api.spotify.com/v1/tracks/7tUbYPrpUrJj5gkyrKXlzA,https://api.spotify.com/v1/audio-analysis/7tUbYPrpUrJj5gkyrKXlzA,275267,4
'N Sync UK Version,6kqqmrKx3jC1IC8uj8nEAe,1997,14,Giddy Up,2Z9GpaWnzYgF0hlvzn5ZZY,4.137766666666667,,0.729,0.888,2,-4.239,1,0.176,0.0402,0.0,0.856,0.694,93.045,audio_features,2Z9GpaWnzYgF0hlvzn5ZZY,spotify:track:2Z9GpaWnzYgF0hlvzn5ZZY,https://api.spotify.com/v1/tracks/2Z9GpaWnzYgF0hlvzn5ZZY,https://api.spotify.com/v1/audio-analysis/2Z9GpaWnzYgF0hlvzn5ZZY,248267,4
'N Sync UK Version,6kqqmrKx3jC1IC8uj8nEAe,1997,14,U Drive Me Crazy (Bonus Track) - Radio Edit,3b1KEHTtDkUyd00BWEri2P,3.583333333333333,,0.776,0.888,9,-4.849,0,0.0396,0.102,0.0,0.176,0.779,107.992,audio_features,3b1KEHTtDkUyd00BWEri2P,spotify:track:3b1KEHTtDkUyd00BWEri2P,https://api.spotify.com/v1/tracks/3b1KEHTtDkUyd00BWEri2P,https://api.spotify.com/v1/audio-analysis/3b1KEHTtDkUyd00BWEri2P,215000,4
THE TORTURED POETS DEPARTMENT: THE ANTHOLOGY,5H7ixXZfsNMGbIE5OBSpcb,2024-04-19,31,Fortnight (feat. Post Malone),6dODwocEuGzHAavXqTbwHv,3.816083333333333,,0.504,0.386,11,-10.976,1,0.0308,0.502,1.53e-05,0.0961,0.281,192.004,audio_features,6dODwocEuGzHAavXqTbwHv,spotify:track:6dODwocEuGzHAavXqTbwHv,https://api.spotify.com/v1/tracks/6dODwocEuGzHAavXqTbwHv,https://api.spotify.com/v1/audio-analysis/6dODwocEuGzHAavXqTbwHv,228965,4
THE TORTURED POETS DEPARTMENT: THE ANTHOLOGY,5H7ixXZfsNMGbIE5OBSpcb,2024-04-19,31,The Tortured Poets Department,4PdLaGZubp4lghChqp8erB,4.884133333333334,,0.604,0.428,0,-8.441,1,0.0255,0.0483,0.0,0.126,0.292,110.259,audio_features,4PdLaGZubp4lghChqp8erB,spotify:track:4PdLaGZubp4lghChqp8erB,https://api.spotify.com/v1/tracks/4PdLaGZubp4lghChqp8erB,https://api.spotify.com/v1/audio-analysis/4PdLaGZubp4lghChqp8erB,293048,4
THE TORTURED POETS DEPARTMENT: THE ANTHOLOGY,5H7ixXZfsNMGbIE5OBSpcb,2024-04-19,31,My Boy Only Breaks His Favorite Toys,7uGYWMwRy24dm7RUDDhUlD,3.3966833333333333,,0.596,0.563,0,-7.362,1,0.0269,0.137,0.0,0.302,0.481,97.073,audio_features,7uGYWMwRy24dm7RUDDhUlD,spotify:track:7uGYWMwRy24dm7RUDDhUlD,https://api.spotify.com/v1/tracks/7uGYWMwRy24dm7RUDDhUlD,https://api.spotify.com/v1/audio-analysis/7uGYWMwRy24dm7RUDDhUlD,203801,4
THE TORTURED POETS DEPARTMENT: THE ANTHOLOGY,5H7ixXZfsNMGbIE5OBSpcb,2024-04-19,31,Down Bad,1kbEbBdEgQdQeLXCJh28pJ,4.3538,,0.541,0.366,11,-10.412,1,0.0748,0.56,1e-06,0.0946,0.168,159.707,audio_features,1kbEbBdEgQdQeLXCJh28pJ,spotify:track:1kbEbBdEgQdQeLXCJh28pJ,https://api.spotify.com/v1/tracks/1kbEbBdEgQdQeLXCJh28pJ,https://api.spotify.com/v1/audio-analysis/1kbEbBdEgQdQeLXCJh28pJ,261228,4
THE TORTURED POETS DEPARTMENT: THE ANTHOLOGY,5H7ixXZfsNMGbIE5OBSpcb,2024-04-19,31,"So Long, London",7wAkQFShJ27V8362MqevQr,4.3829,,0.423,0.533,9,-11.388,1,0.322,0.73,0.00264,0.0816,0.248,160.218,audio_features,7wAkQFShJ27V8362MqevQr,spotify:track:7wAkQFShJ27V8362MqevQr,https://api.spotify.com/v1/tracks/7wAkQFShJ27V8362MqevQr,https://api.spotify.com/v1/audio-analysis/7wAkQFShJ27V8362MqevQr,262975,4
THE TORTURED POETS DEPARTMENT: THE ANTHOLOGY,5H7ixXZfsNMGbIE5OBSpcb,2024-04-19,31,But Daddy I Love Him,4QMgEffJQuKtjCNvqfRZ0m,5.6738,,0.521,0.72,4,-7.684,1,0.104,0.384,0.0,0.135,0.438,79.943,audio_features,4QMgEffJQuKtjCNvqfRZ0m,spotify:track:4QMgEffJQuKtjCNvqfRZ0m,https://api.spotify.com/v1/tracks/4QMgEffJQuKtjCNvqfRZ0m,https://api.spotify.com/v1/audio-analysis/4QMgEffJQuKtjCNvqfRZ0m,340428,4
THE TORTURED POETS DEPARTMENT: THE ANTHOLOGY,5H7ixXZfsNMGbIE5OBSpcb,2024-04-19,31,Fresh Out The Slammer,7IWcDWOfiooH5hRs9XOVYz,3.51315,,0.33,0.483,9,-9.394,1,0.0399,0.624,0.0,0.111,0.34,87.115,audio_features,7IWcDWOfiooH5hRs9XOVYz,spotify:track:7IWcDWOfiooH5hRs9XOVYz,https://api.spotify.com/v1/tracks/7IWcDWOfiooH5hRs9XOVYz,https://api.spotify.com/v1/audio-analysis/7IWcDWOfiooH5hRs9XOVYz,210789,4
THE TORTURED POETS DEPARTMENT: THE ANTHOLOGY,5H7ixXZfsNMGbIE5OBSpcb,2024-04-19,31,Florida!!! (feat. Florence + The Machine),5ExOm0dh4NyRyAdSAO9hyM,3.59105,,0.533,0.573,0,-7.123,1,0.138,0.178,0.0,0.309,0.398,150.088,audio_features,5ExOm0dh4NyRyAdSAO9hyM,spotify:track:5ExOm0dh4NyRyAdSAO9hyM,https://api.spotify.com/v1/tracks/5ExOm0dh4NyRyAdSAO9hyM,https://api.spotify.com/v1/audio-analysis/5ExOm0dh4NyRyAdSAO9hyM,215463,4
THE TORTURED POETS DEPARTMENT: THE ANTHOLOGY,5H7ixXZfsNMGbIE5OBSpcb,2024-04-19,31,Guilty as Sin?,799KrpEbhZp0MHeiA8YK9P,4.239416666666667,,0.626,0.428,2,-8.374,1,0.0261,0.607,0.0,0.0921,0.487,94.95,audio_features,799KrpEbhZp0MHeiA8YK9P,spotify:track:799KrpEbhZp0MHeiA8YK9P,https://api.spotify.com/v1/tracks/799KrpEbhZp0MHeiA8YK9P,https://api.spotify.com/v1/audio-analysis/799KrpEbhZp0MHeiA8YK9P,254366,3
THE TORTURED POETS DEPARTMENT: THE ANTHOLOGY,5H7ixXZfsNMGbIE5OBSpcb,2024-04-19,31,Who’s Afraid of Little Old Me?,2d8UxVNhJinc8uat9PoM9y,5.568066666666667,,0.606,0.338,0,-10.555,1,0.048,0.315,0.0,0.106,0.238,119.88,audio_features,2d8UxVNhJinc8uat9PoM9y,spotify:track:2d8UxVNhJinc8uat9PoM9y,https://api.spotify.com/v1/tracks/2d8UxVNhJinc8uat9PoM9y,https://api.spotify.com/v1/audio-analysis/2d8UxVNhJinc8uat9PoM9y,334085,4
THE TORTURED POETS DEPARTMENT: THE ANTHOLOGY,5H7ixXZfsNMGbIE5OBSpcb,2024-04-19,31,I Can Fix Him (No Really I Can),5chnRTB9qMK3W1M41SnU9s,2.60495,,0.661,0.257,6,-13.961,0,0.045,0.768,1.72e-06,0.176,0.318,106.896,audio_features,5chnRTB9qMK3W1M41SnU9s,spotify:track:5chnRTB9qMK3W1M41SnU9s,https://api.spotify.com/v1/tracks/5chnRTB9qMK3W1M41SnU9s,https://api.spotify.com/v1/audio-analysis/5chnRTB9qMK3W1M41SnU9s,156298,4
THE TORTURED POETS DEPARTMENT: THE ANTHOLOGY,5H7ixXZfsNMGbIE5OBSpcb,2024-04-19,31,loml,3YkNIrAvbKNrrwwEd7NVLl,4.619266666666666,,0.423,0.272,0,-12.56,1,0.0489,0.858,0.0,0.108,0.195,78.539,audio_features,3YkNIrAvbKNrrwwEd7NVLl,spotify:track:3YkNIrAvbKNrrwwEd7NVLl,https://api.spotify.com/v1/tracks/3YkNIrAvbKNrrwwEd7NVLl,https://api.spotify.com/v1/audio-analysis/3YkNIrAvbKNrrwwEd7NVLl,277157,3
THE TORTURED POETS DEPARTMENT: THE ANTHOLOGY,5H7ixXZfsNMGbIE5OBSpcb,2024-04-19,31,I Can Do It With a Broken Heart,2fPvQfGQEZOKtJ9qXeL4x8,3.6334,,0.701,0.751,0,-8.39,1,0.0502,0.123,0.0,0.15,0.22,129.994,audio_features,2fPvQfGQEZOKtJ9qXeL4x8,spotify:track:2fPvQfGQEZOKtJ9qXeL4x8,https://api.spotify.com/v1/tracks/2fPvQfGQEZOKtJ9qXeL4x8,https://api.spotify.com/v1/audio-analysis/2fPvQfGQEZOKtJ9qXeL4x8,218005,4
THE TORTURED POETS DEPARTMENT: THE ANTHOLOGY,5H7ixXZfsNMGbIE5OBSpcb,2024-04-19,31,The Smallest Man Who Ever Lived,1xtw1krCR6Dw2KwkXw5z63,4.09235,,0.426,0.41,10,-9.083,1,0.0581,0.52,0.0,0.338,0.263,142.377,audio_features,1xtw1krCR6Dw2KwkXw5z63,spotify:track:1xtw1krCR6Dw2KwkXw5z63,https://api.spotify.com/v1/tracks/1xtw1krCR6Dw2KwkXw5z63,https://api.spotify.com/v1/audio-analysis/1xtw1krCR6Dw2KwkXw5z63,245542,1
THE TORTURED POETS DEPARTMENT: THE ANTHOLOGY,5H7ixXZfsNMGbIE5OBSpcb,2024-04-19,31,The Alchemy,1tuNqJOtRQVHvONR8Lg3MZ,3.2816666666666667,,0.64,0.421,0,-8.802,1,0.0273,0.422,0.0,0.103,0.353,100.056,audio_features,1tuNqJOtRQVHvONR8Lg3MZ,spotify:track:1tuNqJOtRQVHvONR8Lg3MZ,https://api.spotify.com/v1/tracks/1tuNqJOtRQVHvONR8Lg3MZ,https://api.spotify.com/v1/audio-analysis/1tuNqJOtRQVHvONR8Lg3MZ,196900,4
THE TORTURED POETS DEPARTMENT: THE ANTHOLOGY,5H7ixXZfsNMGbIE5OBSpcb,2024-04-19,31,Clara Bow,4d9PtIEVij9jW5OaLinH66,3.611033333333333,,0.686,0.318,7,-11.046,1,0.0263,0.636,0.00144,0.106,0.214,104.088,audio_features,4d9PtIEVij9jW5OaLinH66,spotify:track:4d9PtIEVij9jW5OaLinH66,https://api.spotify.com/v1/tracks/4d9PtIEVij9jW5OaLinH66,https://api.spotify.com/v1/audio-analysis/4d9PtIEVij9jW5OaLinH66,216662,4
THE TORTURED POETS DEPARTMENT: THE ANTHOLOGY,5H7ixXZfsNMGbIE5OBSpcb,2024-04-19,31,The Black Dog,62E2nR0od0M5HYxuYLaDz7,3.98095,,0.527,0.27,0,-10.855,1,0.038,0.707,0.0,0.102,0.23,154.042,audio_features,62E2nR0od0M5HYxuYLaDz7,spotify:track:62E2nR0od0M5HYxuYLaDz7,https://api.spotify.com/v1/tracks/62E2nR0od0M5HYxuYLaDz7,https://api.spotify.com/v1/audio-analysis/62E2nR0od0M5HYxuYLaDz7,238857,4
THE TORTURED POETS DEPARTMENT: THE ANTHOLOGY,5H7ixXZfsNMGbIE5OBSpcb,2024-04-19,31,imgonnagetyouback,1kcwpPDQnqEqmezzXdJTCP,3.7012,,0.784,0.391,9,-9.471,1,0.0633,0.608,0.0,0.252,0.15,110.007,audio_features,1kcwpPDQnqEqmezzXdJTCP,spotify:track:1kcwpPDQnqEqmezzXdJTCP,https://api.spotify.com/v1/tracks/1kcwpPDQnqEqmezzXdJTCP,https://api.spotify.com/v1/audio-analysis/1kcwpPDQnqEqmezzXdJTCP,222072,4
THE TORTURED POETS DEPARTMENT: THE ANTHOLOGY,5H7ixXZfsNMGbIE5OBSpcb,2024-04-19,31,The Albatross,4EF6IyONolQy0bIQXm2EmX,3.064633333333333,,0.352,0.479,2,-8.942,1,0.0583,0.655,0.0,0.0935,0.292,172.013,audio_features,4EF6IyONolQy0bIQXm2EmX,spotify:track:4EF6IyONolQy0bIQXm2EmX,https://api.spotify.com/v1/tracks/4EF6IyONolQy0bIQXm2EmX,https://api.spotify.com/v1/audio-analysis/4EF6IyONolQy0bIQXm2EmX,183879,4
THE TORTURED POETS DEPARTMENT: THE ANTHOLOGY,5H7ixXZfsNMGbIE5OBSpcb,2024-04-19,31,Chloe or Sam or Sophia or Marcus,1rmEsOezwf2lmIZTMAO5Ag,3.554683333333333,,0.516,0.451,0,-8.552,1,0.0446,0.78,0.0,0.105,0.218,70.266,audio_features,1rmEsOezwf2lmIZTMAO5Ag,spotify:track:1rmEsOezwf2lmIZTMAO5Ag,https://api.spotify.com/v1/tracks/1rmEsOezwf2lmIZTMAO5Ag,https://api.spotify.com/v1/audio-analysis/1rmEsOezwf2lmIZTMAO5Ag,213281,4
THE TORTURED POETS DEPARTMENT: THE ANTHOLOGY,5H7ixXZfsNMGbIE5OBSpcb,2024-04-19,31,How Did It End?,5Bedn0svl0ZD7RGmJkmKKw,3.978433333333333,,0.492,0.379,0,-8.859,1,0.0257,0.785,0.00093,0.108,0.273,83.993,audio_features,5Bedn0svl0ZD7RGmJkmKKw,spotify:track:5Bedn0svl0ZD7RGmJkmKKw,https://api.spotify.com/v1/tracks/5Bedn0svl0ZD7RGmJkmKKw,https://api.spotify.com/v1/audio-analysis/5Bedn0svl0ZD7RGmJkmKKw,238707,3
THE TORTURED POETS DEPARTMENT: THE ANTHOLOGY,5H7ixXZfsNMGbIE5OBSpcb,2024-04-19,31,So High School,7Mts0OfPorF4iwOomvfqn1,3.8133333333333335,,0.366,0.866,7,-4.514,1,0.0466,0.0274,3.07e-06,0.106,0.293,176.07,audio_features,7Mts0OfPorF4iwOomvfqn1,spotify:track:7Mts0OfPorF4iwOomvfqn1,https://api.spotify.com/v1/tracks/7Mts0OfPorF4iwOomvfqn1,https://api.spotify.com/v1/audio-analysis/7Mts0OfPorF4iwOomvfqn1,228800,4
THE TORTURED POETS DEPARTMENT: THE ANTHOLOGY,5H7ixXZfsNMGbIE5OBSpcb,2024-04-19,31,I Hate It Here,3hlGuz3loYoLfI3bpwieWq,4.064583333333333,,0.485,0.562,2,-7.197,1,0.0346,0.717,0.0,0.357,0.297,105.953,audio_features,3hlGuz3loYoLfI3bpwieWq,spotify:track:3hlGuz3loYoLfI3bpwieWq,https://api.spotify.com/v1/tracks/3hlGuz3loYoLfI3bpwieWq,https://api.spotify.com/v1/audio-analysis/3hlGuz3loYoLfI3bpwieWq,243876,4
THE TORTURED POETS DEPARTMENT: THE ANTHOLOGY,5H7ixXZfsNMGbIE5OBSpcb,2024-04-19,31,thanK you aIMee,7ogK4lJDVDMU6A6vYR5rvD,4.39695,,0.609,0.541,7,-8.013,1,0.0346,0.609,0.0,0.122,0.252,95.997,audio_features,7ogK4lJDVDMU6A6vYR5rvD,spotify:track:7ogK4lJDVDMU6A6vYR5rvD,https://api.spotify.com/v1/tracks/7ogK4lJDVDMU6A6vYR5rvD,https://api.spotify.com/v1/audio-analysis/7ogK4lJDVDMU6A6vYR5rvD,263817,4
THE TORTURED POETS DEPARTMENT: THE ANTHOLOGY,5H7ixXZfsNMGbIE5OBSpcb,2024-04-19,31,I Look in People's Windows,1Zai5UJ2di3qEuR2HeT2s8,2.19845,,0.763,0.274,1,-11.429,0,0.0738,0.69,0.0,0.164,0.385,90.796,audio_features,1Zai5UJ2di3qEuR2HeT2s8,spotify:track:1Zai5UJ2di3qEuR2HeT2s8,https://api.spotify.com/v1/tracks/1Zai5UJ2di3qEuR2HeT2s8,https://api.spotify.com/v1/audio-analysis/1Zai5UJ2di3qEuR2HeT2s8,131907,4
THE TORTURED POETS DEPARTMENT: THE ANTHOLOGY,5H7ixXZfsNMGbIE5OBSpcb,2024-04-19,31,The Prophecy,18WFFUIsewmA8g31KAeo3e,4.16345,,0.421,0.525,10,-10.359,1,0.0472,0.825,2.67e-06,0.308,0.535,167.927,audio_features,18WFFUIsewmA8g31KAeo3e,spotify:track:18WFFUIsewmA8g31KAeo3e,https://api.spotify.com/v1/tracks/18WFFUIsewmA8g31KAeo3e,https://api.spotify.com/v1/audio-analysis/18WFFUIsewmA8g31KAeo3e,249807,4
THE TORTURED POETS DEPARTMENT: THE ANTHOLOGY,5H7ixXZfsNMGbIE5OBSpcb,2024-04-19,31,Cassandra,0g4fMVo4JjwnIpTfFfLdxS,4.003416666666666,,0.587,0.587,10,-9.879,1,0.0595,0.806,0.0,0.137,0.514,139.963,audio_features,0g4fMVo4JjwnIpTfFfLdxS,spotify:track:0g4fMVo4JjwnIpTfFfLdxS,https://api.spotify.com/v1/tracks/0g4fMVo4JjwnIpTfFfLdxS,https://api.spotify.com/v1/audio-analysis/0g4fMVo4JjwnIpTfFfLdxS,240206,4
THE TORTURED POETS DEPARTMENT: THE ANTHOLOGY,5H7ixXZfsNMGbIE5OBSpcb,2024-04-19,31,Peter,3zMDGj4D8ogaYgAIZPeU7S,4.732616666666667,,0.342,0.376,0,-8.212,1,0.0372,0.805,0.0,0.0593,0.29,176.859,audio_features,3zMDGj4D8ogaYgAIZPeU7S,spotify:track:3zMDGj4D8ogaYgAIZPeU7S,https://api.spotify.com/v1/tracks/3zMDGj4D8ogaYgAIZPeU7S,https://api.spotify.com/v1/audio-analysis/3zMDGj4D8ogaYgAIZPeU7S,283958,3
THE TORTURED POETS DEPARTMENT: THE ANTHOLOGY,5H7ixXZfsNMGbIE5OBSpcb,2024-04-19,31,The Bolter,2913xXOVAIDAqxzV2g4VcU,3.970683333333333,,0.455,0.586,0,-7.978,1,0.0492,0.638,0.0,0.131,0.481,183.694,audio_features,2913xXOVAIDAqxzV2g4VcU,spotify:track:2913xXOVAIDAqxzV2g4VcU,https://api.spotify.com/v1/tracks/2913xXOVAIDAqxzV2g4VcU,https://api.spotify.com/v1/audio-analysis/2913xXOVAIDAqxzV2g4VcU,238242,4
THE TORTURED POETS DEPARTMENT: THE ANTHOLOGY,5H7ixXZfsNMGbIE5OBSpcb,2024-04-19,31,Robin,2CnjDMdpRjlWv04Xk3s6MW,4.014883333333334,,0.476,0.386,0,-10.601,1,0.03,0.791,0.000423,0.1,0.158,138.265,audio_features,2CnjDMdpRjlWv04Xk3s6MW,spotify:track:2CnjDMdpRjlWv04Xk3s6MW,https://api.spotify.com/v1/tracks/2CnjDMdpRjlWv04Xk3s6MW,https://api.spotify.com/v1/audio-analysis/2CnjDMdpRjlWv04Xk3s6MW,240893,4
THE TORTURED POETS DEPARTMENT: THE ANTHOLOGY,5H7ixXZfsNMGbIE5OBSpcb,2024-04-19,31,The Manuscript,1DTRUYVd8rYpla9hhVVwjo,3.7457166666666666,,0.509,0.256,0,-11.665,1,0.0306,0.901,2.43e-06,0.103,0.436,94.184,audio_features,1DTRUYVd8rYpla9hhVVwjo,spotify:track:1DTRUYVd8rYpla9hhVVwjo,https://api.spotify.com/v1/tracks/1DTRUYVd8rYpla9hhVVwjo,https://api.spotify.com/v1/audio-analysis/1DTRUYVd8rYpla9hhVVwjo,224744,4
THE TORTURED POETS DEPARTMENT,1Mo4aZ8pdj6L1jx8zSwJnt,2024-04-18,16,Fortnight (feat. Post Malone),2OzhQlSqBEmt7hmkYxfT6m,3.816083333333333,,0.504,0.386,11,-10.976,1,0.0308,0.502,1.53e-05,0.0961,0.281,192.004,audio_features,2OzhQlSqBEmt7hmkYxfT6m,spotify:track:2OzhQlSqBEmt7hmkYxfT6m,https://api.spotify.com/v1/tracks/2OzhQlSqBEmt7hmkYxfT6m,https://api.spotify.com/v1/audio-analysis/2OzhQlSqBEmt7hmkYxfT6m,228965,4
THE TORTURED POETS DEPARTMENT,1Mo4aZ8pdj6L1jx8zSwJnt,2024-04-18,16,The Tortured Poets Department,3NMrVbIVWT3fPXBj0rNDKG,4.884133333333334,,0.604,0.428,0,-8.441,1,0.0255,0.0483,0.0,0.126,0.292,110.259,audio_features,3NMrVbIVWT3fPXBj0rNDKG,spotify:track:3NMrVbIVWT3fPXBj0rNDKG,https://api.spotify.com/v1/tracks/3NMrVbIVWT3fPXBj0rNDKG,https://api.spotify.com/v1/audio-analysis/3NMrVbIVWT3fPXBj0rNDKG,293048,4
THE TORTURED POETS DEPARTMENT,1Mo4aZ8pdj6L1jx8zSwJnt,2024-04-18,16,My Boy Only Breaks His Favorite Toys,2XXwLdtuAcE0HSCu61ijAb,3.3966833333333333,,0.596,0.563,0,-7.362,1,0.0269,0.137,0.0,0.302,0.481,97.073,audio_features,2XXwLdtuAcE0HSCu61ijAb,spotify:track:2XXwLdtuAcE0HSCu61ijAb,https://api.spotify.com/v1/tracks/2XXwLdtuAcE0HSCu61ijAb,https://api.spotify.com/v1/audio-analysis/2XXwLdtuAcE0HSCu61ijAb,203801,4
THE TORTURED POETS DEPARTMENT,1Mo4aZ8pdj6L1jx8zSwJnt,2024-04-18,16,Down Bad,2F3N9tdombb64aW6VtZOdo,4.3538,,0.541,0.366,11,-10.412,1,0.0748,0.56,1e-06,0.0946,0.168,159.707,audio_features,2F3N9tdombb64aW6VtZOdo,spotify:track:2F3N9tdombb64aW6VtZOdo,https://api.spotify.com/v1/tracks/2F3N9tdombb64aW6VtZOdo,https://api.spotify.com/v1/audio-analysis/2F3N9tdombb64aW6VtZOdo,261228,4
THE TORTURED POETS DEPARTMENT,1Mo4aZ8pdj6L1jx8zSwJnt,2024-04-18,16,"So Long, London",3Vevii7qKqrmW8CcyzBHDl,4.3829,,0.423,0.533,9,-11.388,1,0.322,0.73,0.00264,0.0816,0.248,160.218,audio_features,3Vevii7qKqrmW8CcyzBHDl,spotify:track:3Vevii7qKqrmW8CcyzBHDl,https://api.spotify.com/v1/tracks/3Vevii7qKqrmW8CcyzBHDl,https://api.spotify.com/v1/audio-analysis/3Vevii7qKqrmW8CcyzBHDl,262975,4
THE TORTURED POETS DEPARTMENT,1Mo4aZ8pdj6L1jx8zSwJnt,2024-04-18,16,But Daddy I Love Him,5og4Qzt92jJzVDkOtSEilb,5.6738,,0.521,0.72,4,-7.684,1,0.104,0.384,0.0,0.135,0.438,79.943,audio_features,5og4Qzt92jJzVDkOtSEilb,spotify:track:5og4Qzt92jJzVDkOtSEilb,https://api.spotify.com/v1/tracks/5og4Qzt92jJzVDkOtSEilb,https://api.spotify.com/v1/audio-analysis/5og4Qzt92jJzVDkOtSEilb,340428,4
THE TORTURED POETS DEPARTMENT,1Mo4aZ8pdj6L1jx8zSwJnt,2024-04-18,16,Fresh Out The Slammer,3fO566xJgwxIa3qGCGBvIC,3.51315,,0.33,0.483,9,-9.394,1,0.0399,0.624,0.0,0.111,0.34,87.115,audio_features,3fO566xJgwxIa3qGCGBvIC,spotify:track:3fO566xJgwxIa3qGCGBvIC,https://api.spotify.com/v1/tracks/3fO566xJgwxIa3qGCGBvIC,https://api.spotify.com/v1/audio-analysis/3fO566xJgwxIa3qGCGBvIC,210789,4
THE TORTURED POETS DEPARTMENT,1Mo4aZ8pdj6L1jx8zSwJnt,2024-04-18,16,Florida!!! (feat. Florence + The Machine),3ZVFcD8Wlw9T9klGqmJf9F,3.59105,,0.533,0.573,0,-7.123,1,0.138,0.178,0.0,0.309,0.398,150.088,audio_features,3ZVFcD8Wlw9T9klGqmJf9F,spotify:track:3ZVFcD8Wlw9T9klGqmJf9F,https://api.spotify.com/v1/tracks/3ZVFcD8Wlw9T9klGqmJf9F,https://api.spotify.com/v1/audio-analysis/3ZVFcD8Wlw9T9klGqmJf9F,215463,4
THE TORTURED POETS DEPARTMENT,1Mo4aZ8pdj6L1jx8zSwJnt,2024-04-18,16,Guilty as Sin?,0W0iAC1VGlB82PI6elxFYf,4.239416666666667,,0.626,0.428,2,-8.374,1,0.0261,0.607,0.0,0.0921,0.487,94.95,audio_features,0W0iAC1VGlB82PI6elxFYf,spotify:track:0W0iAC1VGlB82PI6elxFYf,https://api.spotify.com/v1/tracks/0W0iAC1VGlB82PI6elxFYf,https://api.spotify.com/v1/audio-analysis/0W0iAC1VGlB82PI6elxFYf,254366,3
THE TORTURED POETS DEPARTMENT,1Mo4aZ8pdj6L1jx8zSwJnt,2024-04-18,16,Who’s Afraid of Little Old Me?,36t6frENUtCYKuZus6aYDO,5.568066666666667,,0.606,0.338,0,-10.555,1,0.048,0.315,0.0,0.106,0.238,119.88,audio_features,36t6frENUtCYKuZus6aYDO,spotify:track:36t6frENUtCYKuZus6aYDO,https://api.spotify.com/v1/tracks/36t6frENUtCYKuZus6aYDO,https://api.spotify.com/v1/audio-analysis/36t6frENUtCYKuZus6aYDO,334085,4
THE TORTURED POETS DEPARTMENT,1Mo4aZ8pdj6L1jx8zSwJnt,2024-04-18,16,I Can Fix Him (No Really I Can),2h3MDMf8sd9s4XIzpTBIjX,2.60495,,0.661,0.257,6,-13.961,0,0.045,0.768,1.72e-06,0.176,0.318,106.896,audio_features,2h3MDMf8sd9s4XIzpTBIjX,spotify:track:2h3MDMf8sd9s4XIzpTBIjX,https://api.spotify.com/v1/tracks/2h3MDMf8sd9s4XIzpTBIjX,https://api.spotify.com/v1/audio-analysis/2h3MDMf8sd9s4XIzpTBIjX,156298,4
THE TORTURED POETS DEPARTMENT,1Mo4aZ8pdj6L1jx8zSwJnt,2024-04-18,16,loml,6RSG1dKPV5gEvILwJb4QtS,4.619266666666666,,0.423,0.272,0,-12.56,1,0.0489,0.858,0.0,0.108,0.195,78.539,audio_features,6RSG1dKPV5gEvILwJb4QtS,spotify:track:6RSG1dKPV5gEvILwJb4QtS,https://api.spotify.com/v1/tracks/6RSG1dKPV5gEvILwJb4QtS,https://api.spotify.com/v1/audio-analysis/6RSG1dKPV5gEvILwJb4QtS,277157,3
THE TORTURED POETS DEPARTMENT,1Mo4aZ8pdj6L1jx8zSwJnt,2024-04-18,16,I Can Do It With a Broken Heart,4q5YezDOIPcoLr8R81x9qy,3.6334,,0.701,0.751,0,-8.39,1,0.0502,0.123,0.0,0.15,0.22,129.994,audio_features,4q5YezDOIPcoLr8R81x9qy,spotify:track:4q5YezDOIPcoLr8R81x9qy,https://api.spotify.com/v1/tracks/4q5YezDOIPcoLr8R81x9qy,https://api.spotify.com/v1/audio-analysis/4q5YezDOIPcoLr8R81x9qy,218005,4
THE TORTURED POETS DEPARTMENT,1Mo4aZ8pdj6L1jx8zSwJnt,2024-04-18,16,The Smallest Man Who Ever Lived,2v1ivOOsgn64g5OywuH55L,4.09235,,0.426,0.41,10,-9.083,1,0.0581,0.52,0.0,0.338,0.263,142.377,audio_features,2v1ivOOsgn64g5OywuH55L,spotify:track:2v1ivOOsgn64g5OywuH55L,https://api.spotify.com/v1/tracks/2v1ivOOsgn64g5OywuH55L,https://api.spotify.com/v1/audio-analysis/2v1ivOOsgn64g5OywuH55L,245542,1
THE TORTURED POETS DEPARTMENT,1Mo4aZ8pdj6L1jx8zSwJnt,2024-04-18,16,The Alchemy,1dhMTsEZz6ZEquGvmzVoHn,3.2816666666666667,,0.64,0.421,0,-8.802,1,0.0273,0.422,0.0,0.103,0.353,100.056,audio_features,1dhMTsEZz6ZEquGvmzVoHn,spotify:track:1dhMTsEZz6ZEquGvmzVoHn,https://api.spotify.com/v1/tracks/1dhMTsEZz6ZEquGvmzVoHn,https://api.spotify.com/v1/audio-analysis/1dhMTsEZz6ZEquGvmzVoHn,196900,4
THE TORTURED POETS DEPARTMENT,1Mo4aZ8pdj6L1jx8zSwJnt,2024-04-18,16,Clara Bow,1UlhrRvYzbHEyugEDspXUB,3.611033333333333,,0.686,0.318,7,-11.046,1,0.0263,0.636,0.00144,0.106,0.214,104.088,audio_features,1UlhrRvYzbHEyugEDspXUB,spotify:track:1UlhrRvYzbHEyugEDspXUB,https://api.spotify.com/v1/tracks/1UlhrRvYzbHEyugEDspXUB,https://api.spotify.com/v1/audio-analysis/1UlhrRvYzbHEyugEDspXUB,216662,4
1989 (Taylor's Version) [Deluxe],1o59UpKw81iHR0HPiSkJR0,2023-10-27,22,Welcome To New York (Taylor's Version),4WUepByoeqcedHoYhSNHRt,3.543333333333333,,0.76,0.602,7,-4.871,1,0.0316,0.00661,0.000133,0.325,0.685,116.989,audio_features,4WUepByoeqcedHoYhSNHRt,spotify:track:4WUepByoeqcedHoYhSNHRt,https://api.spotify.com/v1/tracks/4WUepByoeqcedHoYhSNHRt,https://api.spotify.com/v1/audio-analysis/4WUepByoeqcedHoYhSNHRt,212600,4
1989 (Taylor's Version) [Deluxe],1o59UpKw81iHR0HPiSkJR0,2023-10-27,22,Blank Space (Taylor's Version),0108kcWLnn2HlH2kedi1gn,3.863883333333333,,0.732,0.719,0,-5.469,1,0.0645,0.0901,0.0,0.331,0.71,96.035,audio_features,0108kcWLnn2HlH2kedi1gn,spotify:track:0108kcWLnn2HlH2kedi1gn,https://api.spotify.com/v1/tracks/0108kcWLnn2HlH2kedi1gn,https://api.spotify.com/v1/audio-analysis/0108kcWLnn2HlH2kedi1gn,231833,4
1989 (Taylor's Version) [Deluxe],1o59UpKw81iHR0HPiSkJR0,2023-10-27,22,Style (Taylor's Version),3Vpk1hfMAQme8VJ0SNRSkd,3.85,,0.514,0.821,7,-4.803,1,0.0444,0.000456,0.0232,0.0946,0.298,94.884,audio_features,3Vpk1hfMAQme8VJ0SNRSkd,spotify:track:3Vpk1hfMAQme8VJ0SNRSkd,https://api.spotify.com/v1/tracks/3Vpk1hfMAQme8VJ0SNRSkd,https://api.spotify.com/v1/audio-analysis/3Vpk1hfMAQme8VJ0SNRSkd,231000,4
1989 (Taylor's Version) [Deluxe],1o59UpKw81iHR0HPiSkJR0,2023-10-27,22,Out Of The Woods (Taylor's Version),1OcSfkeCg9hRC2sFKB4IMJ,3.93,,0.544,0.884,7,-5.973,1,0.0383,0.000466,0.000134,0.381,0.184,91.981,audio_features,1OcSfkeCg9hRC2sFKB4IMJ,spotify:track:1OcSfkeCg9hRC2sFKB4IMJ,https://api.spotify.com/v1/tracks/1OcSfkeCg9hRC2sFKB4IMJ,https://api.spotify.com/v1/audio-analysis/1OcSfkeCg9hRC2sFKB4IMJ,235800,4
1989 (Taylor's Version) [Deluxe],1o59UpKw81iHR0HPiSkJR0,2023-10-27,22,All You Had To Do Was Stay (Taylor's Version),2k0ZEeAqzvYMcx9Qt5aClQ,3.221483333333333,,0.589,0.713,0,-5.614,1,0.0308,0.000778,0.0,0.188,0.54,97.069,audio_features,2k0ZEeAqzvYMcx9Qt5aClQ,spotify:track:2k0ZEeAqzvYMcx9Qt5aClQ,https://api.spotify.com/v1/tracks/2k0ZEeAqzvYMcx9Qt5aClQ,https://api.spotify.com/v1/audio-analysis/2k0ZEeAqzvYMcx9Qt5aClQ,193289,4
1989 (Taylor's Version) [Deluxe],1o59UpKw81iHR0HPiSkJR0,2023-10-27,22,Shake It Off (Taylor's Version),50yNTF0Od55qnHLxYsA5Pw,3.653483333333333,,0.632,0.805,7,-5.707,1,0.069,0.0112,2.51e-05,0.156,0.903,160.052,audio_features,50yNTF0Od55qnHLxYsA5Pw,spotify:track:50yNTF0Od55qnHLxYsA5Pw,https://api.spotify.com/v1/tracks/50yNTF0Od55qnHLxYsA5Pw,https://api.spotify.com/v1/audio-analysis/50yNTF0Od55qnHLxYsA5Pw,219209,4
1989 (Taylor's Version) [Deluxe],1o59UpKw81iHR0HPiSkJR0,2023-10-27,22,I Wish You Would (Taylor's Version),3FxJDucHWdw6caWTKO5b23,3.460833333333333,,0.671,0.853,0,-6.568,1,0.0417,0.00388,9.48e-06,0.0812,0.523,118.032,audio_features,3FxJDucHWdw6caWTKO5b23,spotify:track:3FxJDucHWdw6caWTKO5b23,https://api.spotify.com/v1/tracks/3FxJDucHWdw6caWTKO5b23,https://api.spotify.com/v1/audio-analysis/3FxJDucHWdw6caWTKO5b23,207650,4
1989 (Taylor's Version) [Deluxe],1o59UpKw81iHR0HPiSkJR0,2023-10-27,22,Bad Blood (Taylor's Version),7oZONwFiFIErZcXAtTu7FY,3.5183833333333334,,0.624,0.711,7,-6.347,1,0.159,0.0369,3.13e-06,0.19,0.347,169.999,audio_features,7oZONwFiFIErZcXAtTu7FY,spotify:track:7oZONwFiFIErZcXAtTu7FY,https://api.spotify.com/v1/tracks/7oZONwFiFIErZcXAtTu7FY,https://api.spotify.com/v1/audio-analysis/7oZONwFiFIErZcXAtTu7FY,211104,4
1989 (Taylor's Version) [Deluxe],1o59UpKw81iHR0HPiSkJR0,2023-10-27,22,Wildest Dreams (Taylor's Version),27exgla7YBw9DUNNcTIpjy,3.673883333333333,,0.587,0.663,8,-7.439,1,0.0598,0.0348,9.95e-05,0.0971,0.539,139.993,audio_features,27exgla7YBw9DUNNcTIpjy,spotify:track:27exgla7YBw9DUNNcTIpjy,https://api.spotify.com/v1/tracks/27exgla7YBw9DUNNcTIpjy,https://api.spotify.com/v1/audio-analysis/27exgla7YBw9DUNNcTIpjy,220433,4
1989 (Taylor's Version) [Deluxe],1o59UpKw81iHR0HPiSkJR0,2023-10-27,22,How You Get The Girl (Taylor's Version),733OhaXQIHY7BKtY3vnSkn,4.12555,,0.761,0.67,5,-5.956,1,0.0537,0.00198,1.08e-05,0.0873,0.519,120.014,audio_features,733OhaXQIHY7BKtY3vnSkn,spotify:track:733OhaXQIHY7BKtY3vnSkn,https://api.spotify.com/v1/tracks/733OhaXQIHY7BKtY3vnSkn,https://api.spotify.com/v1/audio-analysis/733OhaXQIHY7BKtY3vnSkn,247533,4
1989 (Taylor's Version) [Deluxe],1o59UpKw81iHR0HPiSkJR0,2023-10-27,22,This Love (Taylor’s Version),4WBEj8TeGtRPNJdOmT3WJW,4.168333333333333,,0.47,0.494,4,-8.672,1,0.0349,0.302,0.0,0.0672,0.0524,144.039,audio_features,4WBEj8TeGtRPNJdOmT3WJW,spotify:track:4WBEj8TeGtRPNJdOmT3WJW,https://api.spotify.com/v1/tracks/4WBEj8TeGtRPNJdOmT3WJW,https://api.spotify.com/v1/audio-analysis/4WBEj8TeGtRPNJdOmT3WJW,250100,4
1989 (Taylor's Version) [Deluxe],1o59UpKw81iHR0HPiSkJR0,2023-10-27,22,I Know Places (Taylor's Version),1ULabO0PEsdJekqVH6G10G,3.2616666666666667,,0.572,0.807,0,-5.348,1,0.0574,0.0846,0.0,0.071,0.626,160.015,audio_features,1ULabO0PEsdJekqVH6G10G,spotify:track:1ULabO0PEsdJekqVH6G10G,https://api.spotify.com/v1/tracks/1ULabO0PEsdJekqVH6G10G,https://api.spotify.com/v1/audio-analysis/1ULabO0PEsdJekqVH6G10G,195700,4
1989 (Taylor's Version) [Deluxe],1o59UpKw81iHR0HPiSkJR0,2023-10-27,22,Clean (Taylor's Version),0lKUBmEyQfzsQHozyeXzES,4.516666666666667,,0.782,0.379,4,-8.964,1,0.0303,0.297,2.98e-05,0.103,0.267,103.99,audio_features,0lKUBmEyQfzsQHozyeXzES,spotify:track:0lKUBmEyQfzsQHozyeXzES,https://api.spotify.com/v1/tracks/0lKUBmEyQfzsQHozyeXzES,https://api.spotify.com/v1/audio-analysis/0lKUBmEyQfzsQHozyeXzES,271000,4
1989 (Taylor's Version) [Deluxe],1o59UpKw81iHR0HPiSkJR0,2023-10-27,22,Wonderland (Taylor's Version),6HRsJu8vcnzYDN4t0570FY,4.092766666666667,,0.387,0.703,3,-5.956,1,0.0545,0.0105,1.1e-05,0.128,0.32,123.18,audio_features,6HRsJu8vcnzYDN4t0570FY,spotify:track:6HRsJu8vcnzYDN4t0570FY,https://api.spotify.com/v1/tracks/6HRsJu8vcnzYDN4t0570FY,https://api.spotify.com/v1/audio-analysis/6HRsJu8vcnzYDN4t0570FY,245567,5
1989 (Taylor's Version) [Deluxe],1o59UpKw81iHR0HPiSkJR0,2023-10-27,22,You Are In Love (Taylor's Version),0TyGh27YQ5LknmiDhCzJiT,4.456483333333333,,0.554,0.509,2,-9.403,1,0.0455,0.572,2.08e-06,0.113,0.401,85.079,audio_features,0TyGh27YQ5LknmiDhCzJiT,spotify:track:0TyGh27YQ5LknmiDhCzJiT,https://api.spotify.com/v1/tracks/0TyGh27YQ5LknmiDhCzJiT,https://api.spotify.com/v1/audio-analysis/0TyGh27YQ5LknmiDhCzJiT,267389,4
1989 (Taylor's Version) [Deluxe],1o59UpKw81iHR0HPiSkJR0,2023-10-27,22,New Romantics (Taylor's Version),5M787RexsAiVYjQusM98CV,3.836283333333333,,0.653,0.848,5,-5.936,1,0.0583,0.00516,4.24e-06,0.0798,0.724,122.017,audio_features,5M787RexsAiVYjQusM98CV,spotify:track:5M787RexsAiVYjQusM98CV,https://api.spotify.com/v1/tracks/5M787RexsAiVYjQusM98CV,https://api.spotify.com/v1/audio-analysis/5M787RexsAiVYjQusM98CV,230178,4
1989 (Taylor's Version) [Deluxe],1o59UpKw81iHR0HPiSkJR0,2023-10-27,22,"""Slut!"" (Taylor's Version) (From The Vault)",0CD7DzeCsuPJygddqlUVYa,3.00635,,0.621,0.415,2,-13.187,1,0.0543,0.33,0.000112,0.0634,0.313,77.978,audio_features,0CD7DzeCsuPJygddqlUVYa,spotify:track:0CD7DzeCsuPJygddqlUVYa,https://api.spotify.com/v1/tracks/0CD7DzeCsuPJygddqlUVYa,https://api.spotify.com/v1/audio-analysis/0CD7DzeCsuPJygddqlUVYa,180381,4
1989 (Taylor's Version) [Deluxe],1o59UpKw81iHR0HPiSkJR0,2023-10-27,22,Say Don't Go (Taylor's Version) (From The Vault),3CCRVu4F91Qp2mnGjmWBrf,4.663883333333334,,0.632,0.539,4,-8.375,1,0.0342,0.0684,5.82e-06,0.132,0.186,109.962,audio_features,3CCRVu4F91Qp2mnGjmWBrf,spotify:track:3CCRVu4F91Qp2mnGjmWBrf,https://api.spotify.com/v1/tracks/3CCRVu4F91Qp2mnGjmWBrf,https://api.spotify.com/v1/audio-analysis/3CCRVu4F91Qp2mnGjmWBrf,279833,4
1989 (Taylor's Version) [Deluxe],1o59UpKw81iHR0HPiSkJR0,2023-10-27,22,Now That We Don't Talk (Taylor's Version) (From The Vault),5QUIK7ZtziW8kGWo8RqopF,2.4406,,0.8,0.509,0,-9.386,1,0.034,0.16,3.05e-05,0.0834,0.0768,109.994,audio_features,5QUIK7ZtziW8kGWo8RqopF,spotify:track:5QUIK7ZtziW8kGWo8RqopF,https://api.spotify.com/v1/tracks/5QUIK7ZtziW8kGWo8RqopF,https://api.spotify.com/v1/audio-analysis/5QUIK7ZtziW8kGWo8RqopF,146437,4
1989 (Taylor's Version) [Deluxe],1o59UpKw81iHR0HPiSkJR0,2023-10-27,22,Suburban Legends (Taylor's Version) (From The Vault),6M9ppdfFjR1AbpUl3Y8DcV,2.863633333333333,,0.695,0.607,0,-8.84,1,0.0357,0.212,0.0,0.102,0.394,118.043,audio_features,6M9ppdfFjR1AbpUl3Y8DcV,spotify:track:6M9ppdfFjR1AbpUl3Y8DcV,https://api.spotify.com/v1/tracks/6M9ppdfFjR1AbpUl3Y8DcV,https://api.spotify.com/v1/audio-analysis/6M9ppdfFjR1AbpUl3Y8DcV,171819,4
1989 (Taylor's Version) [Deluxe],1o59UpKw81iHR0HPiSkJR0,2023-10-27,22,Is It Over Now? (Taylor's Version) (From The Vault),6IG3sQ8s9nfk6TUlVzRhbN,3.8246166666666666,,0.599,0.651,0,-7.343,1,0.035,0.0486,0.0,0.126,0.153,100.001,audio_features,6IG3sQ8s9nfk6TUlVzRhbN,spotify:track:6IG3sQ8s9nfk6TUlVzRhbN,https://api.spotify.com/v1/tracks/6IG3sQ8s9nfk6TUlVzRhbN,https://api.spotify.com/v1/audio-analysis/6IG3sQ8s9nfk6TUlVzRhbN,229478,4
1989 (Taylor's Version) [Deluxe],1o59UpKw81iHR0HPiSkJR0,2023-10-27,22,Bad Blood (feat. Kendrick Lamar) (Taylor's Version),6qAcApH8obo8eqatCKUHd9,3.32955,,0.604,0.644,2,-6.931,1,0.0889,0.0143,0.0,0.237,0.197,170.088,audio_features,6qAcApH8obo8eqatCKUHd9,spotify:track:6qAcApH8obo8eqatCKUHd9,https://api.spotify.com/v1/tracks/6qAcApH8obo8eqatCKUHd9,https://api.spotify.com/v1/audio-analysis/6qAcApH8obo8eqatCKUHd9,199773,4
1989 (Taylor's Version),64LU4c1nfjz1t4VnGhagcg,2023-10-26,21,Welcome To New York (Taylor's Version),1hR8BSuEqPCCZfv93zzzz9,3.543333333333333,,0.76,0.602,7,-4.871,1,0.0316,0.00661,0.000133,0.325,0.685,116.989,audio_features,1hR8BSuEqPCCZfv93zzzz9,spotify:track:1hR8BSuEqPCCZfv93zzzz9,https://api.spotify.com/v1/tracks/1hR8BSuEqPCCZfv93zzzz9,https://api.spotify.com/v1/audio-analysis/1hR8BSuEqPCCZfv93zzzz9,212600,4
1989 (Taylor's Version),64LU4c1nfjz1t4VnGhagcg,2023-10-26,21,Blank Space (Taylor's Version),45wMBGri1PORPjM9PwFfrS,3.863883333333333,,0.732,0.719,0,-5.469,1,0.0645,0.0901,0.0,0.331,0.71,96.035,audio_features,45wMBGri1PORPjM9PwFfrS,spotify:track:45wMBGri1PORPjM9PwFfrS,https://api.spotify.com/v1/tracks/45wMBGri1PORPjM9PwFfrS,https://api.spotify.com/v1/audio-analysis/45wMBGri1PORPjM9PwFfrS,231833,4
1989 (Taylor's Version),64LU4c1nfjz1t4VnGhagcg,2023-10-26,21,Style (Taylor's Version),1hjRhYpWyqDpPahmSlUTlc,3.85,,0.514,0.821,7,-4.803,1,0.0444,0.000456,0.0232,0.0946,0.298,94.884,audio_features,1hjRhYpWyqDpPahmSlUTlc,spotify:track:1hjRhYpWyqDpPahmSlUTlc,https://api.spotify.com/v1/tracks/1hjRhYpWyqDpPahmSlUTlc,https://api.spotify.com/v1/audio-analysis/1hjRhYpWyqDpPahmSlUTlc,231000,4
1989 (Taylor's Version),64LU4c1nfjz1t4VnGhagcg,2023-10-26,21,Out Of The Woods (Taylor's Version),045ZeOHPIzhxxsm8bq5kyE,3.93,,0.544,0.884,7,-5.973,1,0.0383,0.000466,0.000134,0.381,0.184,91.981,audio_features,045ZeOHPIzhxxsm8bq5kyE,spotify:track:045ZeOHPIzhxxsm8bq5kyE,https://api.spotify.com/v1/tracks/045ZeOHPIzhxxsm8bq5kyE,https://api.spotify.com/v1/audio-analysis/045ZeOHPIzhxxsm8bq5kyE,235800,4
1989 (Taylor's Version),64LU4c1nfjz1t4VnGhagcg,2023-10-26,21,All You Had To Do Was Stay (Taylor's Version),6GXgd1BPD9bUpqw5AntGV5,3.221483333333333,,0.589,0.713,0,-5.614,1,0.0308,0.000778,0.0,0.188,0.54,97.069,audio_features,6GXgd1BPD9bUpqw5AntGV5,spotify:track:6GXgd1BPD9bUpqw5AntGV5,https://api.spotify.com/v1/tracks/6GXgd1BPD9bUpqw5AntGV5,https://api.spotify.com/v1/audio-analysis/6GXgd1BPD9bUpqw5AntGV5,193289,4
1989 (Taylor's Version),64LU4c1nfjz1t4VnGhagcg,2023-10-26,21,Shake It Off (Taylor's Version),3pv7Q5v2dpdefwdWIvE7yH,3.653483333333333,,0.632,0.805,7,-5.707,1,0.069,0.0112,2.51e-05,0.156,0.903,160.052,audio_features,3pv7Q5v2dpdefwdWIvE7yH,spotify:track:3pv7Q5v2dpdefwdWIvE7yH,https://api.spotify.com/v1/tracks/3pv7Q5v2dpdefwdWIvE7yH,https://api.spotify.com/v1/audio-analysis/3pv7Q5v2dpdefwdWIvE7yH,219209,4
1989 (Taylor's Version),64LU4c1nfjz1t4VnGhagcg,2023-10-26,21,I Wish You Would (Taylor's Version),43y1WpBdnEy5TR9aZoSQL9,3.460833333333333,,0.671,0.853,0,-6.568,1,0.0417,0.00388,9.48e-06,0.0812,0.523,118.032,audio_features,43y1WpBdnEy5TR9aZoSQL9,spotify:track:43y1WpBdnEy5TR9aZoSQL9,https://api.spotify.com/v1/tracks/43y1WpBdnEy5TR9aZoSQL9,https://api.spotify.com/v1/audio-analysis/43y1WpBdnEy5TR9aZoSQL9,207650,4
1989 (Taylor's Version),64LU4c1nfjz1t4VnGhagcg,2023-10-26,21,Bad Blood (Taylor's Version),64FzgoLZ3oXu2SriZblHic,3.5183833333333334,,0.624,0.711,7,-6.347,1,0.159,0.0369,3.13e-06,0.19,0.347,169.999,audio_features,64FzgoLZ3oXu2SriZblHic,spotify:track:64FzgoLZ3oXu2SriZblHic,https://api.spotify.com/v1/tracks/64FzgoLZ3oXu2SriZblHic,https://api.spotify.com/v1/audio-analysis/64FzgoLZ3oXu2SriZblHic,211104,4
1989 (Taylor's Version),64LU4c1nfjz1t4VnGhagcg,2023-10-26,21,Wildest Dreams (Taylor's Version),1K39ty6o1sHwwlZwO6a7wK,3.673883333333333,,0.587,0.663,8,-7.439,1,0.0598,0.0348,9.95e-05,0.0971,0.539,139.993,audio_features,1K39ty6o1sHwwlZwO6a7wK,spotify:track:1K39ty6o1sHwwlZwO6a7wK,https://api.spotify.com/v1/tracks/1K39ty6o1sHwwlZwO6a7wK,https://api.spotify.com/v1/audio-analysis/1K39ty6o1sHwwlZwO6a7wK,220433,4
1989 (Taylor's Version),64LU4c1nfjz1t4VnGhagcg,2023-10-26,21,How You Get The Girl (Taylor's Version),75W3SngKzTuoQ94uLf3y82,4.12555,,0.761,0.67,5,-5.956,1,0.0537,0.00198,1.08e-05,0.0873,0.519,120.014,audio_features,75W3SngKzTuoQ94uLf3y82,spotify:track:75W3SngKzTuoQ94uLf3y82,https://api.spotify.com/v1/tracks/75W3SngKzTuoQ94uLf3y82,https://api.spotify.com/v1/audio-analysis/75W3SngKzTuoQ94uLf3y82,247533,4
1989 (Taylor's Version),64LU4c1nfjz1t4VnGhagcg,2023-10-26,21,This Love (Taylor’s Version),5QVVjX0ZItqlVpEuVCM9Yg,4.168333333333333,,0.47,0.494,4,-8.672,1,0.0349,0.302,0.0,0.0672,0.0524,144.039,audio_features,5QVVjX0ZItqlVpEuVCM9Yg,spotify:track:5QVVjX0ZItqlVpEuVCM9Yg,https://api.spotify.com/v1/tracks/5QVVjX0ZItqlVpEuVCM9Yg,https://api.spotify.com/v1/audio-analysis/5QVVjX0ZItqlVpEuVCM9Yg,250100,4
1989 (Taylor's Version),64LU4c1nfjz1t4VnGhagcg,2023-10-26,21,I Know Places (Taylor's Version),2f0GI2ZLUtbGqFx8t2Gk6A,3.2616666666666667,,0.572,0.807,0,-5.348,1,0.0574,0.0846,0.0,0.071,0.626,160.015,audio_features,2f0GI2ZLUtbGqFx8t2Gk6A,spotify:track:2f0GI2ZLUtbGqFx8t2Gk6A,https://api.spotify.com/v1/tracks/2f0GI2ZLUtbGqFx8t2Gk6A,https://api.spotify.com/v1/audio-analysis/2f0GI2ZLUtbGqFx8t2Gk6A,195700,4
1989 (Taylor's Version),64LU4c1nfjz1t4VnGhagcg,2023-10-26,21,Clean (Taylor's Version),2ByBBvpR9b7IynvRmnG7kG,4.516666666666667,,0.782,0.379,4,-8.964,1,0.0303,0.297,2.98e-05,0.103,0.267,103.99,audio_features,2ByBBvpR9b7IynvRmnG7kG,spotify:track:2ByBBvpR9b7IynvRmnG7kG,https://api.spotify.com/v1/tracks/2ByBBvpR9b7IynvRmnG7kG,https://api.spotify.com/v1/audio-analysis/2ByBBvpR9b7IynvRmnG7kG,271000,4
1989 (Taylor's Version),64LU4c1nfjz1t4VnGhagcg,2023-10-26,21,Wonderland (Taylor's Version),2ve0kuaWUCt4Zx8x4bf1MR,4.092766666666667,,0.387,0.703,3,-5.956,1,0.0545,0.0105,1.1e-05,0.128,0.32,123.18,audio_features,2ve0kuaWUCt4Zx8x4bf1MR,spotify:track:2ve0kuaWUCt4Zx8x4bf1MR,https://api.spotify.com/v1/tracks/2ve0kuaWUCt4Zx8x4bf1MR,https://api.spotify.com/v1/audio-analysis/2ve0kuaWUCt4Zx8x4bf1MR,245567,5
1989 (Taylor's Version),64LU4c1nfjz1t4VnGhagcg,2023-10-26,21,You Are In Love (Taylor's Version),4UwqOWDpdeIDVQDuKT6iza,4.456483333333333,,0.554,0.509,2,-9.403,1,0.0455,0.572,2.08e-06,0.113,0.401,85.079,audio_features,4UwqOWDpdeIDVQDuKT6iza,spotify:track:4UwqOWDpdeIDVQDuKT6iza,https://api.spotify.com/v1/tracks/4UwqOWDpdeIDVQDuKT6iza,https://api.spotify.com/v1/audio-analysis/4UwqOWDpdeIDVQDuKT6iza,267389,4
1989 (Taylor's Version),64LU4c1nfjz1t4VnGhagcg,2023-10-26,21,New Romantics (Taylor's Version),2vPMoMDXxu9uX1igWZmXSG,3.836283333333333,,0.653,0.848,5,-5.936,1,0.0583,0.00516,4.24e-06,0.0798,0.724,122.017,audio_features,2vPMoMDXxu9uX1igWZmXSG,spotify:track:2vPMoMDXxu9uX1igWZmXSG,https://api.spotify.com/v1/tracks/2vPMoMDXxu9uX1igWZmXSG,https://api.spotify.com/v1/audio-analysis/2vPMoMDXxu9uX1igWZmXSG,230178,4
1989 (Taylor's Version),64LU4c1nfjz1t4VnGhagcg,2023-10-26,21,"""Slut!"" (Taylor's Version) (From The Vault)",71BqAINEnezjQfxE4VuJfq,3.00635,,0.621,0.415,2,-13.187,1,0.0543,0.33,0.000112,0.0634,0.313,77.978,audio_features,71BqAINEnezjQfxE4VuJfq,spotify:track:71BqAINEnezjQfxE4VuJfq,https://api.spotify.com/v1/tracks/71BqAINEnezjQfxE4VuJfq,https://api.spotify.com/v1/audio-analysis/71BqAINEnezjQfxE4VuJfq,180381,4
1989 (Taylor's Version),64LU4c1nfjz1t4VnGhagcg,2023-10-26,21,Say Don't Go (Taylor's Version) (From The Vault),4NioO5R9sHEZh4cGzMHyNt,4.663883333333334,,0.632,0.539,4,-8.375,1,0.0342,0.0684,5.82e-06,0.132,0.186,109.962,audio_features,4NioO5R9sHEZh4cGzMHyNt,spotify:track:4NioO5R9sHEZh4cGzMHyNt,https://api.spotify.com/v1/tracks/4NioO5R9sHEZh4cGzMHyNt,https://api.spotify.com/v1/audio-analysis/4NioO5R9sHEZh4cGzMHyNt,279833,4
1989 (Taylor's Version),64LU4c1nfjz1t4VnGhagcg,2023-10-26,21,Now That We Don't Talk (Taylor's Version) (From The Vault),5KD6AEm19QnMbfWpfoOHMl,2.4406,,0.8,0.509,0,-9.386,1,0.034,0.16,3.05e-05,0.0834,0.0768,109.994,audio_features,5KD6AEm19QnMbfWpfoOHMl,spotify:track:5KD6AEm19QnMbfWpfoOHMl,https://api.spotify.com/v1/tracks/5KD6AEm19QnMbfWpfoOHMl,https://api.spotify.com/v1/audio-analysis/5KD6AEm19QnMbfWpfoOHMl,146437,4
1989 (Taylor's Version),64LU4c1nfjz1t4VnGhagcg,2023-10-26,21,Suburban Legends (Taylor's Version) (From The Vault),6T0sEnqjmHISIKwFETeeiP,2.863633333333333,,0.695,0.607,0,-8.84,1,0.0357,0.212,0.0,0.102,0.394,118.043,audio_features,6T0sEnqjmHISIKwFETeeiP,spotify:track:6T0sEnqjmHISIKwFETeeiP,https://api.spotify.com/v1/tracks/6T0sEnqjmHISIKwFETeeiP,https://api.spotify.com/v1/audio-analysis/6T0sEnqjmHISIKwFETeeiP,171819,4
1989 (Taylor's Version),64LU4c1nfjz1t4VnGhagcg,2023-10-26,21,Is It Over Now? (Taylor's Version) (From The Vault),1Iq8oo9XkmmvCQiGOfORiz,3.8246166666666666,,0.599,0.651,0,-7.343,1,0.035,0.0486,0.0,0.126,0.153,100.001,audio_features,1Iq8oo9XkmmvCQiGOfORiz,spotify:track:1Iq8oo9XkmmvCQiGOfORiz,https://api.spotify.com/v1/tracks/1Iq8oo9XkmmvCQiGOfORiz,https://api.spotify.com/v1/audio-analysis/1Iq8oo9XkmmvCQiGOfORiz,229478,4
Speak Now (Taylor's Version),5AEDGbliTTfjOB8TSm1sxt,2023-07-07,22,Mine (Taylor's Version),7G0gBu6nLdhFDPRLc0HdDG,3.8617666666666666,,0.647,0.793,7,-2.903,1,0.0363,0.00314,1.93e-06,0.174,0.5,121.101,audio_features,7G0gBu6nLdhFDPRLc0HdDG,spotify:track:7G0gBu6nLdhFDPRLc0HdDG,https://api.spotify.com/v1/tracks/7G0gBu6nLdhFDPRLc0HdDG,https://api.spotify.com/v1/audio-analysis/7G0gBu6nLdhFDPRLc0HdDG,231707,4
Speak Now (Taylor's Version),5AEDGbliTTfjOB8TSm1sxt,2023-07-07,22,Sparks Fly (Taylor’s Version),3MytWN8L7shNYzGl4tAKRp,4.353833333333333,,0.605,0.769,5,-2.413,1,0.032,0.0241,0.0,0.0936,0.366,114.921,audio_features,3MytWN8L7shNYzGl4tAKRp,spotify:track:3MytWN8L7shNYzGl4tAKRp,https://api.spotify.com/v1/tracks/3MytWN8L7shNYzGl4tAKRp,https://api.spotify.com/v1/audio-analysis/3MytWN8L7shNYzGl4tAKRp,261231,4
Speak Now (Taylor's Version),5AEDGbliTTfjOB8TSm1sxt,2023-07-07,22,Back To December (Taylor's Version),79uDOz0zuuWS7HWxzMmTa2,4.90315,,0.486,0.635,2,-3.994,1,0.0278,0.00705,0.0,0.119,0.235,141.868,audio_features,79uDOz0zuuWS7HWxzMmTa2,spotify:track:79uDOz0zuuWS7HWxzMmTa2,https://api.spotify.com/v1/tracks/79uDOz0zuuWS7HWxzMmTa2,https://api.spotify.com/v1/audio-analysis/79uDOz0zuuWS7HWxzMmTa2,294190,4
Speak Now (Taylor's Version),5AEDGbliTTfjOB8TSm1sxt,2023-07-07,22,Speak Now (Taylor's Version),5xXqyjLicvEpch72qEryFT,4.041216666666666,,0.734,0.686,7,-2.926,1,0.0349,0.225,0.0,0.136,0.598,119.002,audio_features,5xXqyjLicvEpch72qEryFT,spotify:track:5xXqyjLicvEpch72qEryFT,https://api.spotify.com/v1/tracks/5xXqyjLicvEpch72qEryFT,https://api.spotify.com/v1/audio-analysis/5xXqyjLicvEpch72qEryFT,242473,4
Speak Now (Taylor's Version),5AEDGbliTTfjOB8TSm1sxt,2023-07-07,22,Dear John (Taylor's Version),1zU8j1x3yi9xalMF96pzKp,6.7651,,0.379,0.468,4,-5.07,1,0.0298,0.0327,0.0,0.158,0.115,119.447,audio_features,1zU8j1x3yi9xalMF96pzKp,spotify:track:1zU8j1x3yi9xalMF96pzKp,https://api.spotify.com/v1/tracks/1zU8j1x3yi9xalMF96pzKp,https://api.spotify.com/v1/audio-analysis/1zU8j1x3yi9xalMF96pzKp,405907,3
Speak Now (Taylor's Version),5AEDGbliTTfjOB8TSm1sxt,2023-07-07,22,Mean (Taylor's Version),30Y4CV7A6YqtQtTTo7Ue4j,3.9782166666666665,,0.526,0.7,4,-3.95,1,0.0392,0.321,0.0,0.213,0.596,163.949,audio_features,30Y4CV7A6YqtQtTTo7Ue4j,spotify:track:30Y4CV7A6YqtQtTTo7Ue4j,https://api.spotify.com/v1/tracks/30Y4CV7A6YqtQtTTo7Ue4j,https://api.spotify.com/v1/audio-analysis/30Y4CV7A6YqtQtTTo7Ue4j,238693,4
Speak Now (Taylor's Version),5AEDGbliTTfjOB8TSm1sxt,2023-07-07,22,The Story Of Us (Taylor's Version),6dTA6y0C2ReQklntzZl8l3,4.460883333333333,,0.516,0.784,4,-2.636,1,0.0563,0.00136,0.0,0.0499,0.552,139.787,audio_features,6dTA6y0C2ReQklntzZl8l3,spotify:track:6dTA6y0C2ReQklntzZl8l3,https://api.spotify.com/v1/tracks/6dTA6y0C2ReQklntzZl8l3,https://api.spotify.com/v1/audio-analysis/6dTA6y0C2ReQklntzZl8l3,267653,4
Speak Now (Taylor's Version),5AEDGbliTTfjOB8TSm1sxt,2023-07-07,22,Never Grow Up (Taylor's Version),2EFZ9emtKWEglWUQGEQ3P9,4.882,,0.684,0.339,2,-7.259,1,0.029,0.867,0.0,0.194,0.572,125.054,audio_features,2EFZ9emtKWEglWUQGEQ3P9,spotify:track:2EFZ9emtKWEglWUQGEQ3P9,https://api.spotify.com/v1/tracks/2EFZ9emtKWEglWUQGEQ3P9,https://api.spotify.com/v1/audio-analysis/2EFZ9emtKWEglWUQGEQ3P9,292920,4
Speak Now (Taylor's Version),5AEDGbliTTfjOB8TSm1sxt,2023-07-07,22,Enchanted (Taylor's Version),3sW3oSbzsfecv9XoUdGs7h,5.88755,,0.52,0.553,8,-3.546,1,0.0269,0.016,0.0,0.165,0.227,81.949,audio_features,3sW3oSbzsfecv9XoUdGs7h,spotify:track:3sW3oSbzsfecv9XoUdGs7h,https://api.spotify.com/v1/tracks/3sW3oSbzsfecv9XoUdGs7h,https://api.spotify.com/v1/audio-analysis/3sW3oSbzsfecv9XoUdGs7h,353253,4
Speak Now (Taylor's Version),5AEDGbliTTfjOB8TSm1sxt,2023-07-07,22,Better Than Revenge (Taylor's Version),0NwGC0v03ysCYINtg6ns58,3.671766666666666,,0.505,0.893,11,-3.013,0,0.0771,0.000795,0.0,0.178,0.659,145.913,audio_features,0NwGC0v03ysCYINtg6ns58,spotify:track:0NwGC0v03ysCYINtg6ns58,https://api.spotify.com/v1/tracks/0NwGC0v03ysCYINtg6ns58,https://api.spotify.com/v1/audio-analysis/0NwGC0v03ysCYINtg6ns58,220307,4
Speak Now (Taylor's Version),5AEDGbliTTfjOB8TSm1sxt,2023-07-07,22,Innocent (Taylor's Version),12nBPF4Rh4XLFJV0YLN7uj,5.02035,,0.524,0.611,1,-5.298,0,0.0297,0.0972,0.0,0.127,0.126,133.583,audio_features,12nBPF4Rh4XLFJV0YLN7uj,spotify:track:12nBPF4Rh4XLFJV0YLN7uj,https://api.spotify.com/v1/tracks/12nBPF4Rh4XLFJV0YLN7uj,https://api.spotify.com/v1/audio-analysis/12nBPF4Rh4XLFJV0YLN7uj,301222,4
Speak Now (Taylor's Version),5AEDGbliTTfjOB8TSm1sxt,2023-07-07,22,Haunted (Taylor's Version),4tMzIAFTFdqGBQLdfbPces,4.090216666666667,,0.44,0.916,5,-1.927,1,0.0629,0.00552,0.0,0.252,0.371,162.025,audio_features,4tMzIAFTFdqGBQLdfbPces,spotify:track:4tMzIAFTFdqGBQLdfbPces,https://api.spotify.com/v1/tracks/4tMzIAFTFdqGBQLdfbPces,https://api.spotify.com/v1/audio-analysis/4tMzIAFTFdqGBQLdfbPces,245413,4
Speak Now (Taylor's Version),5AEDGbliTTfjOB8TSm1sxt,2023-07-07,22,Last Kiss (Taylor's Version),59KOoHFcw5XfICnO57holu,6.152,,0.557,0.362,10,-8.641,1,0.0263,0.443,3.57e-06,0.1,0.187,79.573,audio_features,59KOoHFcw5XfICnO57holu,spotify:track:59KOoHFcw5XfICnO57holu,https://api.spotify.com/v1/tracks/59KOoHFcw5XfICnO57holu,https://api.spotify.com/v1/audio-analysis/59KOoHFcw5XfICnO57holu,369120,3
Speak Now (Taylor's Version),5AEDGbliTTfjOB8TSm1sxt,2023-07-07,22,Long Live (Taylor's Version),4hqJ4bSlYJOXb6Z4SRmzxs,5.299333333333333,,0.38,0.628,0,-4.054,1,0.038,0.0162,0.0,0.227,0.0984,203.826,audio_features,4hqJ4bSlYJOXb6Z4SRmzxs,spotify:track:4hqJ4bSlYJOXb6Z4SRmzxs,https://api.spotify.com/v1/tracks/4hqJ4bSlYJOXb6Z4SRmzxs,https://api.spotify.com/v1/audio-analysis/4hqJ4bSlYJOXb6Z4SRmzxs,317960,4
Speak Now (Taylor's Version),5AEDGbliTTfjOB8TSm1sxt,2023-07-07,22,Ours (Taylor’s Version),3yNJkriPzWjkkDAWHIAVUq,3.93005,,0.539,0.475,0,-8.411,1,0.0287,0.42,0.0,0.109,0.293,159.824,audio_features,3yNJkriPzWjkkDAWHIAVUq,spotify:track:3yNJkriPzWjkkDAWHIAVUq,https://api.spotify.com/v1/tracks/3yNJkriPzWjkkDAWHIAVUq,https://api.spotify.com/v1/audio-analysis/3yNJkriPzWjkkDAWHIAVUq,235803,4
Speak Now (Taylor's Version),5AEDGbliTTfjOB8TSm1sxt,2023-07-07,22,Superman (Taylor’s Version),4evLyY5Ue1Wesc61t2KXAU,4.582416666666667,,0.537,0.733,7,-3.506,1,0.0302,0.00207,0.0,0.11,0.347,131.898,audio_features,4evLyY5Ue1Wesc61t2KXAU,spotify:track:4evLyY5Ue1Wesc61t2KXAU,https://api.spotify.com/v1/tracks/4evLyY5Ue1Wesc61t2KXAU,https://api.spotify.com/v1/audio-analysis/4evLyY5Ue1Wesc61t2KXAU,274945,4
Speak Now (Taylor's Version),5AEDGbliTTfjOB8TSm1sxt,2023-07-07,22,Electric Touch (feat. Fall Out Boy) (Taylor’s Version) (From The Vault),4e3ZNTAV6PCrdYMUrUlMpQ,4.4411,,0.547,0.854,7,-4.753,1,0.0526,0.018,0.0,0.156,0.26,131.068,audio_features,4e3ZNTAV6PCrdYMUrUlMpQ,spotify:track:4e3ZNTAV6PCrdYMUrUlMpQ,https://api.spotify.com/v1/tracks/4e3ZNTAV6PCrdYMUrUlMpQ,https://api.spotify.com/v1/audio-analysis/4e3ZNTAV6PCrdYMUrUlMpQ,266467,4
Speak Now (Taylor's Version),5AEDGbliTTfjOB8TSm1sxt,2023-07-07,22,When Emma Falls in Love (Taylor’s Version) (From The Vault),0zo975x58DlXbZllWvfYhg,4.206416666666667,,0.524,0.759,2,-4.714,1,0.0471,0.168,0.0,0.104,0.234,77.879,audio_features,0zo975x58DlXbZllWvfYhg,spotify:track:0zo975x58DlXbZllWvfYhg,https://api.spotify.com/v1/tracks/0zo975x58DlXbZllWvfYhg,https://api.spotify.com/v1/audio-analysis/0zo975x58DlXbZllWvfYhg,252386,4
Speak Now (Taylor's Version),5AEDGbliTTfjOB8TSm1sxt,2023-07-07,22,I Can See You (Taylor’s Version) (From The Vault),5kHMfzgLZP95O9NBy0ku4v,4.5531,,0.695,0.768,6,-4.883,1,0.0344,0.0577,0.0,0.0426,0.813,123.054,audio_features,5kHMfzgLZP95O9NBy0ku4v,spotify:track:5kHMfzgLZP95O9NBy0ku4v,https://api.spotify.com/v1/tracks/5kHMfzgLZP95O9NBy0ku4v,https://api.spotify.com/v1/audio-analysis/5kHMfzgLZP95O9NBy0ku4v,273186,4
Speak Now (Taylor's Version),5AEDGbliTTfjOB8TSm1sxt,2023-07-07,22,Castles Crumbling (feat. Hayley Williams) (Taylor’s Version) (From The Vault),4ABYxlb92WBIjHu7TIKmml,5.1010333333333335,,0.578,0.565,7,-8.064,1,0.0441,0.342,0.0,0.0662,0.351,147.781,audio_features,4ABYxlb92WBIjHu7TIKmml,spotify:track:4ABYxlb92WBIjHu7TIKmml,https://api.spotify.com/v1/tracks/4ABYxlb92WBIjHu7TIKmml,https://api.spotify.com/v1/audio-analysis/4ABYxlb92WBIjHu7TIKmml,306062,4
Speak Now (Taylor's Version),5AEDGbliTTfjOB8TSm1sxt,2023-07-07,22,Foolish One (Taylor’s Version) (From The Vault),4s8BIKx4Zh6ryAEz8RTlaU,5.196083333333333,,0.672,0.613,7,-4.709,1,0.0298,0.599,0.0,0.112,0.557,97.041,audio_features,4s8BIKx4Zh6ryAEz8RTlaU,spotify:track:4s8BIKx4Zh6ryAEz8RTlaU,https://api.spotify.com/v1/tracks/4s8BIKx4Zh6ryAEz8RTlaU,https://api.spotify.com/v1/audio-analysis/4s8BIKx4Zh6ryAEz8RTlaU,311765,4
Speak Now (Taylor's Version),5AEDGbliTTfjOB8TSm1sxt,2023-07-07,22,Timeless (Taylor’s Version) (From The Vault),1HCdems7PQZRj42QDWLA0A,5.3566,,0.629,0.578,3,-5.806,1,0.0319,0.332,0.0,0.0868,0.651,142.887,audio_features,1HCdems7PQZRj42QDWLA0A,spotify:track:1HCdems7PQZRj42QDWLA0A,https://api.spotify.com/v1/tracks/1HCdems7PQZRj42QDWLA0A,https://api.spotify.com/v1/audio-analysis/1HCdems7PQZRj42QDWLA0A,321397,4
Midnights (The Til Dawn Edition),1fnJ7k0bllNfL1kVdNVW1A,2023-05-26,23,Lavender Haze,24emu3sabKISjRkrys28jq,3.37325,,0.735,0.449,7,-10.56,0,0.0883,0.23,0.00126,0.132,0.0955,97.05,audio_features,24emu3sabKISjRkrys28jq,spotify:track:24emu3sabKISjRkrys28jq,https://api.spotify.com/v1/tracks/24emu3sabKISjRkrys28jq,https://api.spotify.com/v1/audio-analysis/24emu3sabKISjRkrys28jq,202396,4
Midnights (The Til Dawn Edition),1fnJ7k0bllNfL1kVdNVW1A,2023-05-26,23,Maroon,6qxvy9Pe4RJIq5JBVbbwbS,3.6378333333333335,,0.655,0.384,7,-8.29,1,0.0349,0.0634,1.45e-06,0.0973,0.0384,108.058,audio_features,6qxvy9Pe4RJIq5JBVbbwbS,spotify:track:6qxvy9Pe4RJIq5JBVbbwbS,https://api.spotify.com/v1/tracks/6qxvy9Pe4RJIq5JBVbbwbS,https://api.spotify.com/v1/audio-analysis/6qxvy9Pe4RJIq5JBVbbwbS,218271,4
Midnights (The Til Dawn Edition),1fnJ7k0bllNfL1kVdNVW1A,2023-05-26,23,Anti-Hero,5qIHFdkW6phMsTZlN2g8Lc,3.3448333333333333,,0.633,0.648,4,-6.645,1,0.062,0.121,2.62e-06,0.161,0.49,96.888,audio_features,5qIHFdkW6phMsTZlN2g8Lc,spotify:track:5qIHFdkW6phMsTZlN2g8Lc,https://api.spotify.com/v1/tracks/5qIHFdkW6phMsTZlN2g8Lc,https://api.spotify.com/v1/audio-analysis/5qIHFdkW6phMsTZlN2g8Lc,200690,4
Midnights (The Til Dawn Edition),1fnJ7k0bllNfL1kVdNVW1A,2023-05-26,23,Snow On The Beach (feat. Lana Del Rey),7GA86Uo2jYbj8vIXe2nyWd,4.2687333333333335,,0.663,0.321,9,-13.527,1,0.0409,0.701,0.000598,0.107,0.153,110.021,audio_features,7GA86Uo2jYbj8vIXe2nyWd,spotify:track:7GA86Uo2jYbj8vIXe2nyWd,https://api.spotify.com/v1/tracks/7GA86Uo2jYbj8vIXe2nyWd,https://api.spotify.com/v1/audio-analysis/7GA86Uo2jYbj8vIXe2nyWd,256124,4
Midnights (The Til Dawn Edition),1fnJ7k0bllNfL1kVdNVW1A,2023-05-26,23,"You're On Your Own, Kid",6PQOU00xWNrGwCZzboriXy,3.2367666666666666,,0.696,0.39,2,-10.331,1,0.0616,0.447,1.55e-05,0.125,0.395,120.032,audio_features,6PQOU00xWNrGwCZzboriXy,spotify:track:6PQOU00xWNrGwCZzboriXy,https://api.spotify.com/v1/tracks/6PQOU00xWNrGwCZzboriXy,https://api.spotify.com/v1/audio-analysis/6PQOU00xWNrGwCZzboriXy,194207,4
Midnights (The Til Dawn Edition),1fnJ7k0bllNfL1kVdNVW1A,2023-05-26,23,Midnight Rain,4eKMqf9ZMSclDX7V9Ptg7x,2.9130333333333334,,0.604,0.375,0,-11.637,1,0.0633,0.71,5.87e-05,0.116,0.203,137.651,audio_features,4eKMqf9ZMSclDX7V9Ptg7x,spotify:track:4eKMqf9ZMSclDX7V9Ptg7x,https://api.spotify.com/v1/tracks/4eKMqf9ZMSclDX7V9Ptg7x,https://api.spotify.com/v1/audio-analysis/4eKMqf9ZMSclDX7V9Ptg7x,174783,4
Midnights (The Til Dawn Edition),1fnJ7k0bllNfL1kVdNVW1A,2023-05-26,23,Question...?,7oomkQSYf1ia2VnVEWfFIU,3.5092666666666665,,0.654,0.51,7,-8.767,1,0.242,0.206,0.0,0.249,0.105,108.874,audio_features,7oomkQSYf1ia2VnVEWfFIU,spotify:track:7oomkQSYf1ia2VnVEWfFIU,https://api.spotify.com/v1/tracks/7oomkQSYf1ia2VnVEWfFIU,https://api.spotify.com/v1/audio-analysis/7oomkQSYf1ia2VnVEWfFIU,210557,4
Midnights (The Til Dawn Edition),1fnJ7k0bllNfL1kVdNVW1A,2023-05-26,23,Vigilante Shit,0GKDhq6ZbmSbRHd3eyGlB7,2.7466833333333334,,0.872,0.267,4,-10.764,0,0.387,0.166,2.18e-05,0.123,0.168,79.964,audio_features,0GKDhq6ZbmSbRHd3eyGlB7,spotify:track:0GKDhq6ZbmSbRHd3eyGlB7,https://api.spotify.com/v1/tracks/0GKDhq6ZbmSbRHd3eyGlB7,https://api.spotify.com/v1/audio-analysis/0GKDhq6ZbmSbRHd3eyGlB7,164801,4
Midnights (The Til Dawn Edition),1fnJ7k0bllNfL1kVdNVW1A,2023-05-26,23,Bejeweled,0VpF6RLdCfPIeYRwMu4tZK,3.236083333333333,,0.687,0.551,7,-9.202,1,0.0787,0.0593,0.000143,0.09,0.443,163.994,audio_features,0VpF6RLdCfPIeYRwMu4tZK,spotify:track:0VpF6RLdCfPIeYRwMu4tZK,https://api.spotify.com/v1/tracks/0VpF6RLdCfPIeYRwMu4tZK,https://api.spotify.com/v1/audio-analysis/0VpF6RLdCfPIeYRwMu4tZK,194166,4
Midnights (The Til Dawn Edition),1fnJ7k0bllNfL1kVdNVW1A,2023-05-26,23,Labyrinth,4bBDkw2KBMX0tcgAaXC83Q,4.1327,,0.48,0.295,0,-15.512,1,0.0384,0.797,0.333,0.12,0.132,110.018,audio_features,4bBDkw2KBMX0tcgAaXC83Q,spotify:track:4bBDkw2KBMX0tcgAaXC83Q,https://api.spotify.com/v1/tracks/4bBDkw2KBMX0tcgAaXC83Q,https://api.spotify.com/v1/audio-analysis/4bBDkw2KBMX0tcgAaXC83Q,247962,4
Midnights (The Til Dawn Edition),1fnJ7k0bllNfL1kVdNVW1A,2023-05-26,23,Karma,45R112Jz5hQeKgITXgSXzs,3.4142,,0.64,0.619,8,-7.108,1,0.065,0.062,0.0,0.475,0.121,90.008,audio_features,45R112Jz5hQeKgITXgSXzs,spotify:track:45R112Jz5hQeKgITXgSXzs,https://api.spotify.com/v1/tracks/45R112Jz5hQeKgITXgSXzs,https://api.spotify.com/v1/audio-analysis/45R112Jz5hQeKgITXgSXzs,204852,4
Midnights (The Til Dawn Edition),1fnJ7k0bllNfL1kVdNVW1A,2023-05-26,23,Sweet Nothing,2L09RYwH5Pjzca6PmbUAw3,3.1416,,0.336,0.161,0,-14.973,1,0.0456,0.968,0.00011,0.115,0.407,176.48,audio_features,2L09RYwH5Pjzca6PmbUAw3,spotify:track:2L09RYwH5Pjzca6PmbUAw3,https://api.spotify.com/v1/tracks/2L09RYwH5Pjzca6PmbUAw3,https://api.spotify.com/v1/audio-analysis/2L09RYwH5Pjzca6PmbUAw3,188497,4
Midnights (The Til Dawn Edition),1fnJ7k0bllNfL1kVdNVW1A,2023-05-26,23,Mastermind,1QQii3pa5m8MEda0nbkjfw,3.1839833333333334,,0.66,0.343,4,-14.132,1,0.14,0.565,0.00134,0.0922,0.137,125.96,audio_features,1QQii3pa5m8MEda0nbkjfw,spotify:track:1QQii3pa5m8MEda0nbkjfw,https://api.spotify.com/v1/tracks/1QQii3pa5m8MEda0nbkjfw,https://api.spotify.com/v1/audio-analysis/1QQii3pa5m8MEda0nbkjfw,191039,4
Midnights (The Til Dawn Edition),1fnJ7k0bllNfL1kVdNVW1A,2023-05-26,23,The Great War,2VuqMjgoKaOHNM8HpxtXKx,4.005916666666667,,0.57,0.747,5,-8.93,1,0.0342,0.199,2.32e-05,0.0854,0.574,96.016,audio_features,2VuqMjgoKaOHNM8HpxtXKx,spotify:track:2VuqMjgoKaOHNM8HpxtXKx,https://api.spotify.com/v1/tracks/2VuqMjgoKaOHNM8HpxtXKx,https://api.spotify.com/v1/audio-analysis/2VuqMjgoKaOHNM8HpxtXKx,240356,4
Midnights (The Til Dawn Edition),1fnJ7k0bllNfL1kVdNVW1A,2023-05-26,23,Bigger Than The Whole Sky,71CBDRKmF2VeRKYMG1DFBh,3.6417,,0.42,0.22,6,-12.584,1,0.0472,0.841,0.00131,0.114,0.0705,165.564,audio_features,71CBDRKmF2VeRKYMG1DFBh,spotify:track:71CBDRKmF2VeRKYMG1DFBh,https://api.spotify.com/v1/tracks/71CBDRKmF2VeRKYMG1DFBh,https://api.spotify.com/v1/audio-analysis/71CBDRKmF2VeRKYMG1DFBh,218503,4
Midnights (The Til Dawn Edition),1fnJ7k0bllNfL1kVdNVW1A,2023-05-26,23,Paris,5tWxKWq1DSP1s9WQ5PWuqu,3.270966666666667,,0.703,0.518,7,-10.501,1,0.085,0.103,2.89e-05,0.148,0.347,110.94,audio_features,5tWxKWq1DSP1s9WQ5PWuqu,spotify:track:5tWxKWq1DSP1s9WQ5PWuqu,https://api.spotify.com/v1/tracks/5tWxKWq1DSP1s9WQ5PWuqu,https://api.spotify.com/v1/audio-analysis/5tWxKWq1DSP1s9WQ5PWuqu,196259,4
Midnights (The Til Dawn Edition),1fnJ7k0bllNfL1kVdNVW1A,2023-05-26,23,High Infidelity,1SztNGCwEHJEVFx90E5g7D,3.857916666666666,,0.571,0.547,10,-10.141,1,0.101,0.704,0.0,0.0877,0.768,175.933,audio_features,1SztNGCwEHJEVFx90E5g7D,spotify:track:1SztNGCwEHJEVFx90E5g7D,https://api.spotify.com/v1/tracks/1SztNGCwEHJEVFx90E5g7D,https://api.spotify.com/v1/audio-analysis/1SztNGCwEHJEVFx90E5g7D,231475,4
Midnights (The Til Dawn Edition),1fnJ7k0bllNfL1kVdNVW1A,2023-05-26,23,Glitch,7C0w28EsX0Um2FrZs9gso2,2.479683333333333,,0.677,0.47,11,-9.65,0,0.259,0.314,0.0,0.11,0.347,140.881,audio_features,7C0w28EsX0Um2FrZs9gso2,spotify:track:7C0w28EsX0Um2FrZs9gso2,https://api.spotify.com/v1/tracks/7C0w28EsX0Um2FrZs9gso2,https://api.spotify.com/v1/audio-analysis/7C0w28EsX0Um2FrZs9gso2,148781,4
Midnights (The Til Dawn Edition),1fnJ7k0bllNfL1kVdNVW1A,2023-05-26,23,"Would've, Could've, Should've",4txojlesMFQZGWxwz2EeqB,4.33935,,0.485,0.846,0,-6.557,1,0.117,0.393,0.00115,0.124,0.548,157.918,audio_features,4txojlesMFQZGWxwz2EeqB,spotify:track:4txojlesMFQZGWxwz2EeqB,https://api.spotify.com/v1/tracks/4txojlesMFQZGWxwz2EeqB,https://api.spotify.com/v1/audio-analysis/4txojlesMFQZGWxwz2EeqB,260362,4
Midnights (The Til Dawn Edition),1fnJ7k0bllNfL1kVdNVW1A,2023-05-26,23,Dear Reader,10GRRCR5fctuOF4GFmATJI,3.753233333333333,,0.674,0.39,0,-11.944,1,0.0483,0.464,0.00122,0.116,0.151,107.891,audio_features,10GRRCR5fctuOF4GFmATJI,spotify:track:10GRRCR5fctuOF4GFmATJI,https://api.spotify.com/v1/tracks/10GRRCR5fctuOF4GFmATJI,https://api.spotify.com/v1/audio-analysis/10GRRCR5fctuOF4GFmATJI,225194,4
Midnights (The Til Dawn Edition),1fnJ7k0bllNfL1kVdNVW1A,2023-05-26,23,Hits Different,3xYJScVfxByb61dYHTwiby,3.907766666666667,,0.666,0.786,5,-6.556,1,0.0439,0.134,3.34e-06,0.265,0.261,106.02,audio_features,3xYJScVfxByb61dYHTwiby,spotify:track:3xYJScVfxByb61dYHTwiby,https://api.spotify.com/v1/tracks/3xYJScVfxByb61dYHTwiby,https://api.spotify.com/v1/audio-analysis/3xYJScVfxByb61dYHTwiby,234467,4
Midnights (The Til Dawn Edition),1fnJ7k0bllNfL1kVdNVW1A,2023-05-26,23,Snow On The Beach (feat. More Lana Del Rey),4zmKGsrXjLmljb5fTaBTot,3.8323666666666663,,0.664,0.399,6,-10.997,0,0.0349,0.797,3.13e-06,0.105,0.265,109.937,audio_features,4zmKGsrXjLmljb5fTaBTot,spotify:track:4zmKGsrXjLmljb5fTaBTot,https://api.spotify.com/v1/tracks/4zmKGsrXjLmljb5fTaBTot,https://api.spotify.com/v1/audio-analysis/4zmKGsrXjLmljb5fTaBTot,229943,4
Midnights (The Til Dawn Edition),1fnJ7k0bllNfL1kVdNVW1A,2023-05-26,23,Karma (feat. Ice Spice),4i6cwNY6oIUU2XZxPIw82Y,3.358216666666667,,0.615,0.626,8,-6.548,1,0.0778,0.0574,0.0,0.596,0.0705,89.984,audio_features,4i6cwNY6oIUU2XZxPIw82Y,spotify:track:4i6cwNY6oIUU2XZxPIw82Y,https://api.spotify.com/v1/tracks/4i6cwNY6oIUU2XZxPIw82Y,https://api.spotify.com/v1/audio-analysis/4i6cwNY6oIUU2XZxPIw82Y,201493,4
Midnights (3am Edition),3lS1y25WAhcqJDATJK70Mq,2022-10-22,20,Lavender Haze,4g2c7NoTWAOSYDy44l9nub,3.37325,,0.735,0.449,7,-10.56,0,0.0883,0.23,0.00126,0.132,0.0955,97.05,audio_features,4g2c7NoTWAOSYDy44l9nub,spotify:track:4g2c7NoTWAOSYDy44l9nub,https://api.spotify.com/v1/tracks/4g2c7NoTWAOSYDy44l9nub,https://api.spotify.com/v1/audio-analysis/4g2c7NoTWAOSYDy44l9nub,202396,4
Midnights (3am Edition),3lS1y25WAhcqJDATJK70Mq,2022-10-22,20,Maroon,199E1RRrVmVTQqBXih5qRC,3.6378333333333335,,0.655,0.384,7,-8.29,1,0.0349,0.0634,1.45e-06,0.0973,0.0384,108.058,audio_features,199E1RRrVmVTQqBXih5qRC,spotify:track:199E1RRrVmVTQqBXih5qRC,https://api.spotify.com/v1/tracks/199E1RRrVmVTQqBXih5qRC,https://api.spotify.com/v1/audio-analysis/199E1RRrVmVTQqBXih5qRC,218271,4
Midnights (3am Edition),3lS1y25WAhcqJDATJK70Mq,2022-10-22,20,Anti-Hero,02Zkkf2zMkwRGQjZ7T4p8f,3.3448333333333333,,0.633,0.648,4,-6.645,1,0.062,0.121,2.62e-06,0.161,0.49,96.888,audio_features,02Zkkf2zMkwRGQjZ7T4p8f,spotify:track:02Zkkf2zMkwRGQjZ7T4p8f,https://api.spotify.com/v1/tracks/02Zkkf2zMkwRGQjZ7T4p8f,https://api.spotify.com/v1/audio-analysis/02Zkkf2zMkwRGQjZ7T4p8f,200690,4
Midnights (3am Edition),3lS1y25WAhcqJDATJK70Mq,2022-10-22,20,Snow On The Beach (feat. Lana Del Rey),6ADDIJxxqzM9LMpm78yzQG,4.2687333333333335,,0.663,0.321,9,-13.527,1,0.0409,0.701,0.000598,0.107,0.153,110.021,audio_features,6ADDIJxxqzM9LMpm78yzQG,spotify:track:6ADDIJxxqzM9LMpm78yzQG,https://api.spotify.com/v1/tracks/6ADDIJxxqzM9LMpm78yzQG,https://api.spotify.com/v1/audio-analysis/6ADDIJxxqzM9LMpm78yzQG,256124,4
Midnights (3am Edition),3lS1y25WAhcqJDATJK70Mq,2022-10-22,20,"You're On Your Own, Kid",7gVWKBcfIW93YxNBi3ApIE,3.2367666666666666,,0.696,0.39,2,-10.331,1,0.0616,0.447,1.55e-05,0.125,0.395,120.032,audio_features,7gVWKBcfIW93YxNBi3ApIE,spotify:track:7gVWKBcfIW93YxNBi3ApIE,https://api.spotify.com/v1/tracks/7gVWKBcfIW93YxNBi3ApIE,https://api.spotify.com/v1/audio-analysis/7gVWKBcfIW93YxNBi3ApIE,194207,4
Midnights (3am Edition),3lS1y25WAhcqJDATJK70Mq,2022-10-22,20,Midnight Rain,6Nl7KyvjkFncGsjB49SxLl,2.9130333333333334,,0.604,0.375,0,-11.637,1,0.0633,0.71,5.87e-05,0.116,0.203,137.651,audio_features,6Nl7KyvjkFncGsjB49SxLl,spotify:track:6Nl7KyvjkFncGsjB49SxLl,https://api.spotify.com/v1/tracks/6Nl7KyvjkFncGsjB49SxLl,https://api.spotify.com/v1/audio-analysis/6Nl7KyvjkFncGsjB49SxLl,174783,4
Midnights (3am Edition),3lS1y25WAhcqJDATJK70Mq,2022-10-22,20,Question...?,6C7OF1Jal7YkyjzyUG8vkK,3.5092666666666665,,0.654,0.51,7,-8.767,1,0.242,0.206,0.0,0.249,0.105,108.874,audio_features,6C7OF1Jal7YkyjzyUG8vkK,spotify:track:6C7OF1Jal7YkyjzyUG8vkK,https://api.spotify.com/v1/tracks/6C7OF1Jal7YkyjzyUG8vkK,https://api.spotify.com/v1/audio-analysis/6C7OF1Jal7YkyjzyUG8vkK,210557,4
Midnights (3am Edition),3lS1y25WAhcqJDATJK70Mq,2022-10-22,20,Vigilante Shit,5yeuXkukVGuix3vmLu2BPJ,2.7466833333333334,,0.872,0.267,4,-10.764,0,0.387,0.166,2.18e-05,0.123,0.168,79.964,audio_features,5yeuXkukVGuix3vmLu2BPJ,spotify:track:5yeuXkukVGuix3vmLu2BPJ,https://api.spotify.com/v1/tracks/5yeuXkukVGuix3vmLu2BPJ,https://api.spotify.com/v1/audio-analysis/5yeuXkukVGuix3vmLu2BPJ,164801,4
Midnights (3am Edition),3lS1y25WAhcqJDATJK70Mq,2022-10-22,20,Bejeweled,0jvo9CjnbR0lYUDTSNTMiu,3.236083333333333,,0.687,0.551,7,-9.202,1,0.0787,0.0593,0.000143,0.09,0.443,163.994,audio_features,0jvo9CjnbR0lYUDTSNTMiu,spotify:track:0jvo9CjnbR0lYUDTSNTMiu,https://api.spotify.com/v1/tracks/0jvo9CjnbR0lYUDTSNTMiu,https://api.spotify.com/v1/audio-analysis/0jvo9CjnbR0lYUDTSNTMiu,194166,4
Midnights (3am Edition),3lS1y25WAhcqJDATJK70Mq,2022-10-22,20,Labyrinth,43q586vP8gGkYypKoSddhl,4.1327,,0.48,0.295,0,-15.512,1,0.0384,0.797,0.333,0.12,0.132,110.018,audio_features,43q586vP8gGkYypKoSddhl,spotify:track:43q586vP8gGkYypKoSddhl,https://api.spotify.com/v1/tracks/43q586vP8gGkYypKoSddhl,https://api.spotify.com/v1/audio-analysis/43q586vP8gGkYypKoSddhl,247962,4
Midnights (3am Edition),3lS1y25WAhcqJDATJK70Mq,2022-10-22,20,Karma,5oqDgw5VGBln5dSIOPWyBq,3.4142,,0.64,0.619,8,-7.108,1,0.065,0.062,0.0,0.475,0.121,90.008,audio_features,5oqDgw5VGBln5dSIOPWyBq,spotify:track:5oqDgw5VGBln5dSIOPWyBq,https://api.spotify.com/v1/tracks/5oqDgw5VGBln5dSIOPWyBq,https://api.spotify.com/v1/audio-analysis/5oqDgw5VGBln5dSIOPWyBq,204852,4
Midnights (3am Edition),3lS1y25WAhcqJDATJK70Mq,2022-10-22,20,Sweet Nothing,3zmwONxswBAzGwExPugSLN,3.1416,,0.336,0.161,0,-14.973,1,0.0456,0.968,0.00011,0.115,0.407,176.48,audio_features,3zmwONxswBAzGwExPugSLN,spotify:track:3zmwONxswBAzGwExPugSLN,https://api.spotify.com/v1/tracks/3zmwONxswBAzGwExPugSLN,https://api.spotify.com/v1/audio-analysis/3zmwONxswBAzGwExPugSLN,188497,4
Midnights (3am Edition),3lS1y25WAhcqJDATJK70Mq,2022-10-22,20,Mastermind,56hioFjQ0DXrdn04hZcFgG,3.1839833333333334,,0.66,0.343,4,-14.132,1,0.14,0.565,0.00134,0.0922,0.137,125.96,audio_features,56hioFjQ0DXrdn04hZcFgG,spotify:track:56hioFjQ0DXrdn04hZcFgG,https://api.spotify.com/v1/tracks/56hioFjQ0DXrdn04hZcFgG,https://api.spotify.com/v1/audio-analysis/56hioFjQ0DXrdn04hZcFgG,191039,4
Midnights (3am Edition),3lS1y25WAhcqJDATJK70Mq,2022-10-22,20,The Great War,3UMrglJeju5yWyYIW6o99b,4.005916666666667,,0.57,0.747,5,-8.93,1,0.0342,0.199,2.32e-05,0.0854,0.574,96.016,audio_features,3UMrglJeju5yWyYIW6o99b,spotify:track:3UMrglJeju5yWyYIW6o99b,https://api.spotify.com/v1/tracks/3UMrglJeju5yWyYIW6o99b,https://api.spotify.com/v1/audio-analysis/3UMrglJeju5yWyYIW6o99b,240356,4
Midnights (3am Edition),3lS1y25WAhcqJDATJK70Mq,2022-10-22,20,Bigger Than The Whole Sky,0BiqmkasE5FdrChwKfVp8X,3.6417,,0.42,0.22,6,-12.584,1,0.0472,0.841,0.00131,0.114,0.0705,165.564,audio_features,0BiqmkasE5FdrChwKfVp8X,spotify:track:0BiqmkasE5FdrChwKfVp8X,https://api.spotify.com/v1/tracks/0BiqmkasE5FdrChwKfVp8X,https://api.spotify.com/v1/audio-analysis/0BiqmkasE5FdrChwKfVp8X,218503,4
Midnights (3am Edition),3lS1y25WAhcqJDATJK70Mq,2022-10-22,20,Paris,7712gjoih4QoDbXpljEk21,3.270966666666667,,0.703,0.518,7,-10.501,1,0.085,0.103,2.89e-05,0.148,0.347,110.94,audio_features,7712gjoih4QoDbXpljEk21,spotify:track:7712gjoih4QoDbXpljEk21,https://api.spotify.com/v1/tracks/7712gjoih4QoDbXpljEk21,https://api.spotify.com/v1/audio-analysis/7712gjoih4QoDbXpljEk21,196259,4
Midnights (3am Edition),3lS1y25WAhcqJDATJK70Mq,2022-10-22,20,High Infidelity,5kiZGSxgqPdv6rbqL9THdd,3.857916666666666,,0.571,0.547,10,-10.141,1,0.101,0.704,0.0,0.0877,0.768,175.933,audio_features,5kiZGSxgqPdv6rbqL9THdd,spotify:track:5kiZGSxgqPdv6rbqL9THdd,https://api.spotify.com/v1/tracks/5kiZGSxgqPdv6rbqL9THdd,https://api.spotify.com/v1/audio-analysis/5kiZGSxgqPdv6rbqL9THdd,231475,4
Midnights (3am Edition),3lS1y25WAhcqJDATJK70Mq,2022-10-22,20,Glitch,6wAFvJPpTZVirBKGZ4EnMW,2.479683333333333,,0.677,0.47,11,-9.65,0,0.259,0.314,0.0,0.11,0.347,140.881,audio_features,6wAFvJPpTZVirBKGZ4EnMW,spotify:track:6wAFvJPpTZVirBKGZ4EnMW,https://api.spotify.com/v1/tracks/6wAFvJPpTZVirBKGZ4EnMW,https://api.spotify.com/v1/audio-analysis/6wAFvJPpTZVirBKGZ4EnMW,148781,4
Midnights (3am Edition),3lS1y25WAhcqJDATJK70Mq,2022-10-22,20,"Would've, Could've, Should've",0aV5uARAknQgYhBaK944FP,4.33935,,0.485,0.846,0,-6.557,1,0.117,0.393,0.00115,0.124,0.548,157.918,audio_features,0aV5uARAknQgYhBaK944FP,spotify:track:0aV5uARAknQgYhBaK944FP,https://api.spotify.com/v1/tracks/0aV5uARAknQgYhBaK944FP,https://api.spotify.com/v1/audio-analysis/0aV5uARAknQgYhBaK944FP,260362,4
Midnights (3am Edition),3lS1y25WAhcqJDATJK70Mq,2022-10-22,20,Dear Reader,3QF5RsWzK1lCvf2o2cY65P,3.753233333333333,,0.674,0.39,0,-11.944,1,0.0483,0.464,0.00122,0.116,0.151,107.891,audio_features,3QF5RsWzK1lCvf2o2cY65P,spotify:track:3QF5RsWzK1lCvf2o2cY65P,https://api.spotify.com/v1/tracks/3QF5RsWzK1lCvf2o2cY65P,https://api.spotify.com/v1/audio-analysis/3QF5RsWzK1lCvf2o2cY65P,225194,4
Midnights,151w1FgRZfnKZA9FEcg9Z3,2022-10-21,13,Lavender Haze,5jQI2r1RdgtuT8S3iG8zFC,3.37325,,0.735,0.449,7,-10.56,0,0.0883,0.23,0.00126,0.132,0.0955,97.05,audio_features,5jQI2r1RdgtuT8S3iG8zFC,spotify:track:5jQI2r1RdgtuT8S3iG8zFC,https://api.spotify.com/v1/tracks/5jQI2r1RdgtuT8S3iG8zFC,https://api.spotify.com/v1/audio-analysis/5jQI2r1RdgtuT8S3iG8zFC,202396,4
Midnights,151w1FgRZfnKZA9FEcg9Z3,2022-10-21,13,Maroon,3eX0NZfLtGzoLUxPNvRfqm,3.6378333333333335,,0.655,0.384,7,-8.29,1,0.0349,0.0634,1.45e-06,0.0973,0.0384,108.058,audio_features,3eX0NZfLtGzoLUxPNvRfqm,spotify:track:3eX0NZfLtGzoLUxPNvRfqm,https://api.spotify.com/v1/tracks/3eX0NZfLtGzoLUxPNvRfqm,https://api.spotify.com/v1/audio-analysis/3eX0NZfLtGzoLUxPNvRfqm,218271,4
Midnights,151w1FgRZfnKZA9FEcg9Z3,2022-10-21,13,Anti-Hero,0V3wPSX9ygBnCm8psDIegu,3.3448333333333333,,0.633,0.648,4,-6.645,1,0.062,0.121,2.62e-06,0.161,0.49,96.888,audio_features,0V3wPSX9ygBnCm8psDIegu,spotify:track:0V3wPSX9ygBnCm8psDIegu,https://api.spotify.com/v1/tracks/0V3wPSX9ygBnCm8psDIegu,https://api.spotify.com/v1/audio-analysis/0V3wPSX9ygBnCm8psDIegu,200690,4
Midnights,151w1FgRZfnKZA9FEcg9Z3,2022-10-21,13,Snow On The Beach (feat. Lana Del Rey),1wtOxkiel43cVs0Yux5Q4h,4.2687333333333335,,0.663,0.321,9,-13.527,1,0.0409,0.701,0.000598,0.107,0.153,110.021,audio_features,1wtOxkiel43cVs0Yux5Q4h,spotify:track:1wtOxkiel43cVs0Yux5Q4h,https://api.spotify.com/v1/tracks/1wtOxkiel43cVs0Yux5Q4h,https://api.spotify.com/v1/audio-analysis/1wtOxkiel43cVs0Yux5Q4h,256124,4
Midnights,151w1FgRZfnKZA9FEcg9Z3,2022-10-21,13,"You're On Your Own, Kid",4D7BCuvgdJlYvlX5WlN54t,3.2367666666666666,,0.696,0.39,2,-10.331,1,0.0616,0.447,1.55e-05,0.125,0.395,120.032,audio_features,4D7BCuvgdJlYvlX5WlN54t,spotify:track:4D7BCuvgdJlYvlX5WlN54t,https://api.spotify.com/v1/tracks/4D7BCuvgdJlYvlX5WlN54t,https://api.spotify.com/v1/audio-analysis/4D7BCuvgdJlYvlX5WlN54t,194207,4
Midnights,151w1FgRZfnKZA9FEcg9Z3,2022-10-21,13,Midnight Rain,3rWDp9tBPQR9z6U5YyRSK4,2.9130333333333334,,0.604,0.375,0,-11.637,1,0.0633,0.71,5.87e-05,0.116,0.203,137.651,audio_features,3rWDp9tBPQR9z6U5YyRSK4,spotify:track:3rWDp9tBPQR9z6U5YyRSK4,https://api.spotify.com/v1/tracks/3rWDp9tBPQR9z6U5YyRSK4,https://api.spotify.com/v1/audio-analysis/3rWDp9tBPQR9z6U5YyRSK4,174783,4
Midnights,151w1FgRZfnKZA9FEcg9Z3,2022-10-21,13,Question...?,0heeNYlwOGuUSe7TgUD27B,3.5092666666666665,,0.654,0.51,7,-8.767,1,0.242,0.206,0.0,0.249,0.105,108.874,audio_features,0heeNYlwOGuUSe7TgUD27B,spotify:track:0heeNYlwOGuUSe7TgUD27B,https://api.spotify.com/v1/tracks/0heeNYlwOGuUSe7TgUD27B,https://api.spotify.com/v1/audio-analysis/0heeNYlwOGuUSe7TgUD27B,210557,4
Midnights,151w1FgRZfnKZA9FEcg9Z3,2022-10-21,13,Vigilante Shit,1xwAWUI6Dj0WGC3KiUPN0O,2.7466833333333334,,0.872,0.267,4,-10.764,0,0.387,0.166,2.18e-05,0.123,0.168,79.964,audio_features,1xwAWUI6Dj0WGC3KiUPN0O,spotify:track:1xwAWUI6Dj0WGC3KiUPN0O,https://api.spotify.com/v1/tracks/1xwAWUI6Dj0WGC3KiUPN0O,https://api.spotify.com/v1/audio-analysis/1xwAWUI6Dj0WGC3KiUPN0O,164801,4
Midnights,151w1FgRZfnKZA9FEcg9Z3,2022-10-21,13,Bejeweled,3qoftcUZaUOncvIYjFSPdE,3.236083333333333,,0.687,0.551,7,-9.202,1,0.0787,0.0593,0.000143,0.09,0.443,163.994,audio_features,3qoftcUZaUOncvIYjFSPdE,spotify:track:3qoftcUZaUOncvIYjFSPdE,https://api.spotify.com/v1/tracks/3qoftcUZaUOncvIYjFSPdE,https://api.spotify.com/v1/audio-analysis/3qoftcUZaUOncvIYjFSPdE,194166,4
Midnights,151w1FgRZfnKZA9FEcg9Z3,2022-10-21,13,Labyrinth,0A1JLUlkZkp2EFrosoNQi0,4.1327,,0.48,0.295,0,-15.512,1,0.0384,0.797,0.333,0.12,0.132,110.018,audio_features,0A1JLUlkZkp2EFrosoNQi0,spotify:track:0A1JLUlkZkp2EFrosoNQi0,https://api.spotify.com/v1/tracks/0A1JLUlkZkp2EFrosoNQi0,https://api.spotify.com/v1/audio-analysis/0A1JLUlkZkp2EFrosoNQi0,247962,4
Midnights,151w1FgRZfnKZA9FEcg9Z3,2022-10-21,13,Karma,7KokYm8cMIXCsGVmUvKtqf,3.4142,,0.64,0.619,8,-7.108,1,0.065,0.062,0.0,0.475,0.121,90.008,audio_features,7KokYm8cMIXCsGVmUvKtqf,spotify:track:7KokYm8cMIXCsGVmUvKtqf,https://api.spotify.com/v1/tracks/7KokYm8cMIXCsGVmUvKtqf,https://api.spotify.com/v1/audio-analysis/7KokYm8cMIXCsGVmUvKtqf,204852,4
Midnights,151w1FgRZfnKZA9FEcg9Z3,2022-10-21,13,Sweet Nothing,0wavGRldH0AWyu2zvTz8zb,3.1416,,0.336,0.161,0,-14.973,1,0.0456,0.968,0.00011,0.115,0.407,176.48,audio_features,0wavGRldH0AWyu2zvTz8zb,spotify:track:0wavGRldH0AWyu2zvTz8zb,https://api.spotify.com/v1/tracks/0wavGRldH0AWyu2zvTz8zb,https://api.spotify.com/v1/audio-analysis/0wavGRldH0AWyu2zvTz8zb,188497,4
Midnights,151w1FgRZfnKZA9FEcg9Z3,2022-10-21,13,Mastermind,7FmYn9e7KHMXcxqGSj9LjH,3.1839833333333334,,0.66,0.343,4,-14.132,1,0.14,0.565,0.00134,0.0922,0.137,125.96,audio_features,7FmYn9e7KHMXcxqGSj9LjH,spotify:track:7FmYn9e7KHMXcxqGSj9LjH,https://api.spotify.com/v1/tracks/7FmYn9e7KHMXcxqGSj9LjH,https://api.spotify.com/v1/audio-analysis/7FmYn9e7KHMXcxqGSj9LjH,191039,4
Red (Taylor's Version),6kZ42qRrzov54LcAk4onW9,2021-11-12,30,State Of Grace (Taylor's Version),6lzc0Al0zfZOIFsFvBS1ki,4.92355,,0.594,0.713,9,-5.314,1,0.0503,0.000328,0.0,0.114,0.328,129.958,audio_features,6lzc0Al0zfZOIFsFvBS1ki,spotify:track:6lzc0Al0zfZOIFsFvBS1ki,https://api.spotify.com/v1/tracks/6lzc0Al0zfZOIFsFvBS1ki,https://api.spotify.com/v1/audio-analysis/6lzc0Al0zfZOIFsFvBS1ki,295413,4
Red (Taylor's Version),6kZ42qRrzov54LcAk4onW9,2021-11-12,30,Red (Taylor's Version),4OAuvHryIVv4kMDNSLuPt6,3.7182166666666663,,0.516,0.777,1,-4.908,0,0.0375,0.00108,1.62e-06,0.0761,0.408,125.047,audio_features,4OAuvHryIVv4kMDNSLuPt6,spotify:track:4OAuvHryIVv4kMDNSLuPt6,https://api.spotify.com/v1/tracks/4OAuvHryIVv4kMDNSLuPt6,https://api.spotify.com/v1/audio-analysis/4OAuvHryIVv4kMDNSLuPt6,223093,4
Red (Taylor's Version),6kZ42qRrzov54LcAk4onW9,2021-11-12,30,Treacherous (Taylor's Version),3S7HNKPakdwNEBFIVTL6dZ,4.045333333333334,,0.645,0.593,2,-6.506,1,0.0288,0.0344,0.000127,0.13,0.299,109.984,audio_features,3S7HNKPakdwNEBFIVTL6dZ,spotify:track:3S7HNKPakdwNEBFIVTL6dZ,https://api.spotify.com/v1/tracks/3S7HNKPakdwNEBFIVTL6dZ,https://api.spotify.com/v1/audio-analysis/3S7HNKPakdwNEBFIVTL6dZ,242720,4
Red (Taylor's Version),6kZ42qRrzov54LcAk4onW9,2021-11-12,30,I Knew You Were Trouble (Taylor's Version),6AtZLIzUINvExIUy4QhdjP,3.6626666666666665,,0.584,0.557,6,-6.371,1,0.0342,0.0129,0.0,0.0576,0.767,154.008,audio_features,6AtZLIzUINvExIUy4QhdjP,spotify:track:6AtZLIzUINvExIUy4QhdjP,https://api.spotify.com/v1/tracks/6AtZLIzUINvExIUy4QhdjP,https://api.spotify.com/v1/audio-analysis/6AtZLIzUINvExIUy4QhdjP,219760,4
Red (Taylor's Version),6kZ42qRrzov54LcAk4onW9,2021-11-12,30,All Too Well (Taylor's Version),3nsfB1vus2qaloUdcBZvDu,5.486,,0.44,0.528,0,-7.809,1,0.0317,0.0171,0.00203,0.234,0.132,185.972,audio_features,3nsfB1vus2qaloUdcBZvDu,spotify:track:3nsfB1vus2qaloUdcBZvDu,https://api.spotify.com/v1/tracks/3nsfB1vus2qaloUdcBZvDu,https://api.spotify.com/v1/audio-analysis/3nsfB1vus2qaloUdcBZvDu,329160,4
Red (Taylor's Version),6kZ42qRrzov54LcAk4onW9,2021-11-12,30,22 (Taylor's Version),3yII7UwgLF6K5zW3xad3MP,3.8493333333333335,,0.642,0.695,7,-5.62,1,0.0281,0.000443,1.02e-05,0.0753,0.642,103.984,audio_features,3yII7UwgLF6K5zW3xad3MP,spotify:track:3yII7UwgLF6K5zW3xad3MP,https://api.spotify.com/v1/tracks/3yII7UwgLF6K5zW3xad3MP,https://api.spotify.com/v1/audio-analysis/3yII7UwgLF6K5zW3xad3MP,230960,4
Red (Taylor's Version),6kZ42qRrzov54LcAk4onW9,2021-11-12,30,I Almost Do (Taylor's Version),2r9CbjYgFhtAmcFv1cSquB,4.076433333333333,,0.511,0.559,4,-6.587,1,0.0264,0.0167,0.0,0.113,0.248,145.88,audio_features,2r9CbjYgFhtAmcFv1cSquB,spotify:track:2r9CbjYgFhtAmcFv1cSquB,https://api.spotify.com/v1/tracks/2r9CbjYgFhtAmcFv1cSquB,https://api.spotify.com/v1/audio-analysis/2r9CbjYgFhtAmcFv1cSquB,244587,4
Red (Taylor's Version),6kZ42qRrzov54LcAk4onW9,2021-11-12,30,We Are Never Ever Getting Back Together (Taylor's Version),5YqltLsjdqFtvqE7Nrysvs,3.2191,,0.567,0.686,7,-6.139,1,0.175,0.0317,1.86e-06,0.0732,0.716,172.014,audio_features,5YqltLsjdqFtvqE7Nrysvs,spotify:track:5YqltLsjdqFtvqE7Nrysvs,https://api.spotify.com/v1/tracks/5YqltLsjdqFtvqE7Nrysvs,https://api.spotify.com/v1/audio-analysis/5YqltLsjdqFtvqE7Nrysvs,193147,4
Red (Taylor's Version),6kZ42qRrzov54LcAk4onW9,2021-11-12,30,Stay Stay Stay (Taylor's Version),7eQj6r5PIdYKEIZjucBMcq,3.429766666666666,,0.693,0.681,0,-7.039,1,0.025,0.0848,0.0,0.0768,0.663,100.02,audio_features,7eQj6r5PIdYKEIZjucBMcq,spotify:track:7eQj6r5PIdYKEIZjucBMcq,https://api.spotify.com/v1/tracks/7eQj6r5PIdYKEIZjucBMcq,https://api.spotify.com/v1/audio-analysis/7eQj6r5PIdYKEIZjucBMcq,205787,4
Red (Taylor's Version),6kZ42qRrzov54LcAk4onW9,2021-11-12,30,The Last Time (feat. Gary Lightbody of Snow Patrol) (Taylor’s Version),0y6kdSRCVQhSsHSpWvTUm7,4.984666666666667,,0.502,0.534,2,-5.954,1,0.0278,0.0399,0.0,0.0977,0.155,94.05,audio_features,0y6kdSRCVQhSsHSpWvTUm7,spotify:track:0y6kdSRCVQhSsHSpWvTUm7,https://api.spotify.com/v1/tracks/0y6kdSRCVQhSsHSpWvTUm7,https://api.spotify.com/v1/audio-analysis/0y6kdSRCVQhSsHSpWvTUm7,299080,4
Red (Taylor's Version),6kZ42qRrzov54LcAk4onW9,2021-11-12,30,Holy Ground (Taylor's Version),7J4b3LVCIGO4CMBDFLPoP6,3.3826666666666667,,0.622,0.809,9,-5.623,1,0.0638,0.0288,0.00218,0.109,0.511,156.894,audio_features,7J4b3LVCIGO4CMBDFLPoP6,spotify:track:7J4b3LVCIGO4CMBDFLPoP6,https://api.spotify.com/v1/tracks/7J4b3LVCIGO4CMBDFLPoP6,https://api.spotify.com/v1/audio-analysis/7J4b3LVCIGO4CMBDFLPoP6,202960,4
Red (Taylor's Version),6kZ42qRrzov54LcAk4onW9,2021-11-12,30,Sad Beautiful Tragic (Taylor's Version),73qMN9bXy7MSPwwGfH3wQr,4.746216666666666,,0.601,0.406,7,-11.827,1,0.0275,0.622,9.19e-05,0.133,0.232,130.059,audio_features,73qMN9bXy7MSPwwGfH3wQr,spotify:track:73qMN9bXy7MSPwwGfH3wQr,https://api.spotify.com/v1/tracks/73qMN9bXy7MSPwwGfH3wQr,https://api.spotify.com/v1/audio-analysis/73qMN9bXy7MSPwwGfH3wQr,284773,3
Red (Taylor's Version),6kZ42qRrzov54LcAk4onW9,2021-11-12,30,The Lucky One (Taylor's Version),4e5ayHsOLJNLTGfjau2mEw,4.007766666666667,,0.686,0.571,4,-7.138,1,0.05,0.066,0.0,0.0608,0.538,117.889,audio_features,4e5ayHsOLJNLTGfjau2mEw,spotify:track:4e5ayHsOLJNLTGfjau2mEw,https://api.spotify.com/v1/tracks/4e5ayHsOLJNLTGfjau2mEw,https://api.spotify.com/v1/audio-analysis/4e5ayHsOLJNLTGfjau2mEw,240467,4
Red (Taylor's Version),6kZ42qRrzov54LcAk4onW9,2021-11-12,30,Everything Has Changed (feat. Ed Sheeran) (Taylor’s Version),7qEUFOVcxRI19tbT68JcYK,4.090433333333333,,0.498,0.61,6,-5.098,1,0.0363,0.271,0.0,0.223,0.474,79.918,audio_features,7qEUFOVcxRI19tbT68JcYK,spotify:track:7qEUFOVcxRI19tbT68JcYK,https://api.spotify.com/v1/tracks/7qEUFOVcxRI19tbT68JcYK,https://api.spotify.com/v1/audio-analysis/7qEUFOVcxRI19tbT68JcYK,245427,4
Red (Taylor's Version),6kZ42qRrzov54LcAk4onW9,2021-11-12,30,Starlight (Taylor's Version),7A2cNLRT0YJc1yjxHlKihs,3.67355,,0.628,0.685,4,-5.864,1,0.0358,0.00324,0.0,0.18,0.605,126.014,audio_features,7A2cNLRT0YJc1yjxHlKihs,spotify:track:7A2cNLRT0YJc1yjxHlKihs,https://api.spotify.com/v1/tracks/7A2cNLRT0YJc1yjxHlKihs,https://api.spotify.com/v1/audio-analysis/7A2cNLRT0YJc1yjxHlKihs,220413,4
Red (Taylor's Version),6kZ42qRrzov54LcAk4onW9,2021-11-12,30,Begin Again (Taylor's Version),05GsNucq8Bngd9fnd4fRa0,3.9811,,0.519,0.527,7,-7.673,1,0.0274,0.075,0.0,0.132,0.267,78.915,audio_features,05GsNucq8Bngd9fnd4fRa0,spotify:track:05GsNucq8Bngd9fnd4fRa0,https://api.spotify.com/v1/tracks/05GsNucq8Bngd9fnd4fRa0,https://api.spotify.com/v1/audio-analysis/05GsNucq8Bngd9fnd4fRa0,238867,4
Red (Taylor's Version),6kZ42qRrzov54LcAk4onW9,2021-11-12,30,The Moment I Knew (Taylor's Version),0NRHj8hDwwmSPaA41o379r,4.754666666666667,,0.636,0.402,7,-7.855,1,0.031,0.0494,0.0,0.107,0.208,125.952,audio_features,0NRHj8hDwwmSPaA41o379r,spotify:track:0NRHj8hDwwmSPaA41o379r,https://api.spotify.com/v1/tracks/0NRHj8hDwwmSPaA41o379r,https://api.spotify.com/v1/audio-analysis/0NRHj8hDwwmSPaA41o379r,285280,4
Red (Taylor's Version),6kZ42qRrzov54LcAk4onW9,2021-11-12,30,Come Back...Be Here (Taylor's Version),4pNApnaUWAL2J4KO2eqokq,3.7222166666666663,,0.46,0.632,4,-6.031,1,0.0302,0.0158,0.0,0.0822,0.399,79.846,audio_features,4pNApnaUWAL2J4KO2eqokq,spotify:track:4pNApnaUWAL2J4KO2eqokq,https://api.spotify.com/v1/tracks/4pNApnaUWAL2J4KO2eqokq,https://api.spotify.com/v1/audio-analysis/4pNApnaUWAL2J4KO2eqokq,223333,4
Red (Taylor's Version),6kZ42qRrzov54LcAk4onW9,2021-11-12,30,Girl At Home (Taylor's Version),0DMVrlMUn01M0IcpDbwgu7,3.675333333333333,,0.691,0.736,5,-6.974,1,0.0326,0.00955,1.88e-05,0.101,0.612,125.089,audio_features,0DMVrlMUn01M0IcpDbwgu7,spotify:track:0DMVrlMUn01M0IcpDbwgu7,https://api.spotify.com/v1/tracks/0DMVrlMUn01M0IcpDbwgu7,https://api.spotify.com/v1/audio-analysis/0DMVrlMUn01M0IcpDbwgu7,220520,4
Red (Taylor's Version),6kZ42qRrzov54LcAk4onW9,2021-11-12,30,State Of Grace (Acoustic Version) (Taylor's Version),5jAIouBES8LWMiriuNq170,5.360666666666667,,0.445,0.131,7,-13.778,1,0.0564,0.663,1.57e-06,0.108,0.101,208.918,audio_features,5jAIouBES8LWMiriuNq170,spotify:track:5jAIouBES8LWMiriuNq170,https://api.spotify.com/v1/tracks/5jAIouBES8LWMiriuNq170,https://api.spotify.com/v1/audio-analysis/5jAIouBES8LWMiriuNq170,321640,3
Red (Taylor's Version),6kZ42qRrzov54LcAk4onW9,2021-11-12,30,Ronan (Taylor's Version),7nWui6jiMM2m9qFmET1Mtj,4.404216666666667,,0.623,0.279,0,-10.802,1,0.031,0.661,0.0,0.193,0.38,116.04,audio_features,7nWui6jiMM2m9qFmET1Mtj,spotify:track:7nWui6jiMM2m9qFmET1Mtj,https://api.spotify.com/v1/tracks/7nWui6jiMM2m9qFmET1Mtj,https://api.spotify.com/v1/audio-analysis/7nWui6jiMM2m9qFmET1Mtj,264253,4
Red (Taylor's Version),6kZ42qRrzov54LcAk4onW9,2021-11-12,30,Better Man (Taylor's Version) (From The Vault),4OmFmE0fzcMG6g0Y8p4eSD,4.950216666666667,,0.473,0.579,4,-5.824,1,0.0384,0.214,0.0,0.0877,0.255,73.942,audio_features,4OmFmE0fzcMG6g0Y8p4eSD,spotify:track:4OmFmE0fzcMG6g0Y8p4eSD,https://api.spotify.com/v1/tracks/4OmFmE0fzcMG6g0Y8p4eSD,https://api.spotify.com/v1/audio-analysis/4OmFmE0fzcMG6g0Y8p4eSD,297013,4
Red (Taylor's Version),6kZ42qRrzov54LcAk4onW9,2021-11-12,30,Nothing New (feat. Phoebe Bridgers) (Taylor’s Version) (From The Vault),01K4zKU104LyJ8gMb7227B,4.313533333333333,,0.606,0.377,0,-9.455,1,0.0275,0.817,0.0,0.154,0.446,101.96,audio_features,01K4zKU104LyJ8gMb7227B,spotify:track:01K4zKU104LyJ8gMb7227B,https://api.spotify.com/v1/tracks/01K4zKU104LyJ8gMb7227B,https://api.spotify.com/v1/audio-analysis/01K4zKU104LyJ8gMb7227B,258813,4
Red (Taylor's Version),6kZ42qRrzov54LcAk4onW9,2021-11-12,30,Babe (Taylor's Version) (From The Vault),0v4z1tuZvn6LGknom9Qx7d,3.737333333333333,,0.584,0.743,4,-7.075,1,0.0931,0.0538,2.83e-06,0.121,0.746,167.844,audio_features,0v4z1tuZvn6LGknom9Qx7d,spotify:track:0v4z1tuZvn6LGknom9Qx7d,https://api.spotify.com/v1/tracks/0v4z1tuZvn6LGknom9Qx7d,https://api.spotify.com/v1/audio-analysis/0v4z1tuZvn6LGknom9Qx7d,224240,4
Red (Taylor's Version),6kZ42qRrzov54LcAk4onW9,2021-11-12,30,Message In A Bottle (Taylor's Version) (From The Vault),3z6XUommYDWPHeFhmhhT6j,3.766,,0.622,0.791,7,-6.106,1,0.0535,0.00188,3.72e-06,0.083,0.494,115.915,audio_features,3z6XUommYDWPHeFhmhhT6j,spotify:track:3z6XUommYDWPHeFhmhhT6j,https://api.spotify.com/v1/tracks/3z6XUommYDWPHeFhmhhT6j,https://api.spotify.com/v1/audio-analysis/3z6XUommYDWPHeFhmhhT6j,225960,4
Red (Taylor's Version),6kZ42qRrzov54LcAk4onW9,2021-11-12,30,I Bet You Think About Me (feat. Chris Stapleton) (Taylor’s Version) (From The Vault),4CkgMiMqZ5JzW9iYXSTMTL,4.751766666666667,,0.391,0.715,0,-4.516,1,0.0495,0.167,0.0,0.183,0.473,149.654,audio_features,4CkgMiMqZ5JzW9iYXSTMTL,spotify:track:4CkgMiMqZ5JzW9iYXSTMTL,https://api.spotify.com/v1/tracks/4CkgMiMqZ5JzW9iYXSTMTL,https://api.spotify.com/v1/audio-analysis/4CkgMiMqZ5JzW9iYXSTMTL,285107,3
Red (Taylor's Version),6kZ42qRrzov54LcAk4onW9,2021-11-12,30,Forever Winter (Taylor's Version) (From The Vault),3oGVx9RBmiYGv5ZCecWLkx,4.392216666666667,,0.611,0.552,7,-5.828,1,0.031,0.256,0.0,0.134,0.41,116.012,audio_features,3oGVx9RBmiYGv5ZCecWLkx,spotify:track:3oGVx9RBmiYGv5ZCecWLkx,https://api.spotify.com/v1/tracks/3oGVx9RBmiYGv5ZCecWLkx,https://api.spotify.com/v1/audio-analysis/3oGVx9RBmiYGv5ZCecWLkx,263533,4
Red (Taylor's Version),6kZ42qRrzov54LcAk4onW9,2021-11-12,30,Run (feat. Ed Sheeran) (Taylor’s Version) (From The Vault),4IQkfUsrwXol38VV3U7t7T,4.0037666666666665,,0.61,0.488,3,-6.918,1,0.0293,0.817,0.0,0.312,0.443,125.039,audio_features,4IQkfUsrwXol38VV3U7t7T,spotify:track:4IQkfUsrwXol38VV3U7t7T,https://api.spotify.com/v1/tracks/4IQkfUsrwXol38VV3U7t7T,https://api.spotify.com/v1/audio-analysis/4IQkfUsrwXol38VV3U7t7T,240227,4
Red (Taylor's Version),6kZ42qRrzov54LcAk4onW9,2021-11-12,30,The Very First Night (Taylor's Version) (From The Vault),6pYNq0ZwpPVazKzsqpf0G8,3.338,,0.678,0.733,7,-5.025,1,0.0281,0.00115,0.0,0.104,0.581,121.009,audio_features,6pYNq0ZwpPVazKzsqpf0G8,spotify:track:6pYNq0ZwpPVazKzsqpf0G8,https://api.spotify.com/v1/tracks/6pYNq0ZwpPVazKzsqpf0G8,https://api.spotify.com/v1/audio-analysis/6pYNq0ZwpPVazKzsqpf0G8,200280,4
Red (Taylor's Version),6kZ42qRrzov54LcAk4onW9,2021-11-12,30,All Too Well (10 Minute Version) (Taylor's Version) (From The Vault),5enxwA8aAbwZbf5qCHORXi,10.2171,,0.631,0.518,0,-8.771,1,0.0303,0.274,0.0,0.088,0.205,93.023,audio_features,5enxwA8aAbwZbf5qCHORXi,spotify:track:5enxwA8aAbwZbf5qCHORXi,https://api.spotify.com/v1/tracks/5enxwA8aAbwZbf5qCHORXi,https://api.spotify.com/v1/audio-analysis/5enxwA8aAbwZbf5qCHORXi,613027,4
Fearless (Taylor's Version),4hDok0OAJd57SGIT8xuWJH,2021-04-09,26,Fearless (Taylor’s Version),77sMIMlNaSURUAXq5coCxE,4.026516666666667,,0.569,0.741,5,-4.963,1,0.0282,0.0122,0.0,0.333,0.43,100.118,audio_features,77sMIMlNaSURUAXq5coCxE,spotify:track:77sMIMlNaSURUAXq5coCxE,https://api.spotify.com/v1/tracks/77sMIMlNaSURUAXq5coCxE,https://api.spotify.com/v1/audio-analysis/77sMIMlNaSURUAXq5coCxE,241592,4
Fearless (Taylor's Version),4hDok0OAJd57SGIT8xuWJH,2021-04-09,26,Fifteen (Taylor’s Version),2nqio0SfWg6gh2eCtfuMa5,4.906983333333334,,0.559,0.646,7,-4.61,1,0.0272,0.116,0.0,0.32,0.289,95.466,audio_features,2nqio0SfWg6gh2eCtfuMa5,spotify:track:2nqio0SfWg6gh2eCtfuMa5,https://api.spotify.com/v1/tracks/2nqio0SfWg6gh2eCtfuMa5,https://api.spotify.com/v1/audio-analysis/2nqio0SfWg6gh2eCtfuMa5,294419,4
Fearless (Taylor's Version),4hDok0OAJd57SGIT8xuWJH,2021-04-09,26,Love Story (Taylor’s Version),6YvqWjhGD8mB5QXcbcUKtx,3.929433333333333,,0.627,0.792,2,-4.311,1,0.031,0.13,3.97e-06,0.0845,0.415,119.054,audio_features,6YvqWjhGD8mB5QXcbcUKtx,spotify:track:6YvqWjhGD8mB5QXcbcUKtx,https://api.spotify.com/v1/tracks/6YvqWjhGD8mB5QXcbcUKtx,https://api.spotify.com/v1/audio-analysis/6YvqWjhGD8mB5QXcbcUKtx,235767,4
Fearless (Taylor's Version),4hDok0OAJd57SGIT8xuWJH,2021-04-09,26,Hey Stephen (Taylor’s Version),550erGcdD9n6PnwxrvYqZT,4.237566666666667,,0.788,0.571,6,-6.135,1,0.0296,0.106,0.0,0.0934,0.797,115.99,audio_features,550erGcdD9n6PnwxrvYqZT,spotify:track:550erGcdD9n6PnwxrvYqZT,https://api.spotify.com/v1/tracks/550erGcdD9n6PnwxrvYqZT,https://api.spotify.com/v1/audio-analysis/550erGcdD9n6PnwxrvYqZT,254255,4
Fearless (Taylor's Version),4hDok0OAJd57SGIT8xuWJH,2021-04-09,26,White Horse (Taylor’s Version),5YL553x8sHderRBDlm3NM3,3.9085833333333335,,0.423,0.517,0,-7.377,1,0.0486,0.369,0.0,0.177,0.366,185.262,audio_features,5YL553x8sHderRBDlm3NM3,spotify:track:5YL553x8sHderRBDlm3NM3,https://api.spotify.com/v1/tracks/5YL553x8sHderRBDlm3NM3,https://api.spotify.com/v1/audio-analysis/5YL553x8sHderRBDlm3NM3,234516,4
Fearless (Taylor's Version),4hDok0OAJd57SGIT8xuWJH,2021-04-09,26,You Belong With Me (Taylor’s Version),1qrpoAMXodY6895hGKoUpA,3.8520666666666665,,0.632,0.773,6,-4.856,1,0.0346,0.0623,0.0,0.0885,0.474,130.033,audio_features,1qrpoAMXodY6895hGKoUpA,spotify:track:1qrpoAMXodY6895hGKoUpA,https://api.spotify.com/v1/tracks/1qrpoAMXodY6895hGKoUpA,https://api.spotify.com/v1/audio-analysis/1qrpoAMXodY6895hGKoUpA,231124,4
Fearless (Taylor's Version),4hDok0OAJd57SGIT8xuWJH,2021-04-09,26,Breathe (feat. Colbie Caillat) (Taylor’s Version),7HC7R2D8WjXVcUHJyEGjRs,4.389616666666667,,0.506,0.626,1,-6.066,1,0.0287,0.156,0.0,0.228,0.321,148.035,audio_features,7HC7R2D8WjXVcUHJyEGjRs,spotify:track:7HC7R2D8WjXVcUHJyEGjRs,https://api.spotify.com/v1/tracks/7HC7R2D8WjXVcUHJyEGjRs,https://api.spotify.com/v1/audio-analysis/7HC7R2D8WjXVcUHJyEGjRs,263377,4
Fearless (Taylor's Version),4hDok0OAJd57SGIT8xuWJH,2021-04-09,26,Tell Me Why (Taylor’s Version),0k0vFacOHNuArLWMiH60p7,3.3429166666666665,,0.578,0.909,7,-3.669,1,0.0628,0.0222,0.0,0.333,0.541,100.023,audio_features,0k0vFacOHNuArLWMiH60p7,spotify:track:0k0vFacOHNuArLWMiH60p7,https://api.spotify.com/v1/tracks/0k0vFacOHNuArLWMiH60p7,https://api.spotify.com/v1/audio-analysis/0k0vFacOHNuArLWMiH60p7,200576,4
Fearless (Taylor's Version),4hDok0OAJd57SGIT8xuWJH,2021-04-09,26,You’re Not Sorry (Taylor’s Version),6iiAfo4wTA2CVC3Uwx9uh8,4.364033333333333,,0.506,0.444,6,-4.99,1,0.0285,0.0538,0.0,0.123,0.241,133.873,audio_features,6iiAfo4wTA2CVC3Uwx9uh8,spotify:track:6iiAfo4wTA2CVC3Uwx9uh8,https://api.spotify.com/v1/tracks/6iiAfo4wTA2CVC3Uwx9uh8,https://api.spotify.com/v1/audio-analysis/6iiAfo4wTA2CVC3Uwx9uh8,261843,4
Fearless (Taylor's Version),4hDok0OAJd57SGIT8xuWJH,2021-04-09,26,The Way I Loved You (Taylor’s Version),22bPsP2jCgbLUvh82U0Z3M,4.052266666666666,,0.402,0.732,5,-4.665,1,0.0484,0.0033,0.0,0.108,0.472,161.032,audio_features,22bPsP2jCgbLUvh82U0Z3M,spotify:track:22bPsP2jCgbLUvh82U0Z3M,https://api.spotify.com/v1/tracks/22bPsP2jCgbLUvh82U0Z3M,https://api.spotify.com/v1/audio-analysis/22bPsP2jCgbLUvh82U0Z3M,243137,4
Fearless (Taylor's Version),4hDok0OAJd57SGIT8xuWJH,2021-04-09,26,Forever & Always (Taylor’s Version),1msEuwSBneBKpVCZQcFTsU,3.7554666666666665,,0.598,0.821,10,-4.433,1,0.0447,0.0231,0.0,0.143,0.673,128.03,audio_features,1msEuwSBneBKpVCZQcFTsU,spotify:track:1msEuwSBneBKpVCZQcFTsU,https://api.spotify.com/v1/tracks/1msEuwSBneBKpVCZQcFTsU,https://api.spotify.com/v1/audio-analysis/1msEuwSBneBKpVCZQcFTsU,225328,4
Fearless (Taylor's Version),4hDok0OAJd57SGIT8xuWJH,2021-04-09,26,The Best Day (Taylor’s Version),6ON9UuIq49xXY9GPmHIYRp,4.088166666666667,,0.642,0.576,1,-8.524,1,0.0282,0.488,0.0,0.159,0.469,125.0,audio_features,6ON9UuIq49xXY9GPmHIYRp,spotify:track:6ON9UuIq49xXY9GPmHIYRp,https://api.spotify.com/v1/tracks/6ON9UuIq49xXY9GPmHIYRp,https://api.spotify.com/v1/audio-analysis/6ON9UuIq49xXY9GPmHIYRp,245290,4
Fearless (Taylor's Version),4hDok0OAJd57SGIT8xuWJH,2021-04-09,26,Change (Taylor’s Version),3ExweHKZF9B752DPQByRVT,4.655983333333333,,0.499,0.815,5,-4.063,1,0.0341,0.000191,0.0,0.181,0.344,95.999,audio_features,3ExweHKZF9B752DPQByRVT,spotify:track:3ExweHKZF9B752DPQByRVT,https://api.spotify.com/v1/tracks/3ExweHKZF9B752DPQByRVT,https://api.spotify.com/v1/audio-analysis/3ExweHKZF9B752DPQByRVT,279360,4
Fearless (Taylor's Version),4hDok0OAJd57SGIT8xuWJH,2021-04-09,26,Jump Then Fall (Taylor’s Version),2m3ObD945KvpE5y9A1eUWm,3.9596666666666662,,0.572,0.69,2,-6.201,1,0.0358,0.0474,0.0,0.0897,0.624,160.111,audio_features,2m3ObD945KvpE5y9A1eUWm,spotify:track:2m3ObD945KvpE5y9A1eUWm,https://api.spotify.com/v1/tracks/2m3ObD945KvpE5y9A1eUWm,https://api.spotify.com/v1/audio-analysis/2m3ObD945KvpE5y9A1eUWm,237580,4
Fearless (Taylor's Version),4hDok0OAJd57SGIT8xuWJH,2021-04-09,26,Untouchable (Taylor’s Version),0tQ9vBYpldCuikPsbgOVKA,5.201783333333333,,0.393,0.531,5,-6.112,1,0.0329,0.0181,0.0,0.169,0.224,200.391,audio_features,0tQ9vBYpldCuikPsbgOVKA,spotify:track:0tQ9vBYpldCuikPsbgOVKA,https://api.spotify.com/v1/tracks/0tQ9vBYpldCuikPsbgOVKA,https://api.spotify.com/v1/audio-analysis/0tQ9vBYpldCuikPsbgOVKA,312107,4
Fearless (Taylor's Version),4hDok0OAJd57SGIT8xuWJH,2021-04-09,26,Forever & Always (Piano Version) (Taylor’s Version),01QdEx6kFr78ZejhQtWR5m,4.463883333333333,,0.546,0.273,9,-9.208,1,0.0308,0.819,0.0,0.137,0.271,118.753,audio_features,01QdEx6kFr78ZejhQtWR5m,spotify:track:01QdEx6kFr78ZejhQtWR5m,https://api.spotify.com/v1/tracks/01QdEx6kFr78ZejhQtWR5m,https://api.spotify.com/v1/audio-analysis/01QdEx6kFr78ZejhQtWR5m,267833,4
Fearless (Taylor's Version),4hDok0OAJd57SGIT8xuWJH,2021-04-09,26,Come In With The Rain (Taylor’s Version),1n2wszmJyVkw6FHqyLnQsY,3.955633333333333,,0.476,0.564,2,-5.677,1,0.0269,0.0406,0.0,0.102,0.167,143.929,audio_features,1n2wszmJyVkw6FHqyLnQsY,spotify:track:1n2wszmJyVkw6FHqyLnQsY,https://api.spotify.com/v1/tracks/1n2wszmJyVkw6FHqyLnQsY,https://api.spotify.com/v1/audio-analysis/1n2wszmJyVkw6FHqyLnQsY,237339,4
Fearless (Taylor's Version),4hDok0OAJd57SGIT8xuWJH,2021-04-09,26,Superstar (Taylor’s Version),51A8eKvvZz9uydvIZ7xRSV,4.39775,,0.454,0.555,2,-6.69,1,0.0283,0.157,0.0,0.343,0.171,171.862,audio_features,51A8eKvvZz9uydvIZ7xRSV,spotify:track:51A8eKvvZz9uydvIZ7xRSV,https://api.spotify.com/v1/tracks/51A8eKvvZz9uydvIZ7xRSV,https://api.spotify.com/v1/audio-analysis/51A8eKvvZz9uydvIZ7xRSV,263865,4
Fearless (Taylor's Version),4hDok0OAJd57SGIT8xuWJH,2021-04-09,26,The Other Side Of The Door (Taylor’s Version),1cSFlSBdpT4F5vb1frQ231,3.97405,,0.432,0.873,4,-4.367,1,0.0577,0.0279,0.0,0.167,0.629,163.936,audio_features,1cSFlSBdpT4F5vb1frQ231,spotify:track:1cSFlSBdpT4F5vb1frQ231,https://api.spotify.com/v1/tracks/1cSFlSBdpT4F5vb1frQ231,https://api.spotify.com/v1/audio-analysis/1cSFlSBdpT4F5vb1frQ231,238444,4
Fearless (Taylor's Version),4hDok0OAJd57SGIT8xuWJH,2021-04-09,26,Today Was A Fairytale (Taylor’s Version),2JoJrsEV15OzbijS47lids,4.030366666666667,,0.482,0.779,7,-5.025,1,0.0409,0.0135,0.0,0.296,0.328,158.162,audio_features,2JoJrsEV15OzbijS47lids,spotify:track:2JoJrsEV15OzbijS47lids,https://api.spotify.com/v1/tracks/2JoJrsEV15OzbijS47lids,https://api.spotify.com/v1/audio-analysis/2JoJrsEV15OzbijS47lids,241822,4
Fearless (Taylor's Version),4hDok0OAJd57SGIT8xuWJH,2021-04-09,26,You All Over Me (feat. Maren Morris) (Taylor’s Version) (From The Vault),4CHpVfAhuxNJ3ibExe6kxO,3.68065,,0.599,0.494,2,-7.61,1,0.0372,0.816,0.0,0.101,0.44,142.893,audio_features,4CHpVfAhuxNJ3ibExe6kxO,spotify:track:4CHpVfAhuxNJ3ibExe6kxO,https://api.spotify.com/v1/tracks/4CHpVfAhuxNJ3ibExe6kxO,https://api.spotify.com/v1/audio-analysis/4CHpVfAhuxNJ3ibExe6kxO,220839,4
Fearless (Taylor's Version),4hDok0OAJd57SGIT8xuWJH,2021-04-09,26,Mr. Perfectly Fine (Taylor’s Version) (From The Vault),2CYVETnhM9aytqrazYYwrK,4.626516666666666,,0.66,0.817,11,-6.269,0,0.0521,0.162,0.0,0.0667,0.714,135.942,audio_features,2CYVETnhM9aytqrazYYwrK,spotify:track:2CYVETnhM9aytqrazYYwrK,https://api.spotify.com/v1/tracks/2CYVETnhM9aytqrazYYwrK,https://api.spotify.com/v1/audio-analysis/2CYVETnhM9aytqrazYYwrK,277592,4
Fearless (Taylor's Version),4hDok0OAJd57SGIT8xuWJH,2021-04-09,26,We Were Happy (Taylor’s Version) (From The Vault),34V9RiEPe8MNdU32qJsJa1,4.0706,,0.609,0.373,0,-8.819,1,0.0263,0.849,0.0,0.0779,0.13,106.007,audio_features,34V9RiEPe8MNdU32qJsJa1,spotify:track:34V9RiEPe8MNdU32qJsJa1,https://api.spotify.com/v1/tracks/34V9RiEPe8MNdU32qJsJa1,https://api.spotify.com/v1/audio-analysis/34V9RiEPe8MNdU32qJsJa1,244237,4
Fearless (Taylor's Version),4hDok0OAJd57SGIT8xuWJH,2021-04-09,26,That’s When (feat. Keith Urban) (Taylor’s Version) (From The Vault),7eResoqEJJAVTkQYSqvO3P,3.15825,,0.588,0.608,5,-7.062,1,0.0365,0.225,0.0,0.092,0.508,90.201,audio_features,7eResoqEJJAVTkQYSqvO3P,spotify:track:7eResoqEJJAVTkQYSqvO3P,https://api.spotify.com/v1/tracks/7eResoqEJJAVTkQYSqvO3P,https://api.spotify.com/v1/audio-analysis/7eResoqEJJAVTkQYSqvO3P,189496,4
Fearless (Taylor's Version),4hDok0OAJd57SGIT8xuWJH,2021-04-09,26,Don’t You (Taylor’s Version) (From The Vault),4uuEGH5SVuzkkSFjo2DEiY,3.4768,,0.563,0.473,3,-11.548,1,0.0503,0.514,1.2e-05,0.109,0.405,101.934,audio_features,4uuEGH5SVuzkkSFjo2DEiY,spotify:track:4uuEGH5SVuzkkSFjo2DEiY,https://api.spotify.com/v1/tracks/4uuEGH5SVuzkkSFjo2DEiY,https://api.spotify.com/v1/audio-analysis/4uuEGH5SVuzkkSFjo2DEiY,208609,4
Fearless (Taylor's Version),4hDok0OAJd57SGIT8xuWJH,2021-04-09,26,Bye Bye Baby (Taylor’s Version) (From The Vault),4qUijfYU8EoIWiY6oSyrgT,4.03595,,0.624,0.624,5,-7.86,1,0.0539,0.334,0.0,0.0995,0.527,80.132,audio_features,4qUijfYU8EoIWiY6oSyrgT,spotify:track:4qUijfYU8EoIWiY6oSyrgT,https://api.spotify.com/v1/tracks/4qUijfYU8EoIWiY6oSyrgT,https://api.spotify.com/v1/audio-analysis/4qUijfYU8EoIWiY6oSyrgT,242158,4
evermore (deluxe version),6AORtDjduMM3bupSWzbTSG,2021-01-07,17,willow,2gVhfX2Gy1T9kDuS9azrF7,3.5784333333333334,,0.392,0.574,7,-9.195,1,0.17,0.833,0.00179,0.145,0.529,81.112,audio_features,2gVhfX2Gy1T9kDuS9azrF7,spotify:track:2gVhfX2Gy1T9kDuS9azrF7,https://api.spotify.com/v1/tracks/2gVhfX2Gy1T9kDuS9azrF7,https://api.spotify.com/v1/audio-analysis/2gVhfX2Gy1T9kDuS9azrF7,214707,4
evermore (deluxe version),6AORtDjduMM3bupSWzbTSG,2021-01-07,17,champagne problems,1gcyHQpBQ1lfXGdhZmWrHP,4.066666666666666,,0.462,0.24,0,-12.077,1,0.0377,0.92,0.0,0.113,0.32,171.319,audio_features,1gcyHQpBQ1lfXGdhZmWrHP,spotify:track:1gcyHQpBQ1lfXGdhZmWrHP,https://api.spotify.com/v1/tracks/1gcyHQpBQ1lfXGdhZmWrHP,https://api.spotify.com/v1/audio-analysis/1gcyHQpBQ1lfXGdhZmWrHP,244000,4
evermore (deluxe version),6AORtDjduMM3bupSWzbTSG,2021-01-07,17,gold rush,3Dby3p1m6IOZn2gIIqECgK,3.0886666666666667,,0.512,0.462,9,-10.491,1,0.0408,0.83,0.166,0.121,0.353,112.05,audio_features,3Dby3p1m6IOZn2gIIqECgK,spotify:track:3Dby3p1m6IOZn2gIIqECgK,https://api.spotify.com/v1/tracks/3Dby3p1m6IOZn2gIIqECgK,https://api.spotify.com/v1/audio-analysis/3Dby3p1m6IOZn2gIIqECgK,185320,4
evermore (deluxe version),6AORtDjduMM3bupSWzbTSG,2021-01-07,17,‘tis the damn season,6sQckd3Z8NPxVVKUnavY1F,3.830666666666666,,0.575,0.434,5,-8.193,1,0.0312,0.735,6.59e-05,0.105,0.348,145.916,audio_features,6sQckd3Z8NPxVVKUnavY1F,spotify:track:6sQckd3Z8NPxVVKUnavY1F,https://api.spotify.com/v1/tracks/6sQckd3Z8NPxVVKUnavY1F,https://api.spotify.com/v1/audio-analysis/6sQckd3Z8NPxVVKUnavY1F,229840,4
evermore (deluxe version),6AORtDjduMM3bupSWzbTSG,2021-01-07,17,tolerate it,6lCvK2AR2uOKkVFCVlAzzm,4.0906666666666665,,0.316,0.361,9,-10.381,1,0.0488,0.878,2.67e-05,0.0797,0.221,74.952,audio_features,6lCvK2AR2uOKkVFCVlAzzm,spotify:track:6lCvK2AR2uOKkVFCVlAzzm,https://api.spotify.com/v1/tracks/6lCvK2AR2uOKkVFCVlAzzm,https://api.spotify.com/v1/audio-analysis/6lCvK2AR2uOKkVFCVlAzzm,245440,5
evermore (deluxe version),6AORtDjduMM3bupSWzbTSG,2021-01-07,17,"no body, no crime (feat. HAIM)",6uwfVkaOM1mcMkFmSn35ix,3.5937666666666668,,0.546,0.613,7,-7.589,0,0.0264,0.418,0.0,0.103,0.535,79.015,audio_features,6uwfVkaOM1mcMkFmSn35ix,spotify:track:6uwfVkaOM1mcMkFmSn35ix,https://api.spotify.com/v1/tracks/6uwfVkaOM1mcMkFmSn35ix,https://api.spotify.com/v1/audio-analysis/6uwfVkaOM1mcMkFmSn35ix,215627,4
evermore (deluxe version),6AORtDjduMM3bupSWzbTSG,2021-01-07,17,happiness,55Vf4bimc1Rtfg0PAQRAo2,5.252433333333333,,0.559,0.334,11,-10.733,1,0.0376,0.87,0.0,0.114,0.211,122.079,audio_features,55Vf4bimc1Rtfg0PAQRAo2,spotify:track:55Vf4bimc1Rtfg0PAQRAo2,https://api.spotify.com/v1/tracks/55Vf4bimc1Rtfg0PAQRAo2,https://api.spotify.com/v1/audio-analysis/55Vf4bimc1Rtfg0PAQRAo2,315147,4
evermore (deluxe version),6AORtDjduMM3bupSWzbTSG,2021-01-07,17,dorothea,66tOfHVH3aUrscg8vExRV4,3.764666666666667,,0.605,0.488,4,-8.322,1,0.0264,0.696,0.0,0.129,0.354,119.966,audio_features,66tOfHVH3aUrscg8vExRV4,spotify:track:66tOfHVH3aUrscg8vExRV4,https://api.spotify.com/v1/tracks/66tOfHVH3aUrscg8vExRV4,https://api.spotify.com/v1/audio-analysis/66tOfHVH3aUrscg8vExRV4,225880,4
evermore (deluxe version),6AORtDjduMM3bupSWzbTSG,2021-01-07,17,coney island (feat. The National),2awNGIJHodfLZSClB3PYhz,4.588666666666667,,0.537,0.537,8,-11.266,1,0.0617,0.819,0.000904,0.142,0.292,107.895,audio_features,2awNGIJHodfLZSClB3PYhz,spotify:track:2awNGIJHodfLZSClB3PYhz,https://api.spotify.com/v1/tracks/2awNGIJHodfLZSClB3PYhz,https://api.spotify.com/v1/audio-analysis/2awNGIJHodfLZSClB3PYhz,275320,4
evermore (deluxe version),6AORtDjduMM3bupSWzbTSG,2021-01-07,17,ivy,43Ykum9T72UOPhBN31grpN,4.3406666666666665,,0.515,0.545,2,-9.277,1,0.0353,0.855,1.97e-05,0.0921,0.535,88.856,audio_features,43Ykum9T72UOPhBN31grpN,spotify:track:43Ykum9T72UOPhBN31grpN,https://api.spotify.com/v1/tracks/43Ykum9T72UOPhBN31grpN,https://api.spotify.com/v1/audio-analysis/43Ykum9T72UOPhBN31grpN,260440,4
evermore (deluxe version),6AORtDjduMM3bupSWzbTSG,2021-01-07,17,cowboy like me,52OkpDsU6MmPx1AwGOb6Ap,4.584,,0.604,0.517,0,-9.014,1,0.0347,0.768,0.000155,0.123,0.511,127.967,audio_features,52OkpDsU6MmPx1AwGOb6Ap,spotify:track:52OkpDsU6MmPx1AwGOb6Ap,https://api.spotify.com/v1/tracks/52OkpDsU6MmPx1AwGOb6Ap,https://api.spotify.com/v1/audio-analysis/52OkpDsU6MmPx1AwGOb6Ap,275040,4
evermore (deluxe version),6AORtDjduMM3bupSWzbTSG,2021-01-07,17,long story short,5VYWxXUpxuxEmCqMLDqICo,3.5986666666666665,,0.546,0.73,0,-7.704,1,0.0417,0.66,0.179,0.0972,0.573,157.895,audio_features,5VYWxXUpxuxEmCqMLDqICo,spotify:track:5VYWxXUpxuxEmCqMLDqICo,https://api.spotify.com/v1/tracks/5VYWxXUpxuxEmCqMLDqICo,https://api.spotify.com/v1/audio-analysis/5VYWxXUpxuxEmCqMLDqICo,215920,4
evermore (deluxe version),6AORtDjduMM3bupSWzbTSG,2021-01-07,17,marjorie,5uICWmZTLkpEVbK22PBP6e,4.296216666666667,,0.535,0.561,5,-11.609,1,0.0484,0.876,0.000136,0.115,0.287,96.103,audio_features,5uICWmZTLkpEVbK22PBP6e,spotify:track:5uICWmZTLkpEVbK22PBP6e,https://api.spotify.com/v1/tracks/5uICWmZTLkpEVbK22PBP6e,https://api.spotify.com/v1/audio-analysis/5uICWmZTLkpEVbK22PBP6e,257773,4
evermore (deluxe version),6AORtDjduMM3bupSWzbTSG,2021-01-07,17,closure,6a8aUhYbaQBUI8PcJ5ZmQ6,3.010883333333333,,0.689,0.704,9,-10.813,1,0.245,0.835,4.83e-06,0.134,0.92,151.884,audio_features,6a8aUhYbaQBUI8PcJ5ZmQ6,spotify:track:6a8aUhYbaQBUI8PcJ5ZmQ6,https://api.spotify.com/v1/tracks/6a8aUhYbaQBUI8PcJ5ZmQ6,https://api.spotify.com/v1/audio-analysis/6a8aUhYbaQBUI8PcJ5ZmQ6,180653,5
evermore (deluxe version),6AORtDjduMM3bupSWzbTSG,2021-01-07,17,evermore (feat. Bon Iver),6Wlq9rqkxrqj5Kls4Kw14H,5.068433333333333,,0.39,0.27,1,-10.673,1,0.0308,0.937,0.00227,0.111,0.32,125.177,audio_features,6Wlq9rqkxrqj5Kls4Kw14H,spotify:track:6Wlq9rqkxrqj5Kls4Kw14H,https://api.spotify.com/v1/tracks/6Wlq9rqkxrqj5Kls4Kw14H,https://api.spotify.com/v1/audio-analysis/6Wlq9rqkxrqj5Kls4Kw14H,304107,5
evermore (deluxe version),6AORtDjduMM3bupSWzbTSG,2021-01-07,17,right where you left me - bonus track,3zwMVvkBe2qIKDObWgXw4N,4.0837666666666665,,0.581,0.619,10,-6.524,1,0.0282,0.769,0.000106,0.117,0.645,137.915,audio_features,3zwMVvkBe2qIKDObWgXw4N,spotify:track:3zwMVvkBe2qIKDObWgXw4N,https://api.spotify.com/v1/tracks/3zwMVvkBe2qIKDObWgXw4N,https://api.spotify.com/v1/audio-analysis/3zwMVvkBe2qIKDObWgXw4N,245027,4
evermore (deluxe version),6AORtDjduMM3bupSWzbTSG,2021-01-07,17,it’s time to go - bonus track,1kdWw77ZpYOkhxeuhzU1j6,4.244,,0.592,0.41,0,-12.426,1,0.0397,0.801,1.39e-05,0.09,0.416,151.923,audio_features,1kdWw77ZpYOkhxeuhzU1j6,spotify:track:1kdWw77ZpYOkhxeuhzU1j6,https://api.spotify.com/v1/tracks/1kdWw77ZpYOkhxeuhzU1j6,https://api.spotify.com/v1/audio-analysis/1kdWw77ZpYOkhxeuhzU1j6,254640,4
evermore,2Xoteh7uEpea4TohMxjtaq,2020-12-11,15,willow,0lx2cLdOt3piJbcaXIV74f,3.5784333333333334,,0.392,0.574,7,-9.195,1,0.17,0.833,0.00179,0.145,0.529,81.112,audio_features,0lx2cLdOt3piJbcaXIV74f,spotify:track:0lx2cLdOt3piJbcaXIV74f,https://api.spotify.com/v1/tracks/0lx2cLdOt3piJbcaXIV74f,https://api.spotify.com/v1/audio-analysis/0lx2cLdOt3piJbcaXIV74f,214707,4
evermore,2Xoteh7uEpea4TohMxjtaq,2020-12-11,15,champagne problems,0sY6ZUTh4yoctD8VIXz339,4.066666666666666,,0.462,0.24,0,-12.077,1,0.0377,0.92,0.0,0.113,0.32,171.319,audio_features,0sY6ZUTh4yoctD8VIXz339,spotify:track:0sY6ZUTh4yoctD8VIXz339,https://api.spotify.com/v1/tracks/0sY6ZUTh4yoctD8VIXz339,https://api.spotify.com/v1/audio-analysis/0sY6ZUTh4yoctD8VIXz339,244000,4
evermore,2Xoteh7uEpea4TohMxjtaq,2020-12-11,15,gold rush,5BK0uqwY9DNfZ630STAEaq,3.0886666666666667,,0.512,0.462,9,-10.491,1,0.0408,0.83,0.166,0.121,0.353,112.05,audio_features,5BK0uqwY9DNfZ630STAEaq,spotify:track:5BK0uqwY9DNfZ630STAEaq,https://api.spotify.com/v1/tracks/5BK0uqwY9DNfZ630STAEaq,https://api.spotify.com/v1/audio-analysis/5BK0uqwY9DNfZ630STAEaq,185320,4
evermore,2Xoteh7uEpea4TohMxjtaq,2020-12-11,15,‘tis the damn season,7dW84mWkdWE5a6lFWxJCBG,3.830666666666666,,0.575,0.434,5,-8.193,1,0.0312,0.735,6.59e-05,0.105,0.348,145.916,audio_features,7dW84mWkdWE5a6lFWxJCBG,spotify:track:7dW84mWkdWE5a6lFWxJCBG,https://api.spotify.com/v1/tracks/7dW84mWkdWE5a6lFWxJCBG,https://api.spotify.com/v1/audio-analysis/7dW84mWkdWE5a6lFWxJCBG,229840,4
evermore,2Xoteh7uEpea4TohMxjtaq,2020-12-11,15,tolerate it,0PurA4JVJ8YQgSVopY8fn6,4.0906666666666665,,0.316,0.361,9,-10.381,1,0.0488,0.878,2.67e-05,0.0797,0.221,74.952,audio_features,0PurA4JVJ8YQgSVopY8fn6,spotify:track:0PurA4JVJ8YQgSVopY8fn6,https://api.spotify.com/v1/tracks/0PurA4JVJ8YQgSVopY8fn6,https://api.spotify.com/v1/audio-analysis/0PurA4JVJ8YQgSVopY8fn6,245440,5
evermore,2Xoteh7uEpea4TohMxjtaq,2020-12-11,15,"no body, no crime (feat. HAIM)",3RaT22zZsxVYxxKR7TAaYF,3.5937666666666668,,0.546,0.613,7,-7.589,0,0.0264,0.418,0.0,0.103,0.535,79.015,audio_features,3RaT22zZsxVYxxKR7TAaYF,spotify:track:3RaT22zZsxVYxxKR7TAaYF,https://api.spotify.com/v1/tracks/3RaT22zZsxVYxxKR7TAaYF,https://api.spotify.com/v1/audio-analysis/3RaT22zZsxVYxxKR7TAaYF,215627,4
evermore,2Xoteh7uEpea4TohMxjtaq,2020-12-11,15,happiness,73YUReisjb3A9ActdLLjJQ,5.252433333333333,,0.559,0.334,11,-10.733,1,0.0376,0.87,0.0,0.114,0.211,122.079,audio_features,73YUReisjb3A9ActdLLjJQ,spotify:track:73YUReisjb3A9ActdLLjJQ,https://api.spotify.com/v1/tracks/73YUReisjb3A9ActdLLjJQ,https://api.spotify.com/v1/audio-analysis/73YUReisjb3A9ActdLLjJQ,315147,4
evermore,2Xoteh7uEpea4TohMxjtaq,2020-12-11,15,dorothea,670fUmXf4KQekzbEgaXyPA,3.764666666666667,,0.605,0.488,4,-8.322,1,0.0264,0.696,0.0,0.129,0.354,119.966,audio_features,670fUmXf4KQekzbEgaXyPA,spotify:track:670fUmXf4KQekzbEgaXyPA,https://api.spotify.com/v1/tracks/670fUmXf4KQekzbEgaXyPA,https://api.spotify.com/v1/audio-analysis/670fUmXf4KQekzbEgaXyPA,225880,4
evermore,2Xoteh7uEpea4TohMxjtaq,2020-12-11,15,coney island (feat. The National),3k7ne7VmH43ZPWxPdvPUgR,4.588666666666667,,0.537,0.537,8,-11.266,1,0.0617,0.819,0.000904,0.142,0.292,107.895,audio_features,3k7ne7VmH43ZPWxPdvPUgR,spotify:track:3k7ne7VmH43ZPWxPdvPUgR,https://api.spotify.com/v1/tracks/3k7ne7VmH43ZPWxPdvPUgR,https://api.spotify.com/v1/audio-analysis/3k7ne7VmH43ZPWxPdvPUgR,275320,4
evermore,2Xoteh7uEpea4TohMxjtaq,2020-12-11,15,ivy,19CSr8rwW05VJL2F91KFNK,4.3406666666666665,,0.515,0.545,2,-9.277,1,0.0353,0.855,1.97e-05,0.0921,0.535,88.856,audio_features,19CSr8rwW05VJL2F91KFNK,spotify:track:19CSr8rwW05VJL2F91KFNK,https://api.spotify.com/v1/tracks/19CSr8rwW05VJL2F91KFNK,https://api.spotify.com/v1/audio-analysis/19CSr8rwW05VJL2F91KFNK,260440,4
evermore,2Xoteh7uEpea4TohMxjtaq,2020-12-11,15,cowboy like me,1XjHRolIXL2M1EEOUsGGR4,4.584,,0.604,0.517,0,-9.014,1,0.0347,0.768,0.000155,0.123,0.511,127.967,audio_features,1XjHRolIXL2M1EEOUsGGR4,spotify:track:1XjHRolIXL2M1EEOUsGGR4,https://api.spotify.com/v1/tracks/1XjHRolIXL2M1EEOUsGGR4,https://api.spotify.com/v1/audio-analysis/1XjHRolIXL2M1EEOUsGGR4,275040,4
evermore,2Xoteh7uEpea4TohMxjtaq,2020-12-11,15,long story short,2o2sgVJIgFXk8GQjWTgI6U,3.5986666666666665,,0.546,0.73,0,-7.704,1,0.0417,0.66,0.179,0.0972,0.573,157.895,audio_features,2o2sgVJIgFXk8GQjWTgI6U,spotify:track:2o2sgVJIgFXk8GQjWTgI6U,https://api.spotify.com/v1/tracks/2o2sgVJIgFXk8GQjWTgI6U,https://api.spotify.com/v1/audio-analysis/2o2sgVJIgFXk8GQjWTgI6U,215920,4
evermore,2Xoteh7uEpea4TohMxjtaq,2020-12-11,15,marjorie,12ntTeqEeTg7GAVpe8Mhpl,4.296216666666667,,0.535,0.561,5,-11.609,1,0.0484,0.876,0.000136,0.115,0.287,96.103,audio_features,12ntTeqEeTg7GAVpe8Mhpl,spotify:track:12ntTeqEeTg7GAVpe8Mhpl,https://api.spotify.com/v1/tracks/12ntTeqEeTg7GAVpe8Mhpl,https://api.spotify.com/v1/audio-analysis/12ntTeqEeTg7GAVpe8Mhpl,257773,4
evermore,2Xoteh7uEpea4TohMxjtaq,2020-12-11,15,closure,35rdVq36LMHQX0Suw9a6tK,3.010883333333333,,0.689,0.704,9,-10.813,1,0.245,0.835,4.83e-06,0.134,0.92,151.884,audio_features,35rdVq36LMHQX0Suw9a6tK,spotify:track:35rdVq36LMHQX0Suw9a6tK,https://api.spotify.com/v1/tracks/35rdVq36LMHQX0Suw9a6tK,https://api.spotify.com/v1/audio-analysis/35rdVq36LMHQX0Suw9a6tK,180653,5
evermore,2Xoteh7uEpea4TohMxjtaq,2020-12-11,15,evermore (feat. Bon Iver),3O5osWf1rSoKMwe6E9ZaXP,5.068433333333333,,0.39,0.27,1,-10.673,1,0.0308,0.937,0.00227,0.111,0.32,125.177,audio_features,3O5osWf1rSoKMwe6E9ZaXP,spotify:track:3O5osWf1rSoKMwe6E9ZaXP,https://api.spotify.com/v1/tracks/3O5osWf1rSoKMwe6E9ZaXP,https://api.spotify.com/v1/audio-analysis/3O5osWf1rSoKMwe6E9ZaXP,304107,5
folklore: the long pond studio sessions (from the Disney+ special) [deluxe edition],0PZ7lAru5FDFHuirTkWe9Z,2020-11-25,34,the 1,0P9wLFurlgumLXuqFEpw52,3.504,,0.78,0.361,0,-6.942,1,0.048,0.75,7.14e-06,0.108,0.163,139.902,audio_features,0P9wLFurlgumLXuqFEpw52,spotify:track:0P9wLFurlgumLXuqFEpw52,https://api.spotify.com/v1/tracks/0P9wLFurlgumLXuqFEpw52,https://api.spotify.com/v1/audio-analysis/0P9wLFurlgumLXuqFEpw52,210240,4
folklore: the long pond studio sessions (from the Disney+ special) [deluxe edition],0PZ7lAru5FDFHuirTkWe9Z,2020-11-25,34,cardigan,7zcnlq38eqNWyUF6eNaB5Z,3.9926666666666666,,0.612,0.58,0,-8.572,0,0.0419,0.525,0.000414,0.26,0.534,130.045,audio_features,7zcnlq38eqNWyUF6eNaB5Z,spotify:track:7zcnlq38eqNWyUF6eNaB5Z,https://api.spotify.com/v1/tracks/7zcnlq38eqNWyUF6eNaB5Z,https://api.spotify.com/v1/audio-analysis/7zcnlq38eqNWyUF6eNaB5Z,239560,4
folklore: the long pond studio sessions (from the Disney+ special) [deluxe edition],0PZ7lAru5FDFHuirTkWe9Z,2020-11-25,34,the last great american dynasty,4ojxSyrEraN7d46BMBPThZ,3.85,,0.688,0.653,7,-8.558,1,0.0403,0.481,0.00414,0.106,0.701,147.991,audio_features,4ojxSyrEraN7d46BMBPThZ,spotify:track:4ojxSyrEraN7d46BMBPThZ,https://api.spotify.com/v1/tracks/4ojxSyrEraN7d46BMBPThZ,https://api.spotify.com/v1/audio-analysis/4ojxSyrEraN7d46BMBPThZ,231000,4
folklore: the long pond studio sessions (from the Disney+ special) [deluxe edition],0PZ7lAru5FDFHuirTkWe9Z,2020-11-25,34,exile (feat. Bon Iver),6kz2hkq1xQvDqPcUyBkw8f,4.760666666666666,,0.31,0.374,6,-8.464,1,0.0275,0.761,2.46e-05,0.11,0.16,75.938,audio_features,6kz2hkq1xQvDqPcUyBkw8f,spotify:track:6kz2hkq1xQvDqPcUyBkw8f,https://api.spotify.com/v1/tracks/6kz2hkq1xQvDqPcUyBkw8f,https://api.spotify.com/v1/audio-analysis/6kz2hkq1xQvDqPcUyBkw8f,285640,4
folklore: the long pond studio sessions (from the Disney+ special) [deluxe edition],0PZ7lAru5FDFHuirTkWe9Z,2020-11-25,34,my tears ricochet,0Oju1YcbPCJuUQQWoZNdJK,4.264883333333334,,0.456,0.265,0,-10.663,1,0.0328,0.814,0.0,0.0679,0.112,129.947,audio_features,0Oju1YcbPCJuUQQWoZNdJK,spotify:track:0Oju1YcbPCJuUQQWoZNdJK,https://api.spotify.com/v1/tracks/0Oju1YcbPCJuUQQWoZNdJK,https://api.spotify.com/v1/audio-analysis/0Oju1YcbPCJuUQQWoZNdJK,255893,4
folklore: the long pond studio sessions (from the Disney+ special) [deluxe edition],0PZ7lAru5FDFHuirTkWe9Z,2020-11-25,34,mirrorball,5jQyGzcwqAxwT5QUIMivoX,3.4828833333333336,,0.549,0.417,7,-10.064,1,0.035,0.686,1.9e-06,0.0604,0.347,110.137,audio_features,5jQyGzcwqAxwT5QUIMivoX,spotify:track:5jQyGzcwqAxwT5QUIMivoX,https://api.spotify.com/v1/tracks/5jQyGzcwqAxwT5QUIMivoX,https://api.spotify.com/v1/audio-analysis/5jQyGzcwqAxwT5QUIMivoX,208973,4
folklore: the long pond studio sessions (from the Disney+ special) [deluxe edition],0PZ7lAru5FDFHuirTkWe9Z,2020-11-25,34,seven,2vJ7QvyCiR4DaHxwO58izA,3.4817666666666667,,0.602,0.494,4,-10.813,1,0.0277,0.888,2.59e-05,0.0902,0.374,94.955,audio_features,2vJ7QvyCiR4DaHxwO58izA,spotify:track:2vJ7QvyCiR4DaHxwO58izA,https://api.spotify.com/v1/tracks/2vJ7QvyCiR4DaHxwO58izA,https://api.spotify.com/v1/audio-analysis/2vJ7QvyCiR4DaHxwO58izA,208907,4
folklore: the long pond studio sessions (from the Disney+ special) [deluxe edition],0PZ7lAru5FDFHuirTkWe9Z,2020-11-25,34,august,1UHoF9p75IVsvUt6WdTYhn,4.365333333333333,,0.387,0.634,5,-9.222,1,0.0363,0.553,6.93e-05,0.0931,0.42,89.567,audio_features,1UHoF9p75IVsvUt6WdTYhn,spotify:track:1UHoF9p75IVsvUt6WdTYhn,https://api.spotify.com/v1/tracks/1UHoF9p75IVsvUt6WdTYhn,https://api.spotify.com/v1/audio-analysis/1UHoF9p75IVsvUt6WdTYhn,261920,4
folklore: the long pond studio sessions (from the Disney+ special) [deluxe edition],0PZ7lAru5FDFHuirTkWe9Z,2020-11-25,34,this is me trying,5DnDBYrfGoxdnomqEAkFIv,3.2517666666666667,,0.511,0.478,9,-9.837,1,0.0322,0.312,2.3e-05,0.147,0.408,135.882,audio_features,5DnDBYrfGoxdnomqEAkFIv,spotify:track:5DnDBYrfGoxdnomqEAkFIv,https://api.spotify.com/v1/tracks/5DnDBYrfGoxdnomqEAkFIv,https://api.spotify.com/v1/audio-analysis/5DnDBYrfGoxdnomqEAkFIv,195107,4
folklore: the long pond studio sessions (from the Disney+ special) [deluxe edition],0PZ7lAru5FDFHuirTkWe9Z,2020-11-25,34,illicit affairs,7CVTowKpGPA2MsIbkTl2oc,3.18155,,0.529,0.304,10,-10.567,1,0.0356,0.862,0.0,0.108,0.44,119.58,audio_features,7CVTowKpGPA2MsIbkTl2oc,spotify:track:7CVTowKpGPA2MsIbkTl2oc,https://api.spotify.com/v1/tracks/7CVTowKpGPA2MsIbkTl2oc,https://api.spotify.com/v1/audio-analysis/7CVTowKpGPA2MsIbkTl2oc,190893,4
folklore: the long pond studio sessions (from the Disney+ special) [deluxe edition],0PZ7lAru5FDFHuirTkWe9Z,2020-11-25,34,invisible string,4WHIqhrbdva5vQSrCuet3l,4.214666666666667,,0.651,0.459,4,-11.128,0,0.0507,0.859,6.63e-05,0.105,0.454,83.455,audio_features,4WHIqhrbdva5vQSrCuet3l,spotify:track:4WHIqhrbdva5vQSrCuet3l,https://api.spotify.com/v1/tracks/4WHIqhrbdva5vQSrCuet3l,https://api.spotify.com/v1/audio-analysis/4WHIqhrbdva5vQSrCuet3l,252880,4
folklore: the long pond studio sessions (from the Disney+ special) [deluxe edition],0PZ7lAru5FDFHuirTkWe9Z,2020-11-25,34,mad woman,7klXN6RCN5Rj0VeYO5gBzU,3.954433333333333,,0.593,0.7,3,-9.016,1,0.0492,0.67,6.77e-06,0.116,0.451,141.898,audio_features,7klXN6RCN5Rj0VeYO5gBzU,spotify:track:7klXN6RCN5Rj0VeYO5gBzU,https://api.spotify.com/v1/tracks/7klXN6RCN5Rj0VeYO5gBzU,https://api.spotify.com/v1/audio-analysis/7klXN6RCN5Rj0VeYO5gBzU,237267,4
folklore: the long pond studio sessions (from the Disney+ special) [deluxe edition],0PZ7lAru5FDFHuirTkWe9Z,2020-11-25,34,epiphany,5MFjHn1qfR9AsWuyzJLk1z,4.8291,,0.317,0.254,1,-13.679,1,0.0286,0.727,0.000326,0.0867,0.103,93.933,audio_features,5MFjHn1qfR9AsWuyzJLk1z,spotify:track:5MFjHn1qfR9AsWuyzJLk1z,https://api.spotify.com/v1/tracks/5MFjHn1qfR9AsWuyzJLk1z,https://api.spotify.com/v1/audio-analysis/5MFjHn1qfR9AsWuyzJLk1z,289747,4
folklore: the long pond studio sessions (from the Disney+ special) [deluxe edition],0PZ7lAru5FDFHuirTkWe9Z,2020-11-25,34,betty,2jhfs6moEAK13eLM6xim4l,4.908666666666667,,0.595,0.376,0,-8.767,1,0.0256,0.589,0.0,0.0989,0.476,95.946,audio_features,2jhfs6moEAK13eLM6xim4l,spotify:track:2jhfs6moEAK13eLM6xim4l,https://api.spotify.com/v1/tracks/2jhfs6moEAK13eLM6xim4l,https://api.spotify.com/v1/audio-analysis/2jhfs6moEAK13eLM6xim4l,294520,4
folklore: the long pond studio sessions (from the Disney+ special) [deluxe edition],0PZ7lAru5FDFHuirTkWe9Z,2020-11-25,34,peace,0O9i6jhscByEJs1ipy5hu4,3.9,,0.644,0.284,5,-12.879,1,0.0821,0.916,1.5e-05,0.0909,0.328,150.072,audio_features,0O9i6jhscByEJs1ipy5hu4,spotify:track:0O9i6jhscByEJs1ipy5hu4,https://api.spotify.com/v1/tracks/0O9i6jhscByEJs1ipy5hu4,https://api.spotify.com/v1/audio-analysis/0O9i6jhscByEJs1ipy5hu4,234000,4
folklore: the long pond studio sessions (from the Disney+ special) [deluxe edition],0PZ7lAru5FDFHuirTkWe9Z,2020-11-25,34,hoax,4XCYmu7QLySdIahgBALKJK,3.667333333333333,,0.676,0.178,8,-15.01,1,0.0394,0.964,7.9e-06,0.135,0.404,118.84,audio_features,4XCYmu7QLySdIahgBALKJK,spotify:track:4XCYmu7QLySdIahgBALKJK,https://api.spotify.com/v1/tracks/4XCYmu7QLySdIahgBALKJK,https://api.spotify.com/v1/audio-analysis/4XCYmu7QLySdIahgBALKJK,220040,4
folklore: the long pond studio sessions (from the Disney+ special) [deluxe edition],0PZ7lAru5FDFHuirTkWe9Z,2020-11-25,34,the lakes - bonus track,0zEprKYeuGOIZoHyu6O1E2,3.5302166666666666,,0.313,0.258,2,-11.532,1,0.0383,0.842,1.3e-06,0.0948,0.268,179.947,audio_features,0zEprKYeuGOIZoHyu6O1E2,spotify:track:0zEprKYeuGOIZoHyu6O1E2,https://api.spotify.com/v1/tracks/0zEprKYeuGOIZoHyu6O1E2,https://api.spotify.com/v1/audio-analysis/0zEprKYeuGOIZoHyu6O1E2,211813,4
folklore: the long pond studio sessions (from the Disney+ special) [deluxe edition],0PZ7lAru5FDFHuirTkWe9Z,2020-11-25,34,the 1 - the long pond studio sessions,08J4bMHbILkwSIhbtrcvjN,3.6648833333333335,,0.708,0.25,0,-10.731,1,0.0361,0.898,0.026,0.102,0.156,139.803,audio_features,08J4bMHbILkwSIhbtrcvjN,spotify:track:08J4bMHbILkwSIhbtrcvjN,https://api.spotify.com/v1/tracks/08J4bMHbILkwSIhbtrcvjN,https://api.spotify.com/v1/audio-analysis/08J4bMHbILkwSIhbtrcvjN,219893,4
folklore: the long pond studio sessions (from the Disney+ special) [deluxe edition],0PZ7lAru5FDFHuirTkWe9Z,2020-11-25,34,cardigan - the long pond studio sessions,3EPgWM1zfTSzEc0z4AwWTM,3.8446666666666665,,0.395,0.234,0,-9.704,0,0.0382,0.88,0.0,0.107,0.247,86.478,audio_features,3EPgWM1zfTSzEc0z4AwWTM,spotify:track:3EPgWM1zfTSzEc0z4AwWTM,https://api.spotify.com/v1/tracks/3EPgWM1zfTSzEc0z4AwWTM,https://api.spotify.com/v1/audio-analysis/3EPgWM1zfTSzEc0z4AwWTM,230680,3
folklore: the long pond studio sessions (from the Disney+ special) [deluxe edition],0PZ7lAru5FDFHuirTkWe9Z,2020-11-25,34,the last great american dynasty - the long pond studio sessions,28tIMaewZuGR8urkvFhQyA,3.872433333333333,,0.64,0.618,7,-11.715,1,0.0379,0.743,0.004,0.0574,0.614,147.948,audio_features,28tIMaewZuGR8urkvFhQyA,spotify:track:28tIMaewZuGR8urkvFhQyA,https://api.spotify.com/v1/tracks/28tIMaewZuGR8urkvFhQyA,https://api.spotify.com/v1/audio-analysis/28tIMaewZuGR8urkvFhQyA,232347,4
folklore: the long pond studio sessions (from the Disney+ special) [deluxe edition],0PZ7lAru5FDFHuirTkWe9Z,2020-11-25,34,exile (feat. Bon Iver) - the long pond studio sessions,7N015NTIWGjQDddHUdHPoO,4.664883333333333,,0.359,0.305,6,-10.295,1,0.0306,0.848,6.74e-05,0.111,0.108,151.956,audio_features,7N015NTIWGjQDddHUdHPoO,spotify:track:7N015NTIWGjQDddHUdHPoO,https://api.spotify.com/v1/tracks/7N015NTIWGjQDddHUdHPoO,https://api.spotify.com/v1/audio-analysis/7N015NTIWGjQDddHUdHPoO,279893,4
folklore: the long pond studio sessions (from the Disney+ special) [deluxe edition],0PZ7lAru5FDFHuirTkWe9Z,2020-11-25,34,my tears ricochet - the long pond studio sessions,5mdNyCS7ttVcAyVYOIFEjs,4.91955,,0.531,0.172,0,-12.34,1,0.0351,0.946,1.01e-05,0.0615,0.168,129.007,audio_features,5mdNyCS7ttVcAyVYOIFEjs,spotify:track:5mdNyCS7ttVcAyVYOIFEjs,https://api.spotify.com/v1/tracks/5mdNyCS7ttVcAyVYOIFEjs,https://api.spotify.com/v1/audio-analysis/5mdNyCS7ttVcAyVYOIFEjs,295173,4
folklore: the long pond studio sessions (from the Disney+ special) [deluxe edition],0PZ7lAru5FDFHuirTkWe9Z,2020-11-25,34,mirrorball - the long pond studio sessions,2yceD2hx5HhOLgkm1CITCi,3.9562166666666663,,0.509,0.386,2,-8.434,1,0.0272,0.78,3.45e-05,0.118,0.109,109.993,audio_features,2yceD2hx5HhOLgkm1CITCi,spotify:track:2yceD2hx5HhOLgkm1CITCi,https://api.spotify.com/v1/tracks/2yceD2hx5HhOLgkm1CITCi,https://api.spotify.com/v1/audio-analysis/2yceD2hx5HhOLgkm1CITCi,237373,4
folklore: the long pond studio sessions (from the Disney+ special) [deluxe edition],0PZ7lAru5FDFHuirTkWe9Z,2020-11-25,34,seven - the long pond studio sessions,4cOWq0cVsKjxaQpRMbDoH1,3.4831,,0.694,0.449,4,-11.49,1,0.0301,0.914,0.000126,0.1,0.363,94.963,audio_features,4cOWq0cVsKjxaQpRMbDoH1,spotify:track:4cOWq0cVsKjxaQpRMbDoH1,https://api.spotify.com/v1/tracks/4cOWq0cVsKjxaQpRMbDoH1,https://api.spotify.com/v1/audio-analysis/4cOWq0cVsKjxaQpRMbDoH1,208987,4
folklore: the long pond studio sessions (from the Disney+ special) [deluxe edition],0PZ7lAru5FDFHuirTkWe9Z,2020-11-25,34,august - the long pond studio sessions,4MGexoZc12lqE0hYkq9YYx,4.333333333333333,,0.554,0.663,5,-8.961,1,0.0324,0.5,4.77e-05,0.791,0.545,89.977,audio_features,4MGexoZc12lqE0hYkq9YYx,spotify:track:4MGexoZc12lqE0hYkq9YYx,https://api.spotify.com/v1/tracks/4MGexoZc12lqE0hYkq9YYx,https://api.spotify.com/v1/audio-analysis/4MGexoZc12lqE0hYkq9YYx,260000,4
folklore: the long pond studio sessions (from the Disney+ special) [deluxe edition],0PZ7lAru5FDFHuirTkWe9Z,2020-11-25,34,this is me trying - the long pond studio sessions,1gaLZjPrDnHQWJds2Jg4KT,3.4882166666666667,,0.435,0.332,9,-11.611,1,0.031,0.928,0.000898,0.0867,0.157,68.097,audio_features,1gaLZjPrDnHQWJds2Jg4KT,spotify:track:1gaLZjPrDnHQWJds2Jg4KT,https://api.spotify.com/v1/tracks/1gaLZjPrDnHQWJds2Jg4KT,https://api.spotify.com/v1/audio-analysis/1gaLZjPrDnHQWJds2Jg4KT,209293,3
folklore: the long pond studio sessions (from the Disney+ special) [deluxe edition],0PZ7lAru5FDFHuirTkWe9Z,2020-11-25,34,illicit affairs - the long pond studio sessions,560uQyz3p5G9WdnMX39xc6,3.062,,0.489,0.235,10,-10.274,1,0.0356,0.883,0.0,0.113,0.435,117.699,audio_features,560uQyz3p5G9WdnMX39xc6,spotify:track:560uQyz3p5G9WdnMX39xc6,https://api.spotify.com/v1/tracks/560uQyz3p5G9WdnMX39xc6,https://api.spotify.com/v1/audio-analysis/560uQyz3p5G9WdnMX39xc6,183720,4
folklore: the long pond studio sessions (from the Disney+ special) [deluxe edition],0PZ7lAru5FDFHuirTkWe9Z,2020-11-25,34,invisible string - the long pond studio sessions,5KByGq0JijSSDcy0qzuINs,4.289316666666667,,0.59,0.282,7,-10.542,1,0.0281,0.942,4.85e-06,0.11,0.351,83.438,audio_features,5KByGq0JijSSDcy0qzuINs,spotify:track:5KByGq0JijSSDcy0qzuINs,https://api.spotify.com/v1/tracks/5KByGq0JijSSDcy0qzuINs,https://api.spotify.com/v1/audio-analysis/5KByGq0JijSSDcy0qzuINs,257360,4
folklore: the long pond studio sessions (from the Disney+ special) [deluxe edition],0PZ7lAru5FDFHuirTkWe9Z,2020-11-25,34,mad woman - the long pond studio sessions,04xrhDrQ2WOW8GLwu7kbc0,3.9722166666666663,,0.663,0.465,3,-10.463,1,0.0408,0.887,0.000168,0.109,0.346,141.834,audio_features,04xrhDrQ2WOW8GLwu7kbc0,spotify:track:04xrhDrQ2WOW8GLwu7kbc0,https://api.spotify.com/v1/tracks/04xrhDrQ2WOW8GLwu7kbc0,https://api.spotify.com/v1/audio-analysis/04xrhDrQ2WOW8GLwu7kbc0,238333,4
folklore: the long pond studio sessions (from the Disney+ special) [deluxe edition],0PZ7lAru5FDFHuirTkWe9Z,2020-11-25,34,epiphany - the long pond studio sessions,4yyKppX85ZkmlGOC2toBZA,4.581333333333333,,0.524,0.2,1,-13.004,1,0.0274,0.916,0.000392,0.068,0.113,93.87,audio_features,4yyKppX85ZkmlGOC2toBZA,spotify:track:4yyKppX85ZkmlGOC2toBZA,https://api.spotify.com/v1/tracks/4yyKppX85ZkmlGOC2toBZA,https://api.spotify.com/v1/audio-analysis/4yyKppX85ZkmlGOC2toBZA,274880,4
folklore: the long pond studio sessions (from the Disney+ special) [deluxe edition],0PZ7lAru5FDFHuirTkWe9Z,2020-11-25,34,betty - the long pond studio sessions,1mh5dObNoOvCfHmXnhvDEK,4.834,,0.538,0.316,9,-9.5,0,0.0299,0.841,0.0,0.119,0.518,95.68,audio_features,1mh5dObNoOvCfHmXnhvDEK,spotify:track:1mh5dObNoOvCfHmXnhvDEK,https://api.spotify.com/v1/tracks/1mh5dObNoOvCfHmXnhvDEK,https://api.spotify.com/v1/audio-analysis/1mh5dObNoOvCfHmXnhvDEK,290040,4
folklore: the long pond studio sessions (from the Disney+ special) [deluxe edition],0PZ7lAru5FDFHuirTkWe9Z,2020-11-25,34,peace - the long pond studio sessions,4YHHz3VIXgNDGdoL9xC1tx,3.5728833333333334,,0.619,0.344,5,-11.472,1,0.0647,0.93,7.61e-05,0.0734,0.513,149.897,audio_features,4YHHz3VIXgNDGdoL9xC1tx,spotify:track:4YHHz3VIXgNDGdoL9xC1tx,https://api.spotify.com/v1/tracks/4YHHz3VIXgNDGdoL9xC1tx,https://api.spotify.com/v1/audio-analysis/4YHHz3VIXgNDGdoL9xC1tx,214373,4
folklore: the long pond studio sessions (from the Disney+ special) [deluxe edition],0PZ7lAru5FDFHuirTkWe9Z,2020-11-25,34,hoax - the long pond studio sessions,0QTBsdoJhamY3Aid3fOsOd,3.6966666666666663,,0.682,0.155,8,-13.083,1,0.0394,0.962,0.0,0.18,0.483,118.832,audio_features,0QTBsdoJhamY3Aid3fOsOd,spotify:track:0QTBsdoJhamY3Aid3fOsOd,https://api.spotify.com/v1/tracks/0QTBsdoJhamY3Aid3fOsOd,https://api.spotify.com/v1/audio-analysis/0QTBsdoJhamY3Aid3fOsOd,221800,4
folklore: the long pond studio sessions (from the Disney+ special) [deluxe edition],0PZ7lAru5FDFHuirTkWe9Z,2020-11-25,34,the lakes - the long pond studio sessions,6mqyTq948oap5AkyTsd6XF,3.328883333333333,,0.606,0.221,2,-11.767,1,0.0468,0.794,0.0,0.0888,0.112,89.844,audio_features,6mqyTq948oap5AkyTsd6XF,spotify:track:6mqyTq948oap5AkyTsd6XF,https://api.spotify.com/v1/tracks/6mqyTq948oap5AkyTsd6XF,https://api.spotify.com/v1/audio-analysis/6mqyTq948oap5AkyTsd6XF,199733,4
folklore (deluxe version),1pzvBxYgT6OVwJLtHkrdQK,2020-08-18,17,the 1,4pfrrhvplbJZAIsfosGWQP,3.504,,0.78,0.361,0,-6.942,1,0.048,0.75,7.14e-06,0.108,0.163,139.902,audio_features,4pfrrhvplbJZAIsfosGWQP,spotify:track:4pfrrhvplbJZAIsfosGWQP,https://api.spotify.com/v1/tracks/4pfrrhvplbJZAIsfosGWQP,https://api.spotify.com/v1/audio-analysis/4pfrrhvplbJZAIsfosGWQP,210240,4
folklore (deluxe version),1pzvBxYgT6OVwJLtHkrdQK,2020-08-18,17,cardigan,0KRYCBwIpWYFNrXOmXbyUh,3.9926666666666666,,0.612,0.58,0,-8.572,0,0.0419,0.525,0.000414,0.26,0.534,130.045,audio_features,0KRYCBwIpWYFNrXOmXbyUh,spotify:track:0KRYCBwIpWYFNrXOmXbyUh,https://api.spotify.com/v1/tracks/0KRYCBwIpWYFNrXOmXbyUh,https://api.spotify.com/v1/audio-analysis/0KRYCBwIpWYFNrXOmXbyUh,239560,4
folklore (deluxe version),1pzvBxYgT6OVwJLtHkrdQK,2020-08-18,17,the last great american dynasty,2olxzvoFI9IpxqFeUv7WOX,3.85,,0.688,0.653,7,-8.558,1,0.0403,0.481,0.00414,0.106,0.701,147.991,audio_features,2olxzvoFI9IpxqFeUv7WOX,spotify:track:2olxzvoFI9IpxqFeUv7WOX,https://api.spotify.com/v1/tracks/2olxzvoFI9IpxqFeUv7WOX,https://api.spotify.com/v1/audio-analysis/2olxzvoFI9IpxqFeUv7WOX,231000,4
folklore (deluxe version),1pzvBxYgT6OVwJLtHkrdQK,2020-08-18,17,exile (feat. Bon Iver),5S4aYQAJOwJMAamANWlICO,4.760666666666666,,0.31,0.374,6,-8.464,1,0.0275,0.761,2.46e-05,0.11,0.16,75.938,audio_features,5S4aYQAJOwJMAamANWlICO,spotify:track:5S4aYQAJOwJMAamANWlICO,https://api.spotify.com/v1/tracks/5S4aYQAJOwJMAamANWlICO,https://api.spotify.com/v1/audio-analysis/5S4aYQAJOwJMAamANWlICO,285640,4
folklore (deluxe version),1pzvBxYgT6OVwJLtHkrdQK,2020-08-18,17,my tears ricochet,5P2bHCDM2tsgIaYWsZMhu5,4.264883333333334,,0.456,0.265,0,-10.663,1,0.0328,0.814,0.0,0.0679,0.112,129.947,audio_features,5P2bHCDM2tsgIaYWsZMhu5,spotify:track:5P2bHCDM2tsgIaYWsZMhu5,https://api.spotify.com/v1/tracks/5P2bHCDM2tsgIaYWsZMhu5,https://api.spotify.com/v1/audio-analysis/5P2bHCDM2tsgIaYWsZMhu5,255893,4
folklore (deluxe version),1pzvBxYgT6OVwJLtHkrdQK,2020-08-18,17,mirrorball,2I8YAEA1VmCuP1wkJHMpTw,3.4828833333333336,,0.549,0.417,7,-10.064,1,0.035,0.686,1.9e-06,0.0604,0.347,110.137,audio_features,2I8YAEA1VmCuP1wkJHMpTw,spotify:track:2I8YAEA1VmCuP1wkJHMpTw,https://api.spotify.com/v1/tracks/2I8YAEA1VmCuP1wkJHMpTw,https://api.spotify.com/v1/audio-analysis/2I8YAEA1VmCuP1wkJHMpTw,208973,4
folklore (deluxe version),1pzvBxYgT6OVwJLtHkrdQK,2020-08-18,17,seven,76mOLcXOjOEhyY4mMF1l3r,3.4817666666666667,,0.602,0.494,4,-10.813,1,0.0277,0.888,2.59e-05,0.0902,0.374,94.955,audio_features,76mOLcXOjOEhyY4mMF1l3r,spotify:track:76mOLcXOjOEhyY4mMF1l3r,https://api.spotify.com/v1/tracks/76mOLcXOjOEhyY4mMF1l3r,https://api.spotify.com/v1/audio-analysis/76mOLcXOjOEhyY4mMF1l3r,208907,4
folklore (deluxe version),1pzvBxYgT6OVwJLtHkrdQK,2020-08-18,17,august,6nK2pIKFcRc5frrZKHgsiT,4.365333333333333,,0.387,0.634,5,-9.222,1,0.0363,0.553,6.93e-05,0.0931,0.42,89.567,audio_features,6nK2pIKFcRc5frrZKHgsiT,spotify:track:6nK2pIKFcRc5frrZKHgsiT,https://api.spotify.com/v1/tracks/6nK2pIKFcRc5frrZKHgsiT,https://api.spotify.com/v1/audio-analysis/6nK2pIKFcRc5frrZKHgsiT,261920,4
folklore (deluxe version),1pzvBxYgT6OVwJLtHkrdQK,2020-08-18,17,this is me trying,7cm50Lw03k6VvRauJtkyTj,3.2517666666666667,,0.511,0.478,9,-9.837,1,0.0322,0.312,2.3e-05,0.147,0.408,135.882,audio_features,7cm50Lw03k6VvRauJtkyTj,spotify:track:7cm50Lw03k6VvRauJtkyTj,https://api.spotify.com/v1/tracks/7cm50Lw03k6VvRauJtkyTj,https://api.spotify.com/v1/audio-analysis/7cm50Lw03k6VvRauJtkyTj,195107,4
folklore (deluxe version),1pzvBxYgT6OVwJLtHkrdQK,2020-08-18,17,illicit affairs,6DrLROM5MG9bxWHeEG5elq,3.18155,,0.529,0.304,10,-10.567,1,0.0356,0.862,0.0,0.108,0.44,119.58,audio_features,6DrLROM5MG9bxWHeEG5elq,spotify:track:6DrLROM5MG9bxWHeEG5elq,https://api.spotify.com/v1/tracks/6DrLROM5MG9bxWHeEG5elq,https://api.spotify.com/v1/audio-analysis/6DrLROM5MG9bxWHeEG5elq,190893,4
folklore (deluxe version),1pzvBxYgT6OVwJLtHkrdQK,2020-08-18,17,invisible string,2ehRU518I0hYqMGQnk4lDY,4.214666666666667,,0.651,0.459,4,-11.128,0,0.0507,0.859,6.63e-05,0.105,0.454,83.455,audio_features,2ehRU518I0hYqMGQnk4lDY,spotify:track:2ehRU518I0hYqMGQnk4lDY,https://api.spotify.com/v1/tracks/2ehRU518I0hYqMGQnk4lDY,https://api.spotify.com/v1/audio-analysis/2ehRU518I0hYqMGQnk4lDY,252880,4
folklore (deluxe version),1pzvBxYgT6OVwJLtHkrdQK,2020-08-18,17,mad woman,0RP1kqoSPkVXsKiQNhMKzV,3.954433333333333,,0.593,0.7,3,-9.016,1,0.0492,0.67,6.77e-06,0.116,0.451,141.898,audio_features,0RP1kqoSPkVXsKiQNhMKzV,spotify:track:0RP1kqoSPkVXsKiQNhMKzV,https://api.spotify.com/v1/tracks/0RP1kqoSPkVXsKiQNhMKzV,https://api.spotify.com/v1/audio-analysis/0RP1kqoSPkVXsKiQNhMKzV,237267,4
folklore (deluxe version),1pzvBxYgT6OVwJLtHkrdQK,2020-08-18,17,epiphany,1EXa37LpSvi3OQ9UYQ28rD,4.8291,,0.317,0.254,1,-13.679,1,0.0286,0.727,0.000326,0.0867,0.103,93.933,audio_features,1EXa37LpSvi3OQ9UYQ28rD,spotify:track:1EXa37LpSvi3OQ9UYQ28rD,https://api.spotify.com/v1/tracks/1EXa37LpSvi3OQ9UYQ28rD,https://api.spotify.com/v1/audio-analysis/1EXa37LpSvi3OQ9UYQ28rD,289747,4
folklore (deluxe version),1pzvBxYgT6OVwJLtHkrdQK,2020-08-18,17,betty,3IhtE4fkytdrtEfV34UzkD,4.908666666666667,,0.595,0.376,0,-8.767,1,0.0256,0.589,0.0,0.0989,0.476,95.946,audio_features,3IhtE4fkytdrtEfV34UzkD,spotify:track:3IhtE4fkytdrtEfV34UzkD,https://api.spotify.com/v1/tracks/3IhtE4fkytdrtEfV34UzkD,https://api.spotify.com/v1/audio-analysis/3IhtE4fkytdrtEfV34UzkD,294520,4
folklore (deluxe version),1pzvBxYgT6OVwJLtHkrdQK,2020-08-18,17,peace,6JlI8Ay77m4nJvZTHvfT1J,3.9,,0.644,0.284,5,-12.879,1,0.0821,0.916,1.5e-05,0.0909,0.328,150.072,audio_features,6JlI8Ay77m4nJvZTHvfT1J,spotify:track:6JlI8Ay77m4nJvZTHvfT1J,https://api.spotify.com/v1/tracks/6JlI8Ay77m4nJvZTHvfT1J,https://api.spotify.com/v1/audio-analysis/6JlI8Ay77m4nJvZTHvfT1J,234000,4
folklore (deluxe version),1pzvBxYgT6OVwJLtHkrdQK,2020-08-18,17,hoax,0YeDG5HnKnG7jpArkzsSPa,3.667333333333333,,0.676,0.178,8,-15.01,1,0.0394,0.964,7.9e-06,0.135,0.404,118.84,audio_features,0YeDG5HnKnG7jpArkzsSPa,spotify:track:0YeDG5HnKnG7jpArkzsSPa,https://api.spotify.com/v1/tracks/0YeDG5HnKnG7jpArkzsSPa,https://api.spotify.com/v1/audio-analysis/0YeDG5HnKnG7jpArkzsSPa,220040,4
folklore (deluxe version),1pzvBxYgT6OVwJLtHkrdQK,2020-08-18,17,the lakes - bonus track,0eFQWVz0qIxDOvhLpZ40P7,3.5302166666666666,,0.313,0.258,2,-11.532,1,0.0383,0.842,1.3e-06,0.0948,0.268,179.947,audio_features,0eFQWVz0qIxDOvhLpZ40P7,spotify:track:0eFQWVz0qIxDOvhLpZ40P7,https://api.spotify.com/v1/tracks/0eFQWVz0qIxDOvhLpZ40P7,https://api.spotify.com/v1/audio-analysis/0eFQWVz0qIxDOvhLpZ40P7,211813,4
folklore,2fenSS68JI1h4Fo296JfGr,2020-07-24,16,the 1,0Jlcvv8IykzHaSmj49uNW8,3.504183333333333,,0.777,0.357,0,-6.942,1,0.0522,0.757,7.28e-06,0.108,0.172,139.884,audio_features,0Jlcvv8IykzHaSmj49uNW8,spotify:track:0Jlcvv8IykzHaSmj49uNW8,https://api.spotify.com/v1/tracks/0Jlcvv8IykzHaSmj49uNW8,https://api.spotify.com/v1/audio-analysis/0Jlcvv8IykzHaSmj49uNW8,210252,4
folklore,2fenSS68JI1h4Fo296JfGr,2020-07-24,16,cardigan,4R2kfaDFhslZEMJqAFNpdd,3.9926666666666666,,0.613,0.581,0,-8.588,0,0.0424,0.537,0.000345,0.25,0.551,130.033,audio_features,4R2kfaDFhslZEMJqAFNpdd,spotify:track:4R2kfaDFhslZEMJqAFNpdd,https://api.spotify.com/v1/tracks/4R2kfaDFhslZEMJqAFNpdd,https://api.spotify.com/v1/audio-analysis/4R2kfaDFhslZEMJqAFNpdd,239560,4
folklore,2fenSS68JI1h4Fo296JfGr,2020-07-24,16,the last great american dynasty,2Eeur20xVqfUoM3Q7EFPFt,3.849983333333333,,0.686,0.662,7,-8.505,1,0.0413,0.467,0.0023,0.109,0.706,147.922,audio_features,2Eeur20xVqfUoM3Q7EFPFt,spotify:track:2Eeur20xVqfUoM3Q7EFPFt,https://api.spotify.com/v1/tracks/2Eeur20xVqfUoM3Q7EFPFt,https://api.spotify.com/v1/audio-analysis/2Eeur20xVqfUoM3Q7EFPFt,230999,4
folklore,2fenSS68JI1h4Fo296JfGr,2020-07-24,16,exile (feat. Bon Iver),4pvb0WLRcMtbPGmtejJJ6y,4.760566666666667,,0.298,0.38,6,-8.426,1,0.0287,0.778,5.62e-05,0.11,0.152,75.602,audio_features,4pvb0WLRcMtbPGmtejJJ6y,spotify:track:4pvb0WLRcMtbPGmtejJJ6y,https://api.spotify.com/v1/tracks/4pvb0WLRcMtbPGmtejJJ6y,https://api.spotify.com/v1/audio-analysis/4pvb0WLRcMtbPGmtejJJ6y,285634,4
folklore,2fenSS68JI1h4Fo296JfGr,2020-07-24,16,my tears ricochet,1MgV7FIyNxIG7WzMRJV5HC,4.264883333333334,,0.469,0.263,0,-10.63,1,0.0329,0.806,0.0,0.0749,0.112,129.86,audio_features,1MgV7FIyNxIG7WzMRJV5HC,spotify:track:1MgV7FIyNxIG7WzMRJV5HC,https://api.spotify.com/v1/tracks/1MgV7FIyNxIG7WzMRJV5HC,https://api.spotify.com/v1/audio-analysis/1MgV7FIyNxIG7WzMRJV5HC,255894,4
folklore,2fenSS68JI1h4Fo296JfGr,2020-07-24,16,mirrorball,0ZNU020wNYvgW84iljPkPP,3.48295,,0.553,0.413,2,-10.037,1,0.0334,0.687,2.33e-06,0.0594,0.379,110.107,audio_features,0ZNU020wNYvgW84iljPkPP,spotify:track:0ZNU020wNYvgW84iljPkPP,https://api.spotify.com/v1/tracks/0ZNU020wNYvgW84iljPkPP,https://api.spotify.com/v1/audio-analysis/0ZNU020wNYvgW84iljPkPP,208978,4
folklore,2fenSS68JI1h4Fo296JfGr,2020-07-24,16,seven,6KJqZcs9XDgVck7Lg9QOTC,3.4817666666666667,,0.596,0.488,4,-10.769,1,0.0274,0.9,2.7e-05,0.091,0.415,94.922,audio_features,6KJqZcs9XDgVck7Lg9QOTC,spotify:track:6KJqZcs9XDgVck7Lg9QOTC,https://api.spotify.com/v1/tracks/6KJqZcs9XDgVck7Lg9QOTC,https://api.spotify.com/v1/audio-analysis/6KJqZcs9XDgVck7Lg9QOTC,208907,4
folklore,2fenSS68JI1h4Fo296JfGr,2020-07-24,16,august,3hUxzQpSfdDqwM3ZTFQY0K,4.365366666666667,,0.532,0.623,5,-9.208,1,0.0331,0.538,7.28e-05,0.0925,0.403,89.937,audio_features,3hUxzQpSfdDqwM3ZTFQY0K,spotify:track:3hUxzQpSfdDqwM3ZTFQY0K,https://api.spotify.com/v1/tracks/3hUxzQpSfdDqwM3ZTFQY0K,https://api.spotify.com/v1/audio-analysis/3hUxzQpSfdDqwM3ZTFQY0K,261923,4
folklore,2fenSS68JI1h4Fo296JfGr,2020-07-24,16,this is me trying,7kt9e9LFSpN1zQtYEl19o1,3.2516166666666666,,0.515,0.476,9,-9.843,1,0.0328,0.314,4.74e-05,0.171,0.412,135.886,audio_features,7kt9e9LFSpN1zQtYEl19o1,spotify:track:7kt9e9LFSpN1zQtYEl19o1,https://api.spotify.com/v1/tracks/7kt9e9LFSpN1zQtYEl19o1,https://api.spotify.com/v1/audio-analysis/7kt9e9LFSpN1zQtYEl19o1,195097,4
folklore,2fenSS68JI1h4Fo296JfGr,2020-07-24,16,illicit affairs,2NmsngXHeC1GQ9wWrzhOMf,3.181633333333333,,0.559,0.31,10,-10.445,1,0.0338,0.881,0.0,0.106,0.46,119.845,audio_features,2NmsngXHeC1GQ9wWrzhOMf,spotify:track:2NmsngXHeC1GQ9wWrzhOMf,https://api.spotify.com/v1/tracks/2NmsngXHeC1GQ9wWrzhOMf,https://api.spotify.com/v1/audio-analysis/2NmsngXHeC1GQ9wWrzhOMf,190898,4
folklore,2fenSS68JI1h4Fo296JfGr,2020-07-24,16,invisible string,6VsvKPJ4xjVNKpI8VVZ3SV,4.214666666666667,,0.653,0.452,4,-11.143,0,0.055,0.838,7.73e-05,0.108,0.45,83.433,audio_features,6VsvKPJ4xjVNKpI8VVZ3SV,spotify:track:6VsvKPJ4xjVNKpI8VVZ3SV,https://api.spotify.com/v1/tracks/6VsvKPJ4xjVNKpI8VVZ3SV,https://api.spotify.com/v1/audio-analysis/6VsvKPJ4xjVNKpI8VVZ3SV,252881,4
folklore,2fenSS68JI1h4Fo296JfGr,2020-07-24,16,mad woman,2QDyYdZyhlP2fp79KZX8Bi,3.9543,,0.592,0.699,3,-8.995,1,0.0471,0.655,1.68e-05,0.114,0.506,141.916,audio_features,2QDyYdZyhlP2fp79KZX8Bi,spotify:track:2QDyYdZyhlP2fp79KZX8Bi,https://api.spotify.com/v1/tracks/2QDyYdZyhlP2fp79KZX8Bi,https://api.spotify.com/v1/audio-analysis/2QDyYdZyhlP2fp79KZX8Bi,237258,4
folklore,2fenSS68JI1h4Fo296JfGr,2020-07-24,16,epiphany,08fa9LFcFBTcilB3iq2e2A,4.82915,,0.175,0.267,1,-13.69,1,0.0302,0.731,0.000402,0.0858,0.106,94.203,audio_features,08fa9LFcFBTcilB3iq2e2A,spotify:track:08fa9LFcFBTcilB3iq2e2A,https://api.spotify.com/v1/tracks/08fa9LFcFBTcilB3iq2e2A,https://api.spotify.com/v1/audio-analysis/08fa9LFcFBTcilB3iq2e2A,289749,4
folklore,2fenSS68JI1h4Fo296JfGr,2020-07-24,16,betty,5kI4eCXXzyuIUXjQra0Cxi,4.908683333333333,,0.593,0.377,0,-8.761,1,0.0253,0.6,0.0,0.0976,0.502,95.939,audio_features,5kI4eCXXzyuIUXjQra0Cxi,spotify:track:5kI4eCXXzyuIUXjQra0Cxi,https://api.spotify.com/v1/tracks/5kI4eCXXzyuIUXjQra0Cxi,https://api.spotify.com/v1/audio-analysis/5kI4eCXXzyuIUXjQra0Cxi,294521,4
folklore,2fenSS68JI1h4Fo296JfGr,2020-07-24,16,peace,7MbT4I8qGntX4fMdqMQgke,3.9,,0.647,0.272,5,-12.906,1,0.0916,0.918,1.73e-05,0.0918,0.339,150.044,audio_features,7MbT4I8qGntX4fMdqMQgke,spotify:track:7MbT4I8qGntX4fMdqMQgke,https://api.spotify.com/v1/tracks/7MbT4I8qGntX4fMdqMQgke,https://api.spotify.com/v1/audio-analysis/7MbT4I8qGntX4fMdqMQgke,234000,4
folklore,2fenSS68JI1h4Fo296JfGr,2020-07-24,16,hoax,6MWoRt97mnSTXZhu3ggi9C,3.667366666666666,,0.662,0.181,8,-15.065,1,0.0415,0.966,3.86e-06,0.133,0.429,118.819,audio_features,6MWoRt97mnSTXZhu3ggi9C,spotify:track:6MWoRt97mnSTXZhu3ggi9C,https://api.spotify.com/v1/tracks/6MWoRt97mnSTXZhu3ggi9C,https://api.spotify.com/v1/audio-analysis/6MWoRt97mnSTXZhu3ggi9C,220043,4
Lover,1NAmidJlEaVgA3MpcPFYGq,2019-08-23,18,I Forgot That You Existed,43rA71bccXFGD4C8GOpIlN,2.844,,0.664,0.316,5,-10.345,1,0.519,0.298,2.03e-06,0.0812,0.541,92.875,audio_features,43rA71bccXFGD4C8GOpIlN,spotify:track:43rA71bccXFGD4C8GOpIlN,https://api.spotify.com/v1/tracks/43rA71bccXFGD4C8GOpIlN,https://api.spotify.com/v1/audio-analysis/43rA71bccXFGD4C8GOpIlN,170640,4
Lover,1NAmidJlEaVgA3MpcPFYGq,2019-08-23,18,Cruel Summer,1BxfuPKGuaTgP7aM0Bbdwr,2.9737666666666667,,0.552,0.702,9,-5.707,1,0.157,0.117,2.06e-05,0.105,0.564,169.994,audio_features,1BxfuPKGuaTgP7aM0Bbdwr,spotify:track:1BxfuPKGuaTgP7aM0Bbdwr,https://api.spotify.com/v1/tracks/1BxfuPKGuaTgP7aM0Bbdwr,https://api.spotify.com/v1/audio-analysis/1BxfuPKGuaTgP7aM0Bbdwr,178427,4
Lover,1NAmidJlEaVgA3MpcPFYGq,2019-08-23,18,Lover,1dGr1c8CrMLDpV6mPbImSI,3.688433333333333,,0.359,0.543,7,-7.582,1,0.0919,0.492,1.58e-05,0.118,0.453,68.534,audio_features,1dGr1c8CrMLDpV6mPbImSI,spotify:track:1dGr1c8CrMLDpV6mPbImSI,https://api.spotify.com/v1/tracks/1dGr1c8CrMLDpV6mPbImSI,https://api.spotify.com/v1/audio-analysis/1dGr1c8CrMLDpV6mPbImSI,221307,4
Lover,1NAmidJlEaVgA3MpcPFYGq,2019-08-23,18,The Man,3RauEVgRgj1IuWdJ9fDs70,3.1726666666666667,,0.777,0.658,0,-5.191,1,0.054,0.0767,0.0,0.0901,0.633,110.048,audio_features,3RauEVgRgj1IuWdJ9fDs70,spotify:track:3RauEVgRgj1IuWdJ9fDs70,https://api.spotify.com/v1/tracks/3RauEVgRgj1IuWdJ9fDs70,https://api.spotify.com/v1/audio-analysis/3RauEVgRgj1IuWdJ9fDs70,190360,4
Lover,1NAmidJlEaVgA3MpcPFYGq,2019-08-23,18,The Archer,3pHkh7d0lzM2AldUtz2x37,3.5206666666666666,,0.292,0.574,0,-9.375,1,0.0401,0.12,0.00569,0.0663,0.166,124.344,audio_features,3pHkh7d0lzM2AldUtz2x37,spotify:track:3pHkh7d0lzM2AldUtz2x37,https://api.spotify.com/v1/tracks/3pHkh7d0lzM2AldUtz2x37,https://api.spotify.com/v1/audio-analysis/3pHkh7d0lzM2AldUtz2x37,211240,4
Lover,1NAmidJlEaVgA3MpcPFYGq,2019-08-23,18,I Think He Knows,2YWtcWi3a83pdEg3Gif4Pd,2.8897666666666666,,0.897,0.366,0,-8.029,1,0.0569,0.00889,0.000353,0.0715,0.416,100.003,audio_features,2YWtcWi3a83pdEg3Gif4Pd,spotify:track:2YWtcWi3a83pdEg3Gif4Pd,https://api.spotify.com/v1/tracks/2YWtcWi3a83pdEg3Gif4Pd,https://api.spotify.com/v1/audio-analysis/2YWtcWi3a83pdEg3Gif4Pd,173387,4
Lover,1NAmidJlEaVgA3MpcPFYGq,2019-08-23,18,Miss Americana & The Heartbreak Prince,214nt20w5wOxJnY462klLw,3.902433333333333,,0.662,0.747,11,-6.926,0,0.0736,0.028,0.00615,0.138,0.487,150.088,audio_features,214nt20w5wOxJnY462klLw,spotify:track:214nt20w5wOxJnY462klLw,https://api.spotify.com/v1/tracks/214nt20w5wOxJnY462klLw,https://api.spotify.com/v1/audio-analysis/214nt20w5wOxJnY462klLw,234147,4
Lover,1NAmidJlEaVgA3MpcPFYGq,2019-08-23,18,Paper Rings,4y5bvROuBDPr5fuwXbIBZR,3.7066666666666666,,0.811,0.719,9,-6.553,1,0.0497,0.0129,1.36e-05,0.0742,0.865,103.979,audio_features,4y5bvROuBDPr5fuwXbIBZR,spotify:track:4y5bvROuBDPr5fuwXbIBZR,https://api.spotify.com/v1/tracks/4y5bvROuBDPr5fuwXbIBZR,https://api.spotify.com/v1/audio-analysis/4y5bvROuBDPr5fuwXbIBZR,222400,4
Lover,1NAmidJlEaVgA3MpcPFYGq,2019-08-23,18,Cornelia Street,12M5uqx0ZuwkpLp5rJim1a,4.787766666666666,,0.824,0.624,0,-9.728,1,0.0827,0.781,0.000189,0.1,0.248,102.012,audio_features,12M5uqx0ZuwkpLp5rJim1a,spotify:track:12M5uqx0ZuwkpLp5rJim1a,https://api.spotify.com/v1/tracks/12M5uqx0ZuwkpLp5rJim1a,https://api.spotify.com/v1/audio-analysis/12M5uqx0ZuwkpLp5rJim1a,287267,4
Lover,1NAmidJlEaVgA3MpcPFYGq,2019-08-23,18,Death By A Thousand Cuts,2dgFqt3w9xIQRjhPtwNk3D,3.308883333333333,,0.712,0.732,4,-6.754,1,0.0629,0.454,0.0,0.319,0.313,94.071,audio_features,2dgFqt3w9xIQRjhPtwNk3D,spotify:track:2dgFqt3w9xIQRjhPtwNk3D,https://api.spotify.com/v1/tracks/2dgFqt3w9xIQRjhPtwNk3D,https://api.spotify.com/v1/audio-analysis/2dgFqt3w9xIQRjhPtwNk3D,198533,4
Lover,1NAmidJlEaVgA3MpcPFYGq,2019-08-23,18,London Boy,1LLXZFeAHK9R4xUramtUKw,3.1706666666666665,,0.695,0.71,1,-6.639,1,0.05,0.0246,0.000104,0.133,0.557,157.925,audio_features,1LLXZFeAHK9R4xUramtUKw,spotify:track:1LLXZFeAHK9R4xUramtUKw,https://api.spotify.com/v1/tracks/1LLXZFeAHK9R4xUramtUKw,https://api.spotify.com/v1/audio-analysis/1LLXZFeAHK9R4xUramtUKw,190240,4
Lover,1NAmidJlEaVgA3MpcPFYGq,2019-08-23,18,Soon You’ll Get Better (feat. The Chicks),4AYtqFyFbX0Xkc2wtcygTr,3.359766666666667,,0.433,0.182,0,-12.566,1,0.0641,0.907,0.0,0.123,0.421,207.476,audio_features,4AYtqFyFbX0Xkc2wtcygTr,spotify:track:4AYtqFyFbX0Xkc2wtcygTr,https://api.spotify.com/v1/tracks/4AYtqFyFbX0Xkc2wtcygTr,https://api.spotify.com/v1/audio-analysis/4AYtqFyFbX0Xkc2wtcygTr,201587,4
Lover,1NAmidJlEaVgA3MpcPFYGq,2019-08-23,18,False God,5hQSXkFgbxjZo9uCwd11so,3.338433333333333,,0.739,0.32,11,-10.862,0,0.239,0.736,0.000147,0.111,0.351,79.97,audio_features,5hQSXkFgbxjZo9uCwd11so,spotify:track:5hQSXkFgbxjZo9uCwd11so,https://api.spotify.com/v1/tracks/5hQSXkFgbxjZo9uCwd11so,https://api.spotify.com/v1/audio-analysis/5hQSXkFgbxjZo9uCwd11so,200307,4
Lover,1NAmidJlEaVgA3MpcPFYGq,2019-08-23,18,You Need To Calm Down,6RRNNciQGZEXnqk8SQ9yv5,2.856,,0.771,0.671,2,-5.617,1,0.0553,0.00929,0.0,0.0637,0.714,85.026,audio_features,6RRNNciQGZEXnqk8SQ9yv5,spotify:track:6RRNNciQGZEXnqk8SQ9yv5,https://api.spotify.com/v1/tracks/6RRNNciQGZEXnqk8SQ9yv5,https://api.spotify.com/v1/audio-analysis/6RRNNciQGZEXnqk8SQ9yv5,171360,4
Lover,1NAmidJlEaVgA3MpcPFYGq,2019-08-23,18,Afterglow,1SymEzIT3H8UZfibCs3TYi,3.72155,,0.756,0.449,9,-8.746,1,0.0344,0.13,0.0,0.114,0.399,111.011,audio_features,1SymEzIT3H8UZfibCs3TYi,spotify:track:1SymEzIT3H8UZfibCs3TYi,https://api.spotify.com/v1/tracks/1SymEzIT3H8UZfibCs3TYi,https://api.spotify.com/v1/audio-analysis/1SymEzIT3H8UZfibCs3TYi,223293,4
Lover,1NAmidJlEaVgA3MpcPFYGq,2019-08-23,18,ME! (feat. Brendon Urie of Panic! At The Disco),2Rk4JlNc2TPmZe2af99d45,3.216666666666667,,0.61,0.83,0,-4.105,1,0.0571,0.033,0.0,0.118,0.728,182.162,audio_features,2Rk4JlNc2TPmZe2af99d45,spotify:track:2Rk4JlNc2TPmZe2af99d45,https://api.spotify.com/v1/tracks/2Rk4JlNc2TPmZe2af99d45,https://api.spotify.com/v1/audio-analysis/2Rk4JlNc2TPmZe2af99d45,193000,4
Lover,1NAmidJlEaVgA3MpcPFYGq,2019-08-23,18,It’s Nice To Have A Friend,1SmiQ65iSAbPto6gPFlBYm,2.5073333333333334,,0.737,0.175,10,-9.912,1,0.0401,0.971,0.000337,0.171,0.545,70.008,audio_features,1SmiQ65iSAbPto6gPFlBYm,spotify:track:1SmiQ65iSAbPto6gPFlBYm,https://api.spotify.com/v1/tracks/1SmiQ65iSAbPto6gPFlBYm,https://api.spotify.com/v1/audio-analysis/1SmiQ65iSAbPto6gPFlBYm,150440,4
Lover,1NAmidJlEaVgA3MpcPFYGq,2019-08-23,18,Daylight,1fzAuUVbzlhZ1lJAx9PtY6,4.890883333333333,,0.557,0.496,0,-9.602,1,0.0563,0.808,0.000173,0.0772,0.265,149.983,audio_features,1fzAuUVbzlhZ1lJAx9PtY6,spotify:track:1fzAuUVbzlhZ1lJAx9PtY6,https://api.spotify.com/v1/tracks/1fzAuUVbzlhZ1lJAx9PtY6,https://api.spotify.com/v1/audio-analysis/1fzAuUVbzlhZ1lJAx9PtY6,293453,4
reputation,6DEjYFkNZh67HP7R9PSZvv,2017-11-10,15,...Ready For It?,2yLa0QULdQr0qAIvVwN6B5,3.4697666666666667,,0.613,0.764,2,-6.509,1,0.136,0.0527,0.0,0.197,0.417,160.015,audio_features,2yLa0QULdQr0qAIvVwN6B5,spotify:track:2yLa0QULdQr0qAIvVwN6B5,https://api.spotify.com/v1/tracks/2yLa0QULdQr0qAIvVwN6B5,https://api.spotify.com/v1/audio-analysis/2yLa0QULdQr0qAIvVwN6B5,208187,4
reputation,6DEjYFkNZh67HP7R9PSZvv,2017-11-10,15,End Game,2x0WlnmfG39ZuDmstl9xfX,4.080433333333334,,0.649,0.589,2,-6.237,1,0.0558,0.00845,0.0,0.108,0.151,159.073,audio_features,2x0WlnmfG39ZuDmstl9xfX,spotify:track:2x0WlnmfG39ZuDmstl9xfX,https://api.spotify.com/v1/tracks/2x0WlnmfG39ZuDmstl9xfX,https://api.spotify.com/v1/audio-analysis/2x0WlnmfG39ZuDmstl9xfX,244827,4
reputation,6DEjYFkNZh67HP7R9PSZvv,2017-11-10,15,I Did Something Bad,4svZDCRz4cJoneBpjpx8DJ,3.9708833333333335,,0.696,0.602,0,-6.156,0,0.159,0.0679,2.11e-05,0.0696,0.305,82.989,audio_features,4svZDCRz4cJoneBpjpx8DJ,spotify:track:4svZDCRz4cJoneBpjpx8DJ,https://api.spotify.com/v1/tracks/4svZDCRz4cJoneBpjpx8DJ,https://api.spotify.com/v1/audio-analysis/4svZDCRz4cJoneBpjpx8DJ,238253,4
reputation,6DEjYFkNZh67HP7R9PSZvv,2017-11-10,15,Don’t Blame Me,1R0a2iXumgCiFb7HEZ7gUE,3.9402166666666663,,0.615,0.534,9,-6.719,0,0.0386,0.106,1.76e-05,0.0607,0.193,135.917,audio_features,1R0a2iXumgCiFb7HEZ7gUE,spotify:track:1R0a2iXumgCiFb7HEZ7gUE,https://api.spotify.com/v1/tracks/1R0a2iXumgCiFb7HEZ7gUE,https://api.spotify.com/v1/audio-analysis/1R0a2iXumgCiFb7HEZ7gUE,236413,4
reputation,6DEjYFkNZh67HP7R9PSZvv,2017-11-10,15,Delicate,6NFyWDv5CjfwuzoCkw47Xf,3.8708833333333335,,0.75,0.404,9,-10.178,0,0.0682,0.216,0.000357,0.0911,0.0499,95.045,audio_features,6NFyWDv5CjfwuzoCkw47Xf,spotify:track:6NFyWDv5CjfwuzoCkw47Xf,https://api.spotify.com/v1/tracks/6NFyWDv5CjfwuzoCkw47Xf,https://api.spotify.com/v1/audio-analysis/6NFyWDv5CjfwuzoCkw47Xf,232253,4
reputation,6DEjYFkNZh67HP7R9PSZvv,2017-11-10,15,Look What You Made Me Do,1P17dC1amhFzptugyAO7Il,3.530883333333333,,0.766,0.709,9,-6.471,0,0.123,0.204,1.41e-05,0.126,0.506,128.07,audio_features,1P17dC1amhFzptugyAO7Il,spotify:track:1P17dC1amhFzptugyAO7Il,https://api.spotify.com/v1/tracks/1P17dC1amhFzptugyAO7Il,https://api.spotify.com/v1/audio-analysis/1P17dC1amhFzptugyAO7Il,211853,4
reputation,6DEjYFkNZh67HP7R9PSZvv,2017-11-10,15,So It Goes...,5PxFv9yJEg9dxvbZggykro,3.7984333333333336,,0.574,0.61,2,-7.283,1,0.0732,0.122,1.1e-06,0.13,0.374,74.957,audio_features,5PxFv9yJEg9dxvbZggykro,spotify:track:5PxFv9yJEg9dxvbZggykro,https://api.spotify.com/v1/tracks/5PxFv9yJEg9dxvbZggykro,https://api.spotify.com/v1/audio-analysis/5PxFv9yJEg9dxvbZggykro,227907,4
reputation,6DEjYFkNZh67HP7R9PSZvv,2017-11-10,15,Gorgeous,1ZY1PqizIl78geGM4xWlEA,3.494666666666667,,0.8,0.535,7,-6.684,1,0.135,0.0713,9.48e-06,0.213,0.451,92.027,audio_features,1ZY1PqizIl78geGM4xWlEA,spotify:track:1ZY1PqizIl78geGM4xWlEA,https://api.spotify.com/v1/tracks/1ZY1PqizIl78geGM4xWlEA,https://api.spotify.com/v1/audio-analysis/1ZY1PqizIl78geGM4xWlEA,209680,4
reputation,6DEjYFkNZh67HP7R9PSZvv,2017-11-10,15,Getaway Car,0VE4kBnHJUgtMf0dy6DRmW,3.8937666666666666,,0.562,0.689,2,-6.745,1,0.127,0.00465,2.23e-06,0.0888,0.351,172.054,audio_features,0VE4kBnHJUgtMf0dy6DRmW,spotify:track:0VE4kBnHJUgtMf0dy6DRmW,https://api.spotify.com/v1/tracks/0VE4kBnHJUgtMf0dy6DRmW,https://api.spotify.com/v1/audio-analysis/0VE4kBnHJUgtMf0dy6DRmW,233627,4
reputation,6DEjYFkNZh67HP7R9PSZvv,2017-11-10,15,King Of My Heart,7HuBDWi18s4aJM8UFnNheH,3.572,,0.675,0.703,0,-7.902,1,0.0382,0.00882,2.21e-06,0.0391,0.314,110.01,audio_features,7HuBDWi18s4aJM8UFnNheH,spotify:track:7HuBDWi18s4aJM8UFnNheH,https://api.spotify.com/v1/tracks/7HuBDWi18s4aJM8UFnNheH,https://api.spotify.com/v1/audio-analysis/7HuBDWi18s4aJM8UFnNheH,214320,4
reputation,6DEjYFkNZh67HP7R9PSZvv,2017-11-10,15,Dancing With Our Hands Tied,7I7JbDv63ZJJsSi24DyJrz,3.5251,,0.624,0.691,0,-6.686,0,0.196,0.0604,1.1e-05,0.138,0.284,160.024,audio_features,7I7JbDv63ZJJsSi24DyJrz,spotify:track:7I7JbDv63ZJJsSi24DyJrz,https://api.spotify.com/v1/tracks/7I7JbDv63ZJJsSi24DyJrz,https://api.spotify.com/v1/audio-analysis/7I7JbDv63ZJJsSi24DyJrz,211507,4
reputation,6DEjYFkNZh67HP7R9PSZvv,2017-11-10,15,Dress,6oVxXO5oQ4pTpO8RSnkzvv,3.83955,,0.719,0.469,0,-8.792,1,0.0533,0.0329,0.0,0.169,0.0851,120.085,audio_features,6oVxXO5oQ4pTpO8RSnkzvv,spotify:track:6oVxXO5oQ4pTpO8RSnkzvv,https://api.spotify.com/v1/tracks/6oVxXO5oQ4pTpO8RSnkzvv,https://api.spotify.com/v1/audio-analysis/6oVxXO5oQ4pTpO8RSnkzvv,230373,4
reputation,6DEjYFkNZh67HP7R9PSZvv,2017-11-10,15,This Is Why We Can't Have Nice Things,07NxDD1iKCHbAldceD7QLP,3.4522166666666667,,0.567,0.789,5,-5.986,1,0.115,0.0156,0.0,0.382,0.438,163.96,audio_features,07NxDD1iKCHbAldceD7QLP,spotify:track:07NxDD1iKCHbAldceD7QLP,https://api.spotify.com/v1/tracks/07NxDD1iKCHbAldceD7QLP,https://api.spotify.com/v1/audio-analysis/07NxDD1iKCHbAldceD7QLP,207133,4
reputation,6DEjYFkNZh67HP7R9PSZvv,2017-11-10,15,Call It What You Want,1GwMQaZz6Au3QLDbjbMdme,3.391766666666667,,0.598,0.504,9,-9.874,1,0.0731,0.186,0.000221,0.34,0.252,163.954,audio_features,1GwMQaZz6Au3QLDbjbMdme,spotify:track:1GwMQaZz6Au3QLDbjbMdme,https://api.spotify.com/v1/tracks/1GwMQaZz6Au3QLDbjbMdme,https://api.spotify.com/v1/audio-analysis/1GwMQaZz6Au3QLDbjbMdme,203507,4
reputation,6DEjYFkNZh67HP7R9PSZvv,2017-11-10,15,New Year’s Day,7F5oktn5YOsR9eR5YsFtqb,3.924433333333333,,0.661,0.151,0,-12.864,1,0.0354,0.921,0.0,0.13,0.23,94.922,audio_features,7F5oktn5YOsR9eR5YsFtqb,spotify:track:7F5oktn5YOsR9eR5YsFtqb,https://api.spotify.com/v1/tracks/7F5oktn5YOsR9eR5YsFtqb,https://api.spotify.com/v1/audio-analysis/7F5oktn5YOsR9eR5YsFtqb,235467,4
reputation Stadium Tour Surprise Song Playlist,1MPAXuTVL2Ej5x0JHiSPq8,2017-11-09,46,All Too Well,00vJzaoxM3Eja1doBUhX0P,5.486,,0.463,0.605,0,-7.803,1,0.0293,0.0448,0.000334,0.128,0.317,186.113,audio_features,00vJzaoxM3Eja1doBUhX0P,spotify:track:00vJzaoxM3Eja1doBUhX0P,https://api.spotify.com/v1/tracks/00vJzaoxM3Eja1doBUhX0P,https://api.spotify.com/v1/audio-analysis/00vJzaoxM3Eja1doBUhX0P,329160,4
reputation Stadium Tour Surprise Song Playlist,1MPAXuTVL2Ej5x0JHiSPq8,2017-11-09,46,Wildest Dreams,22C0JIVhFaczZ4t9heqREN,3.674,,0.55,0.688,8,-7.416,1,0.0904,0.0703,0.00138,0.106,0.461,139.998,audio_features,22C0JIVhFaczZ4t9heqREN,spotify:track:22C0JIVhFaczZ4t9heqREN,https://api.spotify.com/v1/tracks/22C0JIVhFaczZ4t9heqREN,https://api.spotify.com/v1/audio-analysis/22C0JIVhFaczZ4t9heqREN,220440,4
reputation Stadium Tour Surprise Song Playlist,1MPAXuTVL2Ej5x0JHiSPq8,2017-11-09,46,The Best Day,7APTsjmZbj7TFXQJAiRti4,4.1051,,0.668,0.448,1,-8.567,1,0.0285,0.638,4.1e-06,0.158,0.386,126.066,audio_features,7APTsjmZbj7TFXQJAiRti4,spotify:track:7APTsjmZbj7TFXQJAiRti4,https://api.spotify.com/v1/tracks/7APTsjmZbj7TFXQJAiRti4,https://api.spotify.com/v1/audio-analysis/7APTsjmZbj7TFXQJAiRti4,246307,4
reputation Stadium Tour Surprise Song Playlist,1MPAXuTVL2Ej5x0JHiSPq8,2017-11-09,46,Red,4V9NuhKQcUFt4cgbynHV79,3.7182166666666663,,0.605,0.899,1,-4.273,0,0.0423,0.0779,0.000124,0.0911,0.647,124.982,audio_features,4V9NuhKQcUFt4cgbynHV79,spotify:track:4V9NuhKQcUFt4cgbynHV79,https://api.spotify.com/v1/tracks/4V9NuhKQcUFt4cgbynHV79,https://api.spotify.com/v1/audio-analysis/4V9NuhKQcUFt4cgbynHV79,223093,4
reputation Stadium Tour Surprise Song Playlist,1MPAXuTVL2Ej5x0JHiSPq8,2017-11-09,46,Holy Ground,4hCZk6WJBFQeG3P7WsyntI,3.3826666666666667,,0.627,0.816,4,-6.698,1,0.0774,0.0159,0.0022,0.0965,0.648,157.043,audio_features,4hCZk6WJBFQeG3P7WsyntI,spotify:track:4hCZk6WJBFQeG3P7WsyntI,https://api.spotify.com/v1/tracks/4hCZk6WJBFQeG3P7WsyntI,https://api.spotify.com/v1/audio-analysis/4hCZk6WJBFQeG3P7WsyntI,202960,4
reputation Stadium Tour Surprise Song Playlist,1MPAXuTVL2Ej5x0JHiSPq8,2017-11-09,46,Teardrops On My Guitar - Radio Single Remix,7eGeUVeCEvEQrivmjl9Qn3,3.411766666666667,,0.626,0.427,10,-6.993,1,0.0234,0.315,0.0,0.138,0.265,99.962,audio_features,7eGeUVeCEvEQrivmjl9Qn3,spotify:track:7eGeUVeCEvEQrivmjl9Qn3,https://api.spotify.com/v1/tracks/7eGeUVeCEvEQrivmjl9Qn3,https://api.spotify.com/v1/audio-analysis/7eGeUVeCEvEQrivmjl9Qn3,204707,4
reputation Stadium Tour Surprise Song Playlist,1MPAXuTVL2Ej5x0JHiSPq8,2017-11-09,46,Our Song,7qGr3rjRhndRIpFUA5f2HJ,3.3906666666666667,,0.545,0.663,2,-5.05,1,0.0363,0.114,0.0,0.321,0.565,178.016,audio_features,7qGr3rjRhndRIpFUA5f2HJ,spotify:track:7qGr3rjRhndRIpFUA5f2HJ,https://api.spotify.com/v1/tracks/7qGr3rjRhndRIpFUA5f2HJ,https://api.spotify.com/v1/audio-analysis/7qGr3rjRhndRIpFUA5f2HJ,203440,4
reputation Stadium Tour Surprise Song Playlist,1MPAXuTVL2Ej5x0JHiSPq8,2017-11-09,46,22,2P5gfMtCcKP0CkmgqFMyPg,3.8686666666666665,,0.66,0.732,7,-6.565,1,0.0379,0.00254,0.00146,0.0473,0.677,104.009,audio_features,2P5gfMtCcKP0CkmgqFMyPg,spotify:track:2P5gfMtCcKP0CkmgqFMyPg,https://api.spotify.com/v1/tracks/2P5gfMtCcKP0CkmgqFMyPg,https://api.spotify.com/v1/audio-analysis/2P5gfMtCcKP0CkmgqFMyPg,232120,4
reputation Stadium Tour Surprise Song Playlist,1MPAXuTVL2Ej5x0JHiSPq8,2017-11-09,46,I Knew You Were Trouble.,2o2IVjuqRkR9hJxtPjtAP0,3.662,,0.536,0.464,6,-6.761,1,0.0412,0.00476,2.74e-06,0.0358,0.666,77.318,audio_features,2o2IVjuqRkR9hJxtPjtAP0,spotify:track:2o2IVjuqRkR9hJxtPjtAP0,https://api.spotify.com/v1/tracks/2o2IVjuqRkR9hJxtPjtAP0,https://api.spotify.com/v1/audio-analysis/2o2IVjuqRkR9hJxtPjtAP0,219720,4
reputation Stadium Tour Surprise Song Playlist,1MPAXuTVL2Ej5x0JHiSPq8,2017-11-09,46,I Don’t Wanna Live Forever (Fifty Shades Darker),55n9yjI6qqXh5F2mYvUc2y,4.1193333333333335,,0.73,0.444,0,-8.418,1,0.0538,0.059,1.8e-05,0.14,0.106,117.979,audio_features,55n9yjI6qqXh5F2mYvUc2y,spotify:track:55n9yjI6qqXh5F2mYvUc2y,https://api.spotify.com/v1/tracks/55n9yjI6qqXh5F2mYvUc2y,https://api.spotify.com/v1/audio-analysis/55n9yjI6qqXh5F2mYvUc2y,247160,4
reputation Stadium Tour Surprise Song Playlist,1MPAXuTVL2Ej5x0JHiSPq8,2017-11-09,46,Mean,5rcHBt2aNcGFWW0jaAUe1L,3.9782166666666665,,0.576,0.755,4,-3.982,1,0.0427,0.449,0.0,0.223,0.791,163.884,audio_features,5rcHBt2aNcGFWW0jaAUe1L,spotify:track:5rcHBt2aNcGFWW0jaAUe1L,https://api.spotify.com/v1/tracks/5rcHBt2aNcGFWW0jaAUe1L,https://api.spotify.com/v1/audio-analysis/5rcHBt2aNcGFWW0jaAUe1L,238693,4
reputation Stadium Tour Surprise Song Playlist,1MPAXuTVL2Ej5x0JHiSPq8,2017-11-09,46,How You Get The Girl,3aSYZ4upQ6OSNos26YeVWL,4.12555,,0.764,0.657,5,-6.112,1,0.0503,0.00363,0.00899,0.0918,0.546,119.995,audio_features,3aSYZ4upQ6OSNos26YeVWL,spotify:track:3aSYZ4upQ6OSNos26YeVWL,https://api.spotify.com/v1/tracks/3aSYZ4upQ6OSNos26YeVWL,https://api.spotify.com/v1/audio-analysis/3aSYZ4upQ6OSNos26YeVWL,247533,4
reputation Stadium Tour Surprise Song Playlist,1MPAXuTVL2Ej5x0JHiSPq8,2017-11-09,46,So It Goes...,41T04yafZVrjNq2FqvLtId,3.7984333333333336,,0.578,0.61,2,-7.283,1,0.0676,0.122,1.1e-06,0.13,0.371,74.996,audio_features,41T04yafZVrjNq2FqvLtId,spotify:track:41T04yafZVrjNq2FqvLtId,https://api.spotify.com/v1/tracks/41T04yafZVrjNq2FqvLtId,https://api.spotify.com/v1/audio-analysis/41T04yafZVrjNq2FqvLtId,227907,4
reputation Stadium Tour Surprise Song Playlist,1MPAXuTVL2Ej5x0JHiSPq8,2017-11-09,46,Fifteen,0H2UD0LfSCiRr59YMGlCuS,4.922,,0.549,0.63,7,-4.436,1,0.027,0.07,0.0,0.138,0.217,95.124,audio_features,0H2UD0LfSCiRr59YMGlCuS,spotify:track:0H2UD0LfSCiRr59YMGlCuS,https://api.spotify.com/v1/tracks/0H2UD0LfSCiRr59YMGlCuS,https://api.spotify.com/v1/audio-analysis/0H2UD0LfSCiRr59YMGlCuS,295320,4
reputation Stadium Tour Surprise Song Playlist,1MPAXuTVL2Ej5x0JHiSPq8,2017-11-09,46,Mine,6FmJKLpyCt42nP2IOVEVc2,3.864433333333333,,0.622,0.781,7,-2.945,1,0.0302,0.00311,3.1e-06,0.187,0.662,121.029,audio_features,6FmJKLpyCt42nP2IOVEVc2,spotify:track:6FmJKLpyCt42nP2IOVEVc2,https://api.spotify.com/v1/tracks/6FmJKLpyCt42nP2IOVEVc2,https://api.spotify.com/v1/audio-analysis/6FmJKLpyCt42nP2IOVEVc2,231867,4
reputation Stadium Tour Surprise Song Playlist,1MPAXuTVL2Ej5x0JHiSPq8,2017-11-09,46,Sparks Fly,5h2sBwpUSAndjObfU3ti2r,4.382,,0.61,0.782,5,-2.98,1,0.0309,0.041,0.0,0.16,0.399,114.974,audio_features,5h2sBwpUSAndjObfU3ti2r,spotify:track:5h2sBwpUSAndjObfU3ti2r,https://api.spotify.com/v1/tracks/5h2sBwpUSAndjObfU3ti2r,https://api.spotify.com/v1/audio-analysis/5h2sBwpUSAndjObfU3ti2r,262920,4
reputation Stadium Tour Surprise Song Playlist,1MPAXuTVL2Ej5x0JHiSPq8,2017-11-09,46,State Of Grace,0YRGTdfmJPALpglAaraYUr,4.9286666666666665,,0.591,0.828,4,-5.895,1,0.0333,0.000182,0.00115,0.0879,0.383,129.958,audio_features,0YRGTdfmJPALpglAaraYUr,spotify:track:0YRGTdfmJPALpglAaraYUr,https://api.spotify.com/v1/tracks/0YRGTdfmJPALpglAaraYUr,https://api.spotify.com/v1/audio-analysis/0YRGTdfmJPALpglAaraYUr,295720,4
reputation Stadium Tour Surprise Song Playlist,1MPAXuTVL2Ej5x0JHiSPq8,2017-11-09,46,Haunted,6CB7DczrX9ZJB9Wkjegmaq,4.090216666666667,,0.43,0.948,5,-2.622,1,0.0605,0.0655,0.0,0.0612,0.371,162.026,audio_features,6CB7DczrX9ZJB9Wkjegmaq,spotify:track:6CB7DczrX9ZJB9Wkjegmaq,https://api.spotify.com/v1/tracks/6CB7DczrX9ZJB9Wkjegmaq,https://api.spotify.com/v1/audio-analysis/6CB7DczrX9ZJB9Wkjegmaq,245413,4
reputation Stadium Tour Surprise Song Playlist,1MPAXuTVL2Ej5x0JHiSPq8,2017-11-09,46,Never Grow Up,1UPDfqsVIZLEiZeMuUsni2,4.882,,0.714,0.309,2,-8.828,1,0.0302,0.824,0.0,0.136,0.546,124.892,audio_features,1UPDfqsVIZLEiZeMuUsni2,spotify:track:1UPDfqsVIZLEiZeMuUsni2,https://api.spotify.com/v1/tracks/1UPDfqsVIZLEiZeMuUsni2,https://api.spotify.com/v1/audio-analysis/1UPDfqsVIZLEiZeMuUsni2,292920,4
reputation Stadium Tour Surprise Song Playlist,1MPAXuTVL2Ej5x0JHiSPq8,2017-11-09,46,Treacherous,0r3U7SOcoj4DIEyN44Lt5z,4.046,,0.704,0.621,2,-8.086,1,0.0334,0.101,4.3e-06,0.14,0.395,109.996,audio_features,0r3U7SOcoj4DIEyN44Lt5z,spotify:track:0r3U7SOcoj4DIEyN44Lt5z,https://api.spotify.com/v1/tracks/0r3U7SOcoj4DIEyN44Lt5z,https://api.spotify.com/v1/audio-analysis/0r3U7SOcoj4DIEyN44Lt5z,242760,4
reputation Stadium Tour Surprise Song Playlist,1MPAXuTVL2Ej5x0JHiSPq8,2017-11-09,46,Babe,40PXEOFLJc7UIpLMrhSfW1,3.5851,,0.577,0.785,1,-3.266,0,0.102,0.0221,0.0,0.125,0.647,171.78,audio_features,40PXEOFLJc7UIpLMrhSfW1,spotify:track:40PXEOFLJc7UIpLMrhSfW1,https://api.spotify.com/v1/tracks/40PXEOFLJc7UIpLMrhSfW1,https://api.spotify.com/v1/audio-analysis/40PXEOFLJc7UIpLMrhSfW1,215107,4
reputation Stadium Tour Surprise Song Playlist,1MPAXuTVL2Ej5x0JHiSPq8,2017-11-09,46,Welcome To New York,3YLA3NgzFRRa7LiHMtFPby,3.543333333333333,,0.789,0.634,7,-4.762,1,0.0323,0.0348,1.69e-06,0.302,0.658,117.0,audio_features,3YLA3NgzFRRa7LiHMtFPby,spotify:track:3YLA3NgzFRRa7LiHMtFPby,https://api.spotify.com/v1/tracks/3YLA3NgzFRRa7LiHMtFPby,https://api.spotify.com/v1/audio-analysis/3YLA3NgzFRRa7LiHMtFPby,212600,4
reputation Stadium Tour Surprise Song Playlist,1MPAXuTVL2Ej5x0JHiSPq8,2017-11-09,46,Fearless,43sE2O3skbGBpT2tO6fzv9,4.04955,,0.603,0.717,5,-4.401,1,0.0272,0.0381,0.0,0.307,0.429,100.163,audio_features,43sE2O3skbGBpT2tO6fzv9,spotify:track:43sE2O3skbGBpT2tO6fzv9,https://api.spotify.com/v1/tracks/43sE2O3skbGBpT2tO6fzv9,https://api.spotify.com/v1/audio-analysis/43sE2O3skbGBpT2tO6fzv9,242973,4
reputation Stadium Tour Surprise Song Playlist,1MPAXuTVL2Ej5x0JHiSPq8,2017-11-09,46,Enchanted,5lg33MHs1BoUtJVClw8ZpI,5.88755,,0.536,0.629,8,-3.907,1,0.0275,0.0707,0.00117,0.158,0.222,81.963,audio_features,5lg33MHs1BoUtJVClw8ZpI,spotify:track:5lg33MHs1BoUtJVClw8ZpI,https://api.spotify.com/v1/tracks/5lg33MHs1BoUtJVClw8ZpI,https://api.spotify.com/v1/audio-analysis/5lg33MHs1BoUtJVClw8ZpI,353253,4
reputation Stadium Tour Surprise Song Playlist,1MPAXuTVL2Ej5x0JHiSPq8,2017-11-09,46,Change,5PSOWHll3h3Vy226xSJk0M,4.684216666666667,,0.543,0.764,5,-4.206,1,0.0377,0.00418,0.0,0.111,0.233,95.999,audio_features,5PSOWHll3h3Vy226xSJk0M,spotify:track:5PSOWHll3h3Vy226xSJk0M,https://api.spotify.com/v1/tracks/5PSOWHll3h3Vy226xSJk0M,https://api.spotify.com/v1/audio-analysis/5PSOWHll3h3Vy226xSJk0M,281053,4
reputation Stadium Tour Surprise Song Playlist,1MPAXuTVL2Ej5x0JHiSPq8,2017-11-09,46,Ours,0V3SNHDka1JSCP71HAzpxw,3.9891,,0.609,0.56,0,-7.392,1,0.0279,0.469,0.0,0.087,0.228,159.838,audio_features,0V3SNHDka1JSCP71HAzpxw,spotify:track:0V3SNHDka1JSCP71HAzpxw,https://api.spotify.com/v1/tracks/0V3SNHDka1JSCP71HAzpxw,https://api.spotify.com/v1/audio-analysis/0V3SNHDka1JSCP71HAzpxw,239347,4
reputation Stadium Tour Surprise Song Playlist,1MPAXuTVL2Ej5x0JHiSPq8,2017-11-09,46,Out Of The Woods,0GmfiNHSgkKamYgQEMYOH3,3.93,,0.553,0.841,7,-6.937,1,0.0397,0.000743,1.07e-05,0.341,0.339,91.999,audio_features,0GmfiNHSgkKamYgQEMYOH3,spotify:track:0GmfiNHSgkKamYgQEMYOH3,https://api.spotify.com/v1/tracks/0GmfiNHSgkKamYgQEMYOH3,https://api.spotify.com/v1/audio-analysis/0GmfiNHSgkKamYgQEMYOH3,235800,4
reputation Stadium Tour Surprise Song Playlist,1MPAXuTVL2Ej5x0JHiSPq8,2017-11-09,46,Come Back...Be Here,5hiqtrACtMJkNpaNHj0n9Z,3.732,,0.486,0.548,4,-6.291,1,0.0256,0.00471,2.06e-06,0.0997,0.22,79.873,audio_features,5hiqtrACtMJkNpaNHj0n9Z,spotify:track:5hiqtrACtMJkNpaNHj0n9Z,https://api.spotify.com/v1/tracks/5hiqtrACtMJkNpaNHj0n9Z,https://api.spotify.com/v1/audio-analysis/5hiqtrACtMJkNpaNHj0n9Z,223920,4
reputation Stadium Tour Surprise Song Playlist,1MPAXuTVL2Ej5x0JHiSPq8,2017-11-09,46,A Place in this World,2RSYYe7LhKFxIi50T5XtUo,3.368,,0.573,0.767,9,-2.929,1,0.0323,0.0576,0.0,0.327,0.438,114.985,audio_features,2RSYYe7LhKFxIi50T5XtUo,spotify:track:2RSYYe7LhKFxIi50T5XtUo,https://api.spotify.com/v1/tracks/2RSYYe7LhKFxIi50T5XtUo,https://api.spotify.com/v1/audio-analysis/2RSYYe7LhKFxIi50T5XtUo,202080,4
reputation Stadium Tour Surprise Song Playlist,1MPAXuTVL2Ej5x0JHiSPq8,2017-11-09,46,This Love,64KRxmbqypPBlya4nxFmDn,4.168216666666667,,0.48,0.435,4,-8.795,1,0.0319,0.679,0.0,0.0928,0.108,143.942,audio_features,64KRxmbqypPBlya4nxFmDn,spotify:track:64KRxmbqypPBlya4nxFmDn,https://api.spotify.com/v1/tracks/64KRxmbqypPBlya4nxFmDn,https://api.spotify.com/v1/audio-analysis/64KRxmbqypPBlya4nxFmDn,250093,4
reputation Stadium Tour Surprise Song Playlist,1MPAXuTVL2Ej5x0JHiSPq8,2017-11-09,46,The Lucky One,24ksPWXKg1k7OOG57pufED,4.004433333333333,,0.706,0.505,4,-7.639,1,0.0358,0.0352,0.0,0.13,0.561,117.935,audio_features,24ksPWXKg1k7OOG57pufED,spotify:track:24ksPWXKg1k7OOG57pufED,https://api.spotify.com/v1/tracks/24ksPWXKg1k7OOG57pufED,https://api.spotify.com/v1/audio-analysis/24ksPWXKg1k7OOG57pufED,240267,4
reputation Stadium Tour Surprise Song Playlist,1MPAXuTVL2Ej5x0JHiSPq8,2017-11-09,46,Invisible,0kqC185OTcnuhbz4T7g5RB,3.430883333333333,,0.608,0.384,7,-5.732,1,0.0246,0.56,0.0,0.165,0.217,95.963,audio_features,0kqC185OTcnuhbz4T7g5RB,spotify:track:0kqC185OTcnuhbz4T7g5RB,https://api.spotify.com/v1/tracks/0kqC185OTcnuhbz4T7g5RB,https://api.spotify.com/v1/audio-analysis/0kqC185OTcnuhbz4T7g5RB,205853,4
reputation Stadium Tour Surprise Song Playlist,1MPAXuTVL2Ej5x0JHiSPq8,2017-11-09,46,Breathe,3oxgFdIlxFEDEJqn7k5TVN,4.415766666666666,,0.442,0.48,1,-7.405,1,0.0281,0.416,0.0,0.129,0.167,73.849,audio_features,3oxgFdIlxFEDEJqn7k5TVN,spotify:track:3oxgFdIlxFEDEJqn7k5TVN,https://api.spotify.com/v1/tracks/3oxgFdIlxFEDEJqn7k5TVN,https://api.spotify.com/v1/audio-analysis/3oxgFdIlxFEDEJqn7k5TVN,264947,4
reputation Stadium Tour Surprise Song Playlist,1MPAXuTVL2Ej5x0JHiSPq8,2017-11-09,46,Better Man,3EXetjrGgwIjDRNn6YA8sa,4.39355,,0.503,0.844,5,-3.648,1,0.0379,0.121,0.0,0.0974,0.508,143.941,audio_features,3EXetjrGgwIjDRNn6YA8sa,spotify:track:3EXetjrGgwIjDRNn6YA8sa,https://api.spotify.com/v1/tracks/3EXetjrGgwIjDRNn6YA8sa,https://api.spotify.com/v1/audio-analysis/3EXetjrGgwIjDRNn6YA8sa,263613,4
reputation Stadium Tour Surprise Song Playlist,1MPAXuTVL2Ej5x0JHiSPq8,2017-11-09,46,Jump Then Fall,5zytSTR2g0I9psX2Z12ex6,3.9682166666666663,,0.617,0.699,2,-5.712,1,0.0271,0.113,0.0,0.074,0.827,79.979,audio_features,5zytSTR2g0I9psX2Z12ex6,spotify:track:5zytSTR2g0I9psX2Z12ex6,https://api.spotify.com/v1/tracks/5zytSTR2g0I9psX2Z12ex6,https://api.spotify.com/v1/audio-analysis/5zytSTR2g0I9psX2Z12ex6,238093,4
reputation Stadium Tour Surprise Song Playlist,1MPAXuTVL2Ej5x0JHiSPq8,2017-11-09,46,Begin Again,2G679wnKfyhUOeNx910OXg,3.990433333333333,,0.516,0.526,7,-8.349,1,0.0269,0.197,3.49e-06,0.14,0.312,78.985,audio_features,2G679wnKfyhUOeNx910OXg,spotify:track:2G679wnKfyhUOeNx910OXg,https://api.spotify.com/v1/tracks/2G679wnKfyhUOeNx910OXg,https://api.spotify.com/v1/audio-analysis/2G679wnKfyhUOeNx910OXg,239427,4
reputation Stadium Tour Surprise Song Playlist,1MPAXuTVL2Ej5x0JHiSPq8,2017-11-09,46,Tied Together with a Smile,4qNEi8zGIYLiMtoW8OaJdx,4.186883333333333,,0.478,0.547,2,-4.948,1,0.0275,0.523,0.0,0.0728,0.238,146.134,audio_features,4qNEi8zGIYLiMtoW8OaJdx,spotify:track:4qNEi8zGIYLiMtoW8OaJdx,https://api.spotify.com/v1/tracks/4qNEi8zGIYLiMtoW8OaJdx,https://api.spotify.com/v1/audio-analysis/4qNEi8zGIYLiMtoW8OaJdx,251213,4
reputation Stadium Tour Surprise Song Playlist,1MPAXuTVL2Ej5x0JHiSPq8,2017-11-09,46,The Story Of Us,2fF3QzbGCrtrDXIdWcg1mv,4.460883333333333,,0.547,0.807,4,-3.63,1,0.0398,0.00556,0.000318,0.0588,0.645,139.911,audio_features,2fF3QzbGCrtrDXIdWcg1mv,spotify:track:2fF3QzbGCrtrDXIdWcg1mv,https://api.spotify.com/v1/tracks/2fF3QzbGCrtrDXIdWcg1mv,https://api.spotify.com/v1/audio-analysis/2fF3QzbGCrtrDXIdWcg1mv,267653,4
reputation Stadium Tour Surprise Song Playlist,1MPAXuTVL2Ej5x0JHiSPq8,2017-11-09,46,Forever & Always,0QCS4NpURHvWdF1icdkfBw,3.77155,,0.607,0.829,10,-5.02,1,0.0587,0.0805,0.0,0.207,0.521,128.055,audio_features,0QCS4NpURHvWdF1icdkfBw,spotify:track:0QCS4NpURHvWdF1icdkfBw,https://api.spotify.com/v1/tracks/0QCS4NpURHvWdF1icdkfBw,https://api.spotify.com/v1/audio-analysis/0QCS4NpURHvWdF1icdkfBw,226293,4
reputation Stadium Tour Surprise Song Playlist,1MPAXuTVL2Ej5x0JHiSPq8,2017-11-09,46,Hey Stephen,0TYJbIHBtmWy9ugtU9BcbE,4.267333333333333,,0.843,0.541,6,-7.361,1,0.0318,0.191,1.93e-06,0.108,0.839,116.002,audio_features,0TYJbIHBtmWy9ugtU9BcbE,spotify:track:0TYJbIHBtmWy9ugtU9BcbE,https://api.spotify.com/v1/tracks/0TYJbIHBtmWy9ugtU9BcbE,https://api.spotify.com/v1/audio-analysis/0TYJbIHBtmWy9ugtU9BcbE,256040,4
reputation Stadium Tour Surprise Song Playlist,1MPAXuTVL2Ej5x0JHiSPq8,2017-11-09,46,Speak Now,1XLc4irbX7oQSneh6gWv3O,4.055766666666667,,0.712,0.603,7,-3.753,1,0.0304,0.0991,0.0,0.102,0.714,118.979,audio_features,1XLc4irbX7oQSneh6gWv3O,spotify:track:1XLc4irbX7oQSneh6gWv3O,https://api.spotify.com/v1/tracks/1XLc4irbX7oQSneh6gWv3O,https://api.spotify.com/v1/audio-analysis/1XLc4irbX7oQSneh6gWv3O,243347,4
reputation Stadium Tour Surprise Song Playlist,1MPAXuTVL2Ej5x0JHiSPq8,2017-11-09,46,Wonderland,0eTCaVOYLpJlSkbEi2jay4,4.092666666666666,,0.422,0.692,3,-5.447,1,0.0549,0.0493,2.57e-05,0.177,0.197,184.019,audio_features,0eTCaVOYLpJlSkbEi2jay4,spotify:track:0eTCaVOYLpJlSkbEi2jay4,https://api.spotify.com/v1/tracks/0eTCaVOYLpJlSkbEi2jay4,https://api.spotify.com/v1/audio-analysis/0eTCaVOYLpJlSkbEi2jay4,245560,4
reputation Stadium Tour Surprise Song Playlist,1MPAXuTVL2Ej5x0JHiSPq8,2017-11-09,46,White Horse,4RMfSYDFkcz0bKoK8fHDgR,3.923333333333333,,0.578,0.348,0,-8.066,1,0.0257,0.311,0.0,0.1,0.218,92.671,audio_features,4RMfSYDFkcz0bKoK8fHDgR,spotify:track:4RMfSYDFkcz0bKoK8fHDgR,https://api.spotify.com/v1/tracks/4RMfSYDFkcz0bKoK8fHDgR,https://api.spotify.com/v1/audio-analysis/4RMfSYDFkcz0bKoK8fHDgR,235400,4
reputation Stadium Tour Surprise Song Playlist,1MPAXuTVL2Ej5x0JHiSPq8,2017-11-09,46,I'm Only Me When I'm With You,6Py8IKZqDyU8aQVrjilbJw,3.5933333333333333,,0.556,0.933,8,-3.685,1,0.0719,0.00454,0.000462,0.101,0.521,143.929,audio_features,6Py8IKZqDyU8aQVrjilbJw,spotify:track:6Py8IKZqDyU8aQVrjilbJw,https://api.spotify.com/v1/tracks/6Py8IKZqDyU8aQVrjilbJw,https://api.spotify.com/v1/audio-analysis/6Py8IKZqDyU8aQVrjilbJw,215600,4
reputation Stadium Tour Surprise Song Playlist,1MPAXuTVL2Ej5x0JHiSPq8,2017-11-09,46,Starlight,7txpzmA69zyk50K3ZyZSzC,3.6766666666666663,,0.649,0.779,9,-5.798,1,0.0391,0.0186,0.000474,0.234,0.617,126.014,audio_features,7txpzmA69zyk50K3ZyZSzC,spotify:track:7txpzmA69zyk50K3ZyZSzC,https://api.spotify.com/v1/tracks/7txpzmA69zyk50K3ZyZSzC,https://api.spotify.com/v1/audio-analysis/7txpzmA69zyk50K3ZyZSzC,220600,4
reputation Stadium Tour Surprise Song Playlist,1MPAXuTVL2Ej5x0JHiSPq8,2017-11-09,46,I Know Places,3qGLcmO0XnnrcpAQGZwTvA,3.2617666666666665,,0.603,0.755,0,-4.991,1,0.0709,0.243,0.0,0.178,0.496,159.971,audio_features,3qGLcmO0XnnrcpAQGZwTvA,spotify:track:3qGLcmO0XnnrcpAQGZwTvA,https://api.spotify.com/v1/tracks/3qGLcmO0XnnrcpAQGZwTvA,https://api.spotify.com/v1/audio-analysis/3qGLcmO0XnnrcpAQGZwTvA,195707,4
1989 (Deluxe Edition),34OkZVpuzBa9y40DCy0LPR,2014-10-27,19,Welcome To New York,33Kq0AT5rvwyE4azisG08x,3.543333333333333,,0.789,0.634,7,-4.762,1,0.0323,0.0348,1.64e-06,0.302,0.658,116.992,audio_features,33Kq0AT5rvwyE4azisG08x,spotify:track:33Kq0AT5rvwyE4azisG08x,https://api.spotify.com/v1/tracks/33Kq0AT5rvwyE4azisG08x,https://api.spotify.com/v1/audio-analysis/33Kq0AT5rvwyE4azisG08x,212600,4
1989 (Deluxe Edition),34OkZVpuzBa9y40DCy0LPR,2014-10-27,19,Blank Space,2sC2P3BN0IXujNaaSyDmtP,3.863766666666667,,0.76,0.703,5,-5.412,1,0.054,0.103,0.0,0.0913,0.57,95.997,audio_features,2sC2P3BN0IXujNaaSyDmtP,spotify:track:2sC2P3BN0IXujNaaSyDmtP,https://api.spotify.com/v1/tracks/2sC2P3BN0IXujNaaSyDmtP,https://api.spotify.com/v1/audio-analysis/2sC2P3BN0IXujNaaSyDmtP,231827,4
1989 (Deluxe Edition),34OkZVpuzBa9y40DCy0LPR,2014-10-27,19,Style,1fo2ctLqj3zBhRQKOXprol,3.85,,0.588,0.791,7,-5.595,1,0.0402,0.00245,0.00258,0.118,0.487,94.933,audio_features,1fo2ctLqj3zBhRQKOXprol,spotify:track:1fo2ctLqj3zBhRQKOXprol,https://api.spotify.com/v1/tracks/1fo2ctLqj3zBhRQKOXprol,https://api.spotify.com/v1/audio-analysis/1fo2ctLqj3zBhRQKOXprol,231000,4
1989 (Deluxe Edition),34OkZVpuzBa9y40DCy0LPR,2014-10-27,19,Out Of The Woods,6Nde5KuTXyB7jlPO4upaBo,3.93,,0.553,0.841,7,-6.937,1,0.0396,0.000743,1.19e-05,0.341,0.338,92.008,audio_features,6Nde5KuTXyB7jlPO4upaBo,spotify:track:6Nde5KuTXyB7jlPO4upaBo,https://api.spotify.com/v1/tracks/6Nde5KuTXyB7jlPO4upaBo,https://api.spotify.com/v1/audio-analysis/6Nde5KuTXyB7jlPO4upaBo,235800,4
1989 (Deluxe Edition),34OkZVpuzBa9y40DCy0LPR,2014-10-27,19,All You Had To Do Was Stay,0lmMtDQ2ElasKU2qDAE6NN,3.22155,,0.605,0.725,5,-5.729,1,0.0323,0.00201,2.02e-05,0.101,0.539,96.97,audio_features,0lmMtDQ2ElasKU2qDAE6NN,spotify:track:0lmMtDQ2ElasKU2qDAE6NN,https://api.spotify.com/v1/tracks/0lmMtDQ2ElasKU2qDAE6NN,https://api.spotify.com/v1/audio-analysis/0lmMtDQ2ElasKU2qDAE6NN,193293,4
1989 (Deluxe Edition),34OkZVpuzBa9y40DCy0LPR,2014-10-27,19,Shake It Off,3fthfkkvy9av3q3uAGVf7U,3.653333333333333,,0.647,0.8,7,-5.384,1,0.165,0.0647,0.0,0.334,0.942,160.078,audio_features,3fthfkkvy9av3q3uAGVf7U,spotify:track:3fthfkkvy9av3q3uAGVf7U,https://api.spotify.com/v1/tracks/3fthfkkvy9av3q3uAGVf7U,https://api.spotify.com/v1/audio-analysis/3fthfkkvy9av3q3uAGVf7U,219200,4
1989 (Deluxe Edition),34OkZVpuzBa9y40DCy0LPR,2014-10-27,19,I Wish You Would,1B5VzXPqMlvRw0U4HJY3dJ,3.457333333333333,,0.653,0.893,0,-5.966,1,0.0538,0.0158,4.95e-05,0.102,0.513,118.035,audio_features,1B5VzXPqMlvRw0U4HJY3dJ,spotify:track:1B5VzXPqMlvRw0U4HJY3dJ,https://api.spotify.com/v1/tracks/1B5VzXPqMlvRw0U4HJY3dJ,https://api.spotify.com/v1/audio-analysis/1B5VzXPqMlvRw0U4HJY3dJ,207440,4
1989 (Deluxe Edition),34OkZVpuzBa9y40DCy0LPR,2014-10-27,19,Bad Blood,0yN4fNzmVnmgC0dsOoi9Wh,3.532216666666667,,0.646,0.794,7,-6.104,1,0.19,0.0885,6.16e-06,0.201,0.287,170.216,audio_features,0yN4fNzmVnmgC0dsOoi9Wh,spotify:track:0yN4fNzmVnmgC0dsOoi9Wh,https://api.spotify.com/v1/tracks/0yN4fNzmVnmgC0dsOoi9Wh,https://api.spotify.com/v1/audio-analysis/0yN4fNzmVnmgC0dsOoi9Wh,211933,4
1989 (Deluxe Edition),34OkZVpuzBa9y40DCy0LPR,2014-10-27,19,Wildest Dreams,106R7Z57WYzBAfrXImV30y,3.674,,0.55,0.688,8,-7.416,1,0.0897,0.0692,0.00144,0.106,0.465,139.997,audio_features,106R7Z57WYzBAfrXImV30y,spotify:track:106R7Z57WYzBAfrXImV30y,https://api.spotify.com/v1/tracks/106R7Z57WYzBAfrXImV30y,https://api.spotify.com/v1/audio-analysis/106R7Z57WYzBAfrXImV30y,220440,4
1989 (Deluxe Edition),34OkZVpuzBa9y40DCy0LPR,2014-10-27,19,How You Get The Girl,6wfugRLamFsTRbPcCpNnP7,4.12555,,0.765,0.656,5,-6.112,1,0.0504,0.00364,0.00868,0.0918,0.545,119.997,audio_features,6wfugRLamFsTRbPcCpNnP7,spotify:track:6wfugRLamFsTRbPcCpNnP7,https://api.spotify.com/v1/tracks/6wfugRLamFsTRbPcCpNnP7,https://api.spotify.com/v1/audio-analysis/6wfugRLamFsTRbPcCpNnP7,247533,4
1989 (Deluxe Edition),34OkZVpuzBa9y40DCy0LPR,2014-10-27,19,This Love,1kTPQnabROVkW9bUXdCGrB,4.168216666666667,,0.481,0.435,4,-8.795,1,0.0321,0.678,0.0,0.0928,0.107,143.95,audio_features,1kTPQnabROVkW9bUXdCGrB,spotify:track:1kTPQnabROVkW9bUXdCGrB,https://api.spotify.com/v1/tracks/1kTPQnabROVkW9bUXdCGrB,https://api.spotify.com/v1/audio-analysis/1kTPQnabROVkW9bUXdCGrB,250093,4
1989 (Deluxe Edition),34OkZVpuzBa9y40DCy0LPR,2014-10-27,19,I Know Places,2zfgVd034GlUvk7LqBHl6u,3.2617666666666665,,0.602,0.755,0,-4.991,1,0.071,0.245,0.0,0.178,0.495,159.965,audio_features,2zfgVd034GlUvk7LqBHl6u,spotify:track:2zfgVd034GlUvk7LqBHl6u,https://api.spotify.com/v1/tracks/2zfgVd034GlUvk7LqBHl6u,https://api.spotify.com/v1/audio-analysis/2zfgVd034GlUvk7LqBHl6u,195707,4
1989 (Deluxe Edition),34OkZVpuzBa9y40DCy0LPR,2014-10-27,19,Clean,4bXCcoesMt8u99xMsbLr9U,4.516666666666667,,0.815,0.377,4,-7.754,1,0.0346,0.232,0.0,0.1,0.211,103.97,audio_features,4bXCcoesMt8u99xMsbLr9U,spotify:track:4bXCcoesMt8u99xMsbLr9U,https://api.spotify.com/v1/tracks/4bXCcoesMt8u99xMsbLr9U,https://api.spotify.com/v1/audio-analysis/4bXCcoesMt8u99xMsbLr9U,271000,4
1989 (Deluxe Edition),34OkZVpuzBa9y40DCy0LPR,2014-10-27,19,Wonderland,6iWMI5oOhWrDbLbjmwTWFq,4.092666666666666,,0.422,0.692,3,-5.447,1,0.0549,0.0493,2.57e-05,0.177,0.197,184.014,audio_features,6iWMI5oOhWrDbLbjmwTWFq,spotify:track:6iWMI5oOhWrDbLbjmwTWFq,https://api.spotify.com/v1/tracks/6iWMI5oOhWrDbLbjmwTWFq,https://api.spotify.com/v1/audio-analysis/6iWMI5oOhWrDbLbjmwTWFq,245560,4
1989 (Deluxe Edition),34OkZVpuzBa9y40DCy0LPR,2014-10-27,19,You Are In Love,4A2LfnduSTsE8u0ecYROxE,4.451766666666667,,0.474,0.48,2,-8.894,1,0.0622,0.707,0.000108,0.0903,0.319,170.109,audio_features,4A2LfnduSTsE8u0ecYROxE,spotify:track:4A2LfnduSTsE8u0ecYROxE,https://api.spotify.com/v1/tracks/4A2LfnduSTsE8u0ecYROxE,https://api.spotify.com/v1/audio-analysis/4A2LfnduSTsE8u0ecYROxE,267107,4
1989 (Deluxe Edition),34OkZVpuzBa9y40DCy0LPR,2014-10-27,19,New Romantics,6rZVy6FIG7lSJQMFXHo12z,3.8411,,0.633,0.889,5,-5.87,1,0.0715,0.00463,0.000458,0.0658,0.584,121.956,audio_features,6rZVy6FIG7lSJQMFXHo12z,spotify:track:6rZVy6FIG7lSJQMFXHo12z,https://api.spotify.com/v1/tracks/6rZVy6FIG7lSJQMFXHo12z,https://api.spotify.com/v1/audio-analysis/6rZVy6FIG7lSJQMFXHo12z,230467,4
1989 (Deluxe Edition),34OkZVpuzBa9y40DCy0LPR,2014-10-27,19,I Know Places - Voice Memo,4JQm7ebhsrt10wmrP6AfXL,3.60555,,0.592,0.128,9,-17.932,0,0.589,0.829,0.0,0.527,0.15,78.828,audio_features,4JQm7ebhsrt10wmrP6AfXL,spotify:track:4JQm7ebhsrt10wmrP6AfXL,https://api.spotify.com/v1/tracks/4JQm7ebhsrt10wmrP6AfXL,https://api.spotify.com/v1/audio-analysis/4JQm7ebhsrt10wmrP6AfXL,216333,4
1989 (Deluxe Edition),34OkZVpuzBa9y40DCy0LPR,2014-10-27,19,I Wish You Would - Voice Memo,4TtyvyI42C0KFnbDZvNC8Y,1.78555,,0.781,0.357,0,-16.394,1,0.912,0.717,0.0,0.185,0.645,118.317,audio_features,4TtyvyI42C0KFnbDZvNC8Y,spotify:track:4TtyvyI42C0KFnbDZvNC8Y,https://api.spotify.com/v1/tracks/4TtyvyI42C0KFnbDZvNC8Y,https://api.spotify.com/v1/audio-analysis/4TtyvyI42C0KFnbDZvNC8Y,107133,4
1989 (Deluxe Edition),34OkZVpuzBa9y40DCy0LPR,2014-10-27,19,Blank Space - Voice Memo,0yisH8r0f3Mkq34kjzUlCV,2.186433333333333,,0.675,0.234,5,-15.064,0,0.721,0.801,0.0,0.657,0.578,127.296,audio_features,0yisH8r0f3Mkq34kjzUlCV,spotify:track:0yisH8r0f3Mkq34kjzUlCV,https://api.spotify.com/v1/tracks/0yisH8r0f3Mkq34kjzUlCV,https://api.spotify.com/v1/audio-analysis/0yisH8r0f3Mkq34kjzUlCV,131187,4
1989,2QJmrSgbdM35R67eoGQo4j,2014-10-27,13,Welcome To New York,6qnM0XXPZOINWA778uNqQ9,3.543333333333333,,0.793,0.634,7,-4.807,1,0.0324,0.038,1.76e-06,0.304,0.615,117.024,audio_features,6qnM0XXPZOINWA778uNqQ9,spotify:track:6qnM0XXPZOINWA778uNqQ9,https://api.spotify.com/v1/tracks/6qnM0XXPZOINWA778uNqQ9,https://api.spotify.com/v1/audio-analysis/6qnM0XXPZOINWA778uNqQ9,212600,4
1989,2QJmrSgbdM35R67eoGQo4j,2014-10-27,13,Blank Space,1p80LdxRV74UKvL8gnD7ky,3.863766666666667,,0.753,0.678,5,-5.421,1,0.0644,0.085,1.64e-06,0.13,0.583,96.006,audio_features,1p80LdxRV74UKvL8gnD7ky,spotify:track:1p80LdxRV74UKvL8gnD7ky,https://api.spotify.com/v1/tracks/1p80LdxRV74UKvL8gnD7ky,https://api.spotify.com/v1/audio-analysis/1p80LdxRV74UKvL8gnD7ky,231827,4
1989,2QJmrSgbdM35R67eoGQo4j,2014-10-27,13,Style,4lIxdJw6W3Fg4vUIYCB0S5,3.85,,0.598,0.786,2,-5.572,1,0.0383,0.00253,0.0016,0.117,0.456,95.019,audio_features,4lIxdJw6W3Fg4vUIYCB0S5,spotify:track:4lIxdJw6W3Fg4vUIYCB0S5,https://api.spotify.com/v1/tracks/4lIxdJw6W3Fg4vUIYCB0S5,https://api.spotify.com/v1/audio-analysis/4lIxdJw6W3Fg4vUIYCB0S5,231000,4
1989,2QJmrSgbdM35R67eoGQo4j,2014-10-27,13,Out Of The Woods,5OndtwLGA9O6XHFcGm2H7r,3.93,,0.552,0.842,7,-6.938,1,0.0373,0.00103,1.17e-05,0.337,0.343,91.991,audio_features,5OndtwLGA9O6XHFcGm2H7r,spotify:track:5OndtwLGA9O6XHFcGm2H7r,https://api.spotify.com/v1/tracks/5OndtwLGA9O6XHFcGm2H7r,https://api.spotify.com/v1/audio-analysis/5OndtwLGA9O6XHFcGm2H7r,235800,4
1989,2QJmrSgbdM35R67eoGQo4j,2014-10-27,13,All You Had To Do Was Stay,0dAb8TY433dl3ZfXYCLE19,3.22155,,0.602,0.736,5,-5.778,1,0.0338,0.00196,4.57e-05,0.105,0.471,96.969,audio_features,0dAb8TY433dl3ZfXYCLE19,spotify:track:0dAb8TY433dl3ZfXYCLE19,https://api.spotify.com/v1/tracks/0dAb8TY433dl3ZfXYCLE19,https://api.spotify.com/v1/audio-analysis/0dAb8TY433dl3ZfXYCLE19,193293,4
1989,2QJmrSgbdM35R67eoGQo4j,2014-10-27,13,Shake It Off,5xTtaWoae3wi06K5WfVUUH,3.653333333333333,,0.647,0.785,7,-5.414,1,0.165,0.0561,0.0,0.148,0.943,160.015,audio_features,5xTtaWoae3wi06K5WfVUUH,spotify:track:5xTtaWoae3wi06K5WfVUUH,https://api.spotify.com/v1/tracks/5xTtaWoae3wi06K5WfVUUH,https://api.spotify.com/v1/audio-analysis/5xTtaWoae3wi06K5WfVUUH,219200,4
1989,2QJmrSgbdM35R67eoGQo4j,2014-10-27,13,I Wish You Would,3wmN11qXGL0HyPojvEE1D9,3.457333333333333,,0.648,0.898,0,-5.963,1,0.0513,0.016,9.91e-05,0.109,0.502,118.02,audio_features,3wmN11qXGL0HyPojvEE1D9,spotify:track:3wmN11qXGL0HyPojvEE1D9,https://api.spotify.com/v1/tracks/3wmN11qXGL0HyPojvEE1D9,https://api.spotify.com/v1/audio-analysis/3wmN11qXGL0HyPojvEE1D9,207440,4
1989,2QJmrSgbdM35R67eoGQo4j,2014-10-27,13,Bad Blood,273dCMFseLcVsoSWx59IoE,3.532216666666667,,0.65,0.802,7,-6.114,1,0.181,0.0871,6.54e-06,0.148,0.295,170.146,audio_features,273dCMFseLcVsoSWx59IoE,spotify:track:273dCMFseLcVsoSWx59IoE,https://api.spotify.com/v1/tracks/273dCMFseLcVsoSWx59IoE,https://api.spotify.com/v1/audio-analysis/273dCMFseLcVsoSWx59IoE,211933,4
1989,2QJmrSgbdM35R67eoGQo4j,2014-10-27,13,Wildest Dreams,59HjlYCeBsxdI0fcm3zglw,3.674,,0.554,0.666,8,-7.414,1,0.0747,0.0702,0.00593,0.106,0.472,140.056,audio_features,59HjlYCeBsxdI0fcm3zglw,spotify:track:59HjlYCeBsxdI0fcm3zglw,https://api.spotify.com/v1/tracks/59HjlYCeBsxdI0fcm3zglw,https://api.spotify.com/v1/audio-analysis/59HjlYCeBsxdI0fcm3zglw,220440,4
1989,2QJmrSgbdM35R67eoGQo4j,2014-10-27,13,How You Get The Girl,4dYUOfmWna6DFccnz732n8,4.12555,,0.764,0.66,5,-6.136,1,0.0494,0.00461,0.00477,0.0915,0.524,119.988,audio_features,4dYUOfmWna6DFccnz732n8,spotify:track:4dYUOfmWna6DFccnz732n8,https://api.spotify.com/v1/tracks/4dYUOfmWna6DFccnz732n8,https://api.spotify.com/v1/audio-analysis/4dYUOfmWna6DFccnz732n8,247533,4
1989,2QJmrSgbdM35R67eoGQo4j,2014-10-27,13,This Love,3oKMl2tJv4fdidkXUYMI5x,4.168216666666667,,0.475,0.459,4,-8.768,1,0.0333,0.635,0.0,0.101,0.0828,143.988,audio_features,3oKMl2tJv4fdidkXUYMI5x,spotify:track:3oKMl2tJv4fdidkXUYMI5x,https://api.spotify.com/v1/tracks/3oKMl2tJv4fdidkXUYMI5x,https://api.spotify.com/v1/audio-analysis/3oKMl2tJv4fdidkXUYMI5x,250093,4
1989,2QJmrSgbdM35R67eoGQo4j,2014-10-27,13,I Know Places,3jBMHD19RZdAqG9iFQh7xc,3.2617666666666665,,0.596,0.763,0,-4.99,1,0.0661,0.231,0.0,0.2,0.507,159.958,audio_features,3jBMHD19RZdAqG9iFQh7xc,spotify:track:3jBMHD19RZdAqG9iFQh7xc,https://api.spotify.com/v1/tracks/3jBMHD19RZdAqG9iFQh7xc,https://api.spotify.com/v1/audio-analysis/3jBMHD19RZdAqG9iFQh7xc,195707,4
1989,2QJmrSgbdM35R67eoGQo4j,2014-10-27,13,Clean,06WgOCf0LV2h4keYXDRnuh,4.516666666666667,,0.81,0.379,4,-7.771,1,0.0349,0.241,0.0,0.113,0.22,103.981,audio_features,06WgOCf0LV2h4keYXDRnuh,spotify:track:06WgOCf0LV2h4keYXDRnuh,https://api.spotify.com/v1/tracks/06WgOCf0LV2h4keYXDRnuh,https://api.spotify.com/v1/audio-analysis/06WgOCf0LV2h4keYXDRnuh,271000,4
Summertime Friends,06NJ4sxQJg1BiSGH9WkzRE,2023-10-20,8,Summertime Friends,2lOY5Ah2pRRMdjA6yBRgwW,2.2764333333333333,,0.522,0.69,2,-5.574,1,0.0325,0.011,7.81e-06,0.4,0.28,160.054,audio_features,2lOY5Ah2pRRMdjA6yBRgwW,spotify:track:2lOY5Ah2pRRMdjA6yBRgwW,https://api.spotify.com/v1/tracks/2lOY5Ah2pRRMdjA6yBRgwW,https://api.spotify.com/v1/audio-analysis/2lOY5Ah2pRRMdjA6yBRgwW,136586,4
Summertime Friends,06NJ4sxQJg1BiSGH9WkzRE,2023-10-20,8,Think Of Us,4jpNmNXMzO3aVgJhy8sdxL,2.8436,,0.747,0.7,0,-6.563,1,0.0904,0.488,0.0,0.154,0.721,95.033,audio_features,4jpNmNXMzO3aVgJhy8sdxL,spotify:track:4jpNmNXMzO3aVgJhy8sdxL,https://api.spotify.com/v1/tracks/4jpNmNXMzO3aVgJhy8sdxL,https://api.spotify.com/v1/audio-analysis/4jpNmNXMzO3aVgJhy8sdxL,170617,4
Summertime Friends,06NJ4sxQJg1BiSGH9WkzRE,2023-10-20,8,See You Again,1tKUFSLuJCSlzBXm2l4HRo,2.7241833333333334,,0.478,0.497,4,-4.992,1,0.0304,0.0844,0.00118,0.178,0.209,144.046,audio_features,1tKUFSLuJCSlzBXm2l4HRo,spotify:track:1tKUFSLuJCSlzBXm2l4HRo,https://api.spotify.com/v1/tracks/1tKUFSLuJCSlzBXm2l4HRo,https://api.spotify.com/v1/audio-analysis/1tKUFSLuJCSlzBXm2l4HRo,163452,4
Summertime Friends,06NJ4sxQJg1BiSGH9WkzRE,2023-10-20,8,Jungle,5W819K2wS39Bvlyh1GER5Q,2.925,,0.596,0.667,6,-5.651,0,0.0295,0.0524,0.000109,0.205,0.217,140.002,audio_features,5W819K2wS39Bvlyh1GER5Q,spotify:track:5W819K2wS39Bvlyh1GER5Q,https://api.spotify.com/v1/tracks/5W819K2wS39Bvlyh1GER5Q,https://api.spotify.com/v1/audio-analysis/5W819K2wS39Bvlyh1GER5Q,175500,4
Summertime Friends,06NJ4sxQJg1BiSGH9WkzRE,2023-10-20,8,Self Destruction Mode,2bUEPDiGO5iGxgkiDo7OPF,2.4639333333333333,,0.623,0.633,9,-6.15,0,0.0653,0.161,0.0,0.214,0.549,160.045,audio_features,2bUEPDiGO5iGxgkiDo7OPF,spotify:track:2bUEPDiGO5iGxgkiDo7OPF,https://api.spotify.com/v1/tracks/2bUEPDiGO5iGxgkiDo7OPF,https://api.spotify.com/v1/audio-analysis/2bUEPDiGO5iGxgkiDo7OPF,147836,4
Summertime Friends,06NJ4sxQJg1BiSGH9WkzRE,2023-10-20,8,Up & Down,6YZZvbeTNUmNDxrMnNZMg1,2.5811,,0.727,0.79,1,-6.126,0,0.0602,0.00846,0.000181,0.676,0.833,130.056,audio_features,6YZZvbeTNUmNDxrMnNZMg1,spotify:track:6YZZvbeTNUmNDxrMnNZMg1,https://api.spotify.com/v1/tracks/6YZZvbeTNUmNDxrMnNZMg1,https://api.spotify.com/v1/audio-analysis/6YZZvbeTNUmNDxrMnNZMg1,154867,4
Summertime Friends,06NJ4sxQJg1BiSGH9WkzRE,2023-10-20,8,My Bad,5ZsaCdte7URxwAy4PWHLM4,2.453,,0.727,0.763,2,-4.147,0,0.0341,0.1,0.0,0.0763,0.554,126.071,audio_features,5ZsaCdte7URxwAy4PWHLM4,spotify:track:5ZsaCdte7URxwAy4PWHLM4,https://api.spotify.com/v1/tracks/5ZsaCdte7URxwAy4PWHLM4,https://api.spotify.com/v1/audio-analysis/5ZsaCdte7URxwAy4PWHLM4,147180,4
Summertime Friends,06NJ4sxQJg1BiSGH9WkzRE,2023-10-20,8,Celular,6PIkKoMjo76f7Q2PrhAGu9,2.9336166666666665,,0.661,0.834,7,-4.687,1,0.0394,0.0279,0.0,0.157,0.72,139.99,audio_features,6PIkKoMjo76f7Q2PrhAGu9,spotify:track:6PIkKoMjo76f7Q2PrhAGu9,https://api.spotify.com/v1/tracks/6PIkKoMjo76f7Q2PrhAGu9,https://api.spotify.com/v1/audio-analysis/6PIkKoMjo76f7Q2PrhAGu9,176017,4
So Far So Good (lofi remixes),3Fpxa7OUrdGmqEebgoAF1E,2022-10-21,13,Something Different - lofi remix,58PLzRUABG9skJIKreuVdX,2.5817,,0.688,0.463,5,-9.278,0,0.0448,0.945,0.0199,0.104,0.209,75.996,audio_features,58PLzRUABG9skJIKreuVdX,spotify:track:58PLzRUABG9skJIKreuVdX,https://api.spotify.com/v1/tracks/58PLzRUABG9skJIKreuVdX,https://api.spotify.com/v1/audio-analysis/58PLzRUABG9skJIKreuVdX,154902,4
So Far So Good (lofi remixes),3Fpxa7OUrdGmqEebgoAF1E,2022-10-21,13,iPad - lofi remix,0Slly1wh3Bro24xrO7tEhS,2.3511,,0.856,0.329,4,-11.697,1,0.099,0.851,0.63,0.125,0.448,120.007,audio_features,0Slly1wh3Bro24xrO7tEhS,spotify:track:0Slly1wh3Bro24xrO7tEhS,https://api.spotify.com/v1/tracks/0Slly1wh3Bro24xrO7tEhS,https://api.spotify.com/v1/audio-analysis/0Slly1wh3Bro24xrO7tEhS,141067,4
So Far So Good (lofi remixes),3Fpxa7OUrdGmqEebgoAF1E,2022-10-21,13,I Love U - lofi remix,6lHo50O8EnGln33OIQj6UA,2.5462333333333333,,0.656,0.31,8,-10.118,1,0.0808,0.971,0.468,0.131,0.197,77.012,audio_features,6lHo50O8EnGln33OIQj6UA,spotify:track:6lHo50O8EnGln33OIQj6UA,https://api.spotify.com/v1/tracks/6lHo50O8EnGln33OIQj6UA,https://api.spotify.com/v1/audio-analysis/6lHo50O8EnGln33OIQj6UA,152775,4
So Far So Good (lofi remixes),3Fpxa7OUrdGmqEebgoAF1E,2022-10-21,13,I Hope You Change Your Mind - lofi remix,1c9wxQkSyFOCkVUl3Z5Say,3.2576,,0.648,0.473,0,-14.604,1,0.0285,0.598,0.917,0.136,0.363,112.998,audio_features,1c9wxQkSyFOCkVUl3Z5Say,spotify:track:1c9wxQkSyFOCkVUl3Z5Say,https://api.spotify.com/v1/tracks/1c9wxQkSyFOCkVUl3Z5Say,https://api.spotify.com/v1/audio-analysis/1c9wxQkSyFOCkVUl3Z5Say,195456,4
So Far So Good (lofi remixes),3Fpxa7OUrdGmqEebgoAF1E,2022-10-21,13,In Too Deep - lofi remix,1Bf9eScMKuk50jjC5Ft7fc,2.8349333333333333,,0.734,0.362,8,-13.459,1,0.078,0.91,0.939,0.171,0.221,153.003,audio_features,1Bf9eScMKuk50jjC5Ft7fc,spotify:track:1Bf9eScMKuk50jjC5Ft7fc,https://api.spotify.com/v1/tracks/1Bf9eScMKuk50jjC5Ft7fc,https://api.spotify.com/v1/audio-analysis/1Bf9eScMKuk50jjC5Ft7fc,170096,4
So Far So Good (lofi remixes),3Fpxa7OUrdGmqEebgoAF1E,2022-10-21,13,Maradona - lofi remix,4S4k4hzFHBuTFDQ1NxcHM3,2.142533333333333,,0.692,0.369,5,-9.061,1,0.0988,0.931,0.000778,0.105,0.166,77.512,audio_features,4S4k4hzFHBuTFDQ1NxcHM3,spotify:track:4S4k4hzFHBuTFDQ1NxcHM3,https://api.spotify.com/v1/tracks/4S4k4hzFHBuTFDQ1NxcHM3,https://api.spotify.com/v1/audio-analysis/4S4k4hzFHBuTFDQ1NxcHM3,128553,4
So Far So Good (lofi remixes),3Fpxa7OUrdGmqEebgoAF1E,2022-10-21,13,Testing - lofi remix,272McVAYf1FnUFeNKHiw2E,3.00095,,0.464,0.396,9,-13.108,0,0.104,0.87,0.92,0.112,0.261,119.932,audio_features,272McVAYf1FnUFeNKHiw2E,spotify:track:272McVAYf1FnUFeNKHiw2E,https://api.spotify.com/v1/tracks/272McVAYf1FnUFeNKHiw2E,https://api.spotify.com/v1/audio-analysis/272McVAYf1FnUFeNKHiw2E,180057,4
So Far So Good (lofi remixes),3Fpxa7OUrdGmqEebgoAF1E,2022-10-21,13,Channel 1 - lofi remix,01A1YsdxWJ6omysFtEqJ18,2.553983333333333,,0.681,0.329,0,-12.988,1,0.0386,0.899,0.731,0.176,0.187,116.019,audio_features,01A1YsdxWJ6omysFtEqJ18,spotify:track:01A1YsdxWJ6omysFtEqJ18,https://api.spotify.com/v1/tracks/01A1YsdxWJ6omysFtEqJ18,https://api.spotify.com/v1/audio-analysis/01A1YsdxWJ6omysFtEqJ18,153240,4
So Far So Good (lofi remixes),3Fpxa7OUrdGmqEebgoAF1E,2022-10-21,13,Riptide - lofi remix,1DGY9hhepLMDQzdkdK3GrX,2.6011166666666665,,0.722,0.338,1,-10.432,0,0.073,0.502,0.857,0.104,0.183,79.997,audio_features,1DGY9hhepLMDQzdkdK3GrX,spotify:track:1DGY9hhepLMDQzdkdK3GrX,https://api.spotify.com/v1/tracks/1DGY9hhepLMDQzdkdK3GrX,https://api.spotify.com/v1/audio-analysis/1DGY9hhepLMDQzdkdK3GrX,156068,4
So Far So Good (lofi remixes),3Fpxa7OUrdGmqEebgoAF1E,2022-10-21,13,High - lofi remix,6jkgtX0kIlCFALUpVJMaRs,2.8794,,0.825,0.414,1,-12.013,0,0.0572,0.174,0.79,0.11,0.652,145.035,audio_features,6jkgtX0kIlCFALUpVJMaRs,spotify:track:6jkgtX0kIlCFALUpVJMaRs,https://api.spotify.com/v1/tracks/6jkgtX0kIlCFALUpVJMaRs,https://api.spotify.com/v1/audio-analysis/6jkgtX0kIlCFALUpVJMaRs,172764,4
So Far So Good (lofi remixes),3Fpxa7OUrdGmqEebgoAF1E,2022-10-21,13,If You're Serious - lofi remix,4EeETVArXmQY25BMuCK8tU,2.3918833333333334,,0.731,0.462,8,-15.021,0,0.0611,0.841,0.943,0.102,0.64,180.001,audio_features,4EeETVArXmQY25BMuCK8tU,spotify:track:4EeETVArXmQY25BMuCK8tU,https://api.spotify.com/v1/tracks/4EeETVArXmQY25BMuCK8tU,https://api.spotify.com/v1/audio-analysis/4EeETVArXmQY25BMuCK8tU,143513,4
So Far So Good (lofi remixes),3Fpxa7OUrdGmqEebgoAF1E,2022-10-21,13,Solo Mission - lofi remix,5Tw688qLFIieMBeD7wnEgw,2.49475,,0.656,0.175,5,-9.971,0,0.0446,0.728,0.112,0.155,0.259,85.068,audio_features,5Tw688qLFIieMBeD7wnEgw,spotify:track:5Tw688qLFIieMBeD7wnEgw,https://api.spotify.com/v1/tracks/5Tw688qLFIieMBeD7wnEgw,https://api.spotify.com/v1/audio-analysis/5Tw688qLFIieMBeD7wnEgw,149685,4
So Far So Good (lofi remixes),3Fpxa7OUrdGmqEebgoAF1E,2022-10-21,13,Cyanide - lofi remix,5NWtuvJCqWt5GVAlKGCgI8,2.691866666666667,,0.615,0.387,5,-11.857,0,0.0292,0.636,0.912,0.12,0.099,109.994,audio_features,5NWtuvJCqWt5GVAlKGCgI8,spotify:track:5NWtuvJCqWt5GVAlKGCgI8,https://api.spotify.com/v1/tracks/5NWtuvJCqWt5GVAlKGCgI8,https://api.spotify.com/v1/audio-analysis/5NWtuvJCqWt5GVAlKGCgI8,161512,4
So Far So Good,4nZ4dv1XvDE25Lf2MFhOqA,2022-06-08,16,Riptide,7dTd00X8Mc5iErfQQyBA6B,2.855983333333333,,0.717,0.734,5,-5.712,1,0.0426,0.28,0.000101,0.147,0.894,91.014,audio_features,7dTd00X8Mc5iErfQQyBA6B,spotify:track:7dTd00X8Mc5iErfQQyBA6B,https://api.spotify.com/v1/tracks/7dTd00X8Mc5iErfQQyBA6B,https://api.spotify.com/v1/audio-analysis/7dTd00X8Mc5iErfQQyBA6B,171360,4
So Far So Good,4nZ4dv1XvDE25Lf2MFhOqA,2022-06-08,16,High,09AvsbivV1FQBRAEBJh7UL,2.919383333333333,,0.601,0.787,0,-6.178,1,0.031,0.0492,0.0,0.142,0.525,134.981,audio_features,09AvsbivV1FQBRAEBJh7UL,spotify:track:09AvsbivV1FQBRAEBJh7UL,https://api.spotify.com/v1/tracks/09AvsbivV1FQBRAEBJh7UL,https://api.spotify.com/v1/audio-analysis/09AvsbivV1FQBRAEBJh7UL,175163,4
So Far So Good,4nZ4dv1XvDE25Lf2MFhOqA,2022-06-08,16,iPad,4edHoZerfvMGeLz3ohZit6,3.3734333333333333,,0.665,0.628,2,-6.297,1,0.026,0.00502,2.02e-05,0.0947,0.551,121.979,audio_features,4edHoZerfvMGeLz3ohZit6,spotify:track:4edHoZerfvMGeLz3ohZit6,https://api.spotify.com/v1/tracks/4edHoZerfvMGeLz3ohZit6,https://api.spotify.com/v1/audio-analysis/4edHoZerfvMGeLz3ohZit6,202406,4
So Far So Good,4nZ4dv1XvDE25Lf2MFhOqA,2022-06-08,16,Maradona,5D8JdpIbqKKmeQf4FXT614,3.732783333333333,,0.435,0.653,1,-6.604,1,0.0582,0.0283,0.00279,0.14,0.149,101.019,audio_features,5D8JdpIbqKKmeQf4FXT614,spotify:track:5D8JdpIbqKKmeQf4FXT614,https://api.spotify.com/v1/tracks/5D8JdpIbqKKmeQf4FXT614,https://api.spotify.com/v1/audio-analysis/5D8JdpIbqKKmeQf4FXT614,223967,4
So Far So Good,4nZ4dv1XvDE25Lf2MFhOqA,2022-06-08,16,Solo Mission,0oxPA3C0E3zkEDkfYogCb0,4.4302,,0.669,0.569,3,-6.185,0,0.0572,0.169,2.39e-06,0.0515,0.553,83.971,audio_features,0oxPA3C0E3zkEDkfYogCb0,spotify:track:0oxPA3C0E3zkEDkfYogCb0,https://api.spotify.com/v1/tracks/0oxPA3C0E3zkEDkfYogCb0,https://api.spotify.com/v1/audio-analysis/0oxPA3C0E3zkEDkfYogCb0,265812,4
So Far So Good,4nZ4dv1XvDE25Lf2MFhOqA,2022-06-08,16,Something Different,3mbkAtfG36iBb4HBf1qEb8,2.575683333333333,,0.604,0.591,5,-7.756,1,0.0296,0.0353,1.49e-06,0.106,0.524,150.046,audio_features,3mbkAtfG36iBb4HBf1qEb8,spotify:track:3mbkAtfG36iBb4HBf1qEb8,https://api.spotify.com/v1/tracks/3mbkAtfG36iBb4HBf1qEb8,https://api.spotify.com/v1/audio-analysis/3mbkAtfG36iBb4HBf1qEb8,154542,4
So Far So Good,4nZ4dv1XvDE25Lf2MFhOqA,2022-06-08,16,I Love U,2FqkTu4FhwDWn9hzEaWWCE,3.092033333333333,,0.651,0.719,8,-5.804,1,0.0318,0.143,3.62e-05,0.0948,0.81,103.981,audio_features,2FqkTu4FhwDWn9hzEaWWCE,spotify:track:2FqkTu4FhwDWn9hzEaWWCE,https://api.spotify.com/v1/tracks/2FqkTu4FhwDWn9hzEaWWCE,https://api.spotify.com/v1/audio-analysis/2FqkTu4FhwDWn9hzEaWWCE,185523,4
So Far So Good,4nZ4dv1XvDE25Lf2MFhOqA,2022-06-08,16,If You're Serious,07DqkQrhTC0HmQWewLnax9,3.744466666666667,,0.695,0.752,11,-8.988,1,0.0295,0.000702,0.00902,0.101,0.424,111.023,audio_features,07DqkQrhTC0HmQWewLnax9,spotify:track:07DqkQrhTC0HmQWewLnax9,https://api.spotify.com/v1/tracks/07DqkQrhTC0HmQWewLnax9,https://api.spotify.com/v1/audio-analysis/07DqkQrhTC0HmQWewLnax9,224669,4
So Far So Good,4nZ4dv1XvDE25Lf2MFhOqA,2022-06-08,16,Channel 1,4HEuDdg39xP8qgkJqop6CG,3.332,,0.704,0.451,0,-7.632,1,0.447,0.403,0.0,0.338,0.572,166.057,audio_features,4HEuDdg39xP8qgkJqop6CG,spotify:track:4HEuDdg39xP8qgkJqop6CG,https://api.spotify.com/v1/tracks/4HEuDdg39xP8qgkJqop6CG,https://api.spotify.com/v1/audio-analysis/4HEuDdg39xP8qgkJqop6CG,199921,4
So Far So Good,4nZ4dv1XvDE25Lf2MFhOqA,2022-06-08,16,Testing,548pWs8FmBjkr3Qqm2TdPQ,3.65705,,0.576,0.647,10,-10.027,0,0.0358,0.00816,0.00103,0.0986,0.16,142.018,audio_features,548pWs8FmBjkr3Qqm2TdPQ,spotify:track:548pWs8FmBjkr3Qqm2TdPQ,https://api.spotify.com/v1/tracks/548pWs8FmBjkr3Qqm2TdPQ,https://api.spotify.com/v1/audio-analysis/548pWs8FmBjkr3Qqm2TdPQ,219424,4
So Far So Good,4nZ4dv1XvDE25Lf2MFhOqA,2022-06-08,16,In Too Deep,2MMPFg8ByXOggTWrqSsTBv,3.23745,,0.67,0.38,2,-9.952,1,0.0371,0.789,0.000537,0.142,0.189,83.969,audio_features,2MMPFg8ByXOggTWrqSsTBv,spotify:track:2MMPFg8ByXOggTWrqSsTBv,https://api.spotify.com/v1/tracks/2MMPFg8ByXOggTWrqSsTBv,https://api.spotify.com/v1/audio-analysis/2MMPFg8ByXOggTWrqSsTBv,194247,4
So Far So Good,4nZ4dv1XvDE25Lf2MFhOqA,2022-06-08,16,I Hope You Change Your Mind,5fWBKbbsXFSgCpCQ69YhOi,3.4029,,0.486,0.73,2,-7.412,1,0.0267,0.0115,1.1e-06,0.126,0.546,184.038,audio_features,5fWBKbbsXFSgCpCQ69YhOi,spotify:track:5fWBKbbsXFSgCpCQ69YhOi,https://api.spotify.com/v1/tracks/5fWBKbbsXFSgCpCQ69YhOi,https://api.spotify.com/v1/audio-analysis/5fWBKbbsXFSgCpCQ69YhOi,204174,4
So Far So Good,4nZ4dv1XvDE25Lf2MFhOqA,2022-06-08,16,Cyanide,2h4HvAKEVp9eehdkGb5Jpm,4.556416666666666,,0.583,0.707,0,-6.303,1,0.0638,0.0181,0.0,0.105,0.279,104.022,audio_features,2h4HvAKEVp9eehdkGb5Jpm,spotify:track:2h4HvAKEVp9eehdkGb5Jpm,https://api.spotify.com/v1/tracks/2h4HvAKEVp9eehdkGb5Jpm,https://api.spotify.com/v1/audio-analysis/2h4HvAKEVp9eehdkGb5Jpm,273385,4
So Far So Good,4nZ4dv1XvDE25Lf2MFhOqA,2022-06-08,16,Time Bomb,5d8a5B6RlYnquvR4X4OIrX,3.38435,,0.842,0.681,1,-5.73,0,0.0361,0.232,2.32e-05,0.125,0.872,109.97,audio_features,5d8a5B6RlYnquvR4X4OIrX,spotify:track:5d8a5B6RlYnquvR4X4OIrX,https://api.spotify.com/v1/tracks/5d8a5B6RlYnquvR4X4OIrX,https://api.spotify.com/v1/audio-analysis/5d8a5B6RlYnquvR4X4OIrX,203062,4
So Far So Good,4nZ4dv1XvDE25Lf2MFhOqA,2022-06-08,16,The Fall,5FvGI8KtImlEbOsvEW3pfX,3.2670166666666667,,0.664,0.939,0,-4.699,0,0.0354,0.011,0.0142,0.167,0.285,121.979,audio_features,5FvGI8KtImlEbOsvEW3pfX,spotify:track:5FvGI8KtImlEbOsvEW3pfX,https://api.spotify.com/v1/tracks/5FvGI8KtImlEbOsvEW3pfX,https://api.spotify.com/v1/audio-analysis/5FvGI8KtImlEbOsvEW3pfX,196022,4
So Far So Good,4nZ4dv1XvDE25Lf2MFhOqA,2022-06-08,16,Why Can't You Wait,09EVL34Hr8e1jzFF5Hjb0v,3.832133333333333,,0.707,0.582,0,-6.308,1,0.0268,0.0153,4.78e-06,0.104,0.272,115.017,audio_features,09EVL34Hr8e1jzFF5Hjb0v,spotify:track:09EVL34Hr8e1jzFF5Hjb0v,https://api.spotify.com/v1/tracks/09EVL34Hr8e1jzFF5Hjb0v,https://api.spotify.com/v1/audio-analysis/09EVL34Hr8e1jzFF5Hjb0v,229929,4
World War Joy,01GR4NL5O5CZM51k0aejKD,2019-12-06,10,The Reaper,0g8Dq6OpSmWengqtLrVr77,3.0488833333333334,,0.633,0.564,8,-7.789,0,0.0701,0.135,0.0,0.201,0.648,164.008,audio_features,0g8Dq6OpSmWengqtLrVr77,spotify:track:0g8Dq6OpSmWengqtLrVr77,https://api.spotify.com/v1/tracks/0g8Dq6OpSmWengqtLrVr77,https://api.spotify.com/v1/audio-analysis/0g8Dq6OpSmWengqtLrVr77,182933,4
World War Joy,01GR4NL5O5CZM51k0aejKD,2019-12-06,10,Family,3TKpJrY9q49Mj1JOsM9zGL,3.2471,,0.584,0.607,11,-6.605,1,0.0356,0.426,0.0,0.101,0.374,117.817,audio_features,3TKpJrY9q49Mj1JOsM9zGL,spotify:track:3TKpJrY9q49Mj1JOsM9zGL,https://api.spotify.com/v1/tracks/3TKpJrY9q49Mj1JOsM9zGL,https://api.spotify.com/v1/audio-analysis/3TKpJrY9q49Mj1JOsM9zGL,194827,4
World War Joy,01GR4NL5O5CZM51k0aejKD,2019-12-06,10,See The Way,6VWz99969QmNc2gWo21ktl,2.966,,0.558,0.456,2,-8.118,1,0.0945,0.129,0.0,0.189,0.566,94.851,audio_features,6VWz99969QmNc2gWo21ktl,spotify:track:6VWz99969QmNc2gWo21ktl,https://api.spotify.com/v1/tracks/6VWz99969QmNc2gWo21ktl,https://api.spotify.com/v1/audio-analysis/6VWz99969QmNc2gWo21ktl,177960,4
World War Joy,01GR4NL5O5CZM51k0aejKD,2019-12-06,10,P.S. I Hope You're Happy,5GemR0Lr9CEUJVH14mAsDO,3.756,,0.583,0.802,1,-4.312,1,0.0367,0.00883,0.0,0.0615,0.649,100.054,audio_features,5GemR0Lr9CEUJVH14mAsDO,spotify:track:5GemR0Lr9CEUJVH14mAsDO,https://api.spotify.com/v1/tracks/5GemR0Lr9CEUJVH14mAsDO,https://api.spotify.com/v1/audio-analysis/5GemR0Lr9CEUJVH14mAsDO,225360,4
World War Joy,01GR4NL5O5CZM51k0aejKD,2019-12-06,10,Push My Luck,4h8Pmw3RELdsanPjssyJoB,3.030883333333333,,0.563,0.645,2,-6.422,1,0.0428,0.293,0.0,0.202,0.523,89.976,audio_features,4h8Pmw3RELdsanPjssyJoB,spotify:track:4h8Pmw3RELdsanPjssyJoB,https://api.spotify.com/v1/tracks/4h8Pmw3RELdsanPjssyJoB,https://api.spotify.com/v1/audio-analysis/4h8Pmw3RELdsanPjssyJoB,181853,4
World War Joy,01GR4NL5O5CZM51k0aejKD,2019-12-06,10,Takeaway,3g0mEQx3NTanacLseoP0Gw,3.498,,0.528,0.511,3,-8.144,1,0.0324,0.126,0.0,0.101,0.351,100.1,audio_features,3g0mEQx3NTanacLseoP0Gw,spotify:track:3g0mEQx3NTanacLseoP0Gw,https://api.spotify.com/v1/tracks/3g0mEQx3NTanacLseoP0Gw,https://api.spotify.com/v1/audio-analysis/3g0mEQx3NTanacLseoP0Gw,209880,4
World War Joy,01GR4NL5O5CZM51k0aejKD,2019-12-06,10,Call You Mine,2oejEp50ZzPuQTQ6v54Evp,3.6273333333333335,,0.585,0.696,4,-5.6,0,0.0307,0.204,0.0,0.344,0.522,104.01,audio_features,2oejEp50ZzPuQTQ6v54Evp,spotify:track:2oejEp50ZzPuQTQ6v54Evp,https://api.spotify.com/v1/tracks/2oejEp50ZzPuQTQ6v54Evp,https://api.spotify.com/v1/audio-analysis/2oejEp50ZzPuQTQ6v54Evp,217640,4
World War Joy,01GR4NL5O5CZM51k0aejKD,2019-12-06,10,Do You Mean,5vDCp6yZAikAoJ6NOEEFdp,3.2197666666666667,,0.356,0.661,11,-9.818,1,0.0633,0.129,0.0,0.114,0.551,99.951,audio_features,5vDCp6yZAikAoJ6NOEEFdp,spotify:track:5vDCp6yZAikAoJ6NOEEFdp,https://api.spotify.com/v1/tracks/5vDCp6yZAikAoJ6NOEEFdp,https://api.spotify.com/v1/audio-analysis/5vDCp6yZAikAoJ6NOEEFdp,193187,4
World War Joy,01GR4NL5O5CZM51k0aejKD,2019-12-06,10,Kills You Slowly,2PgMUAn2bBpm8gz6yAXvVL,3.555333333333333,,0.696,0.439,1,-8.77,0,0.055,0.0636,0.0,0.127,0.229,149.923,audio_features,2PgMUAn2bBpm8gz6yAXvVL,spotify:track:2PgMUAn2bBpm8gz6yAXvVL,https://api.spotify.com/v1/tracks/2PgMUAn2bBpm8gz6yAXvVL,https://api.spotify.com/v1/audio-analysis/2PgMUAn2bBpm8gz6yAXvVL,213320,4
World War Joy,01GR4NL5O5CZM51k0aejKD,2019-12-06,10,Who Do You Love,2fVHrSxsQbJUuj9MW9zG1e,3.778883333333333,,0.51,0.846,3,-4.595,1,0.0461,0.0101,0.0,0.208,0.475,139.927,audio_features,2fVHrSxsQbJUuj9MW9zG1e,spotify:track:2fVHrSxsQbJUuj9MW9zG1e,https://api.spotify.com/v1/tracks/2fVHrSxsQbJUuj9MW9zG1e,https://api.spotify.com/v1/audio-analysis/2fVHrSxsQbJUuj9MW9zG1e,226733,4
Sick Boy,6ZvDJs17O3woQirttKRYCG,2018-12-14,10,This Feeling,4NBTZtAt1F13VvlSKe6KTl,3.2991,,0.575,0.571,1,-7.906,1,0.0439,0.0558,0.0,0.0912,0.449,105.049,audio_features,4NBTZtAt1F13VvlSKe6KTl,spotify:track:4NBTZtAt1F13VvlSKe6KTl,https://api.spotify.com/v1/tracks/4NBTZtAt1F13VvlSKe6KTl,https://api.spotify.com/v1/audio-analysis/4NBTZtAt1F13VvlSKe6KTl,197947,4
Sick Boy,6ZvDJs17O3woQirttKRYCG,2018-12-14,10,Beach House,2bQhVQbV7VBzSOPo8mbkUR,3.4353333333333333,,0.4,0.838,0,-4.491,1,0.0526,0.174,0.0,0.341,0.533,179.945,audio_features,2bQhVQbV7VBzSOPo8mbkUR,spotify:track:2bQhVQbV7VBzSOPo8mbkUR,https://api.spotify.com/v1/tracks/2bQhVQbV7VBzSOPo8mbkUR,https://api.spotify.com/v1/audio-analysis/2bQhVQbV7VBzSOPo8mbkUR,206120,4
Sick Boy,6ZvDJs17O3woQirttKRYCG,2018-12-14,10,Hope,4BiiOzZCrXEzHRLYcYFiD5,3.002,,0.773,0.699,1,-5.982,0,0.0958,0.488,3.6e-06,0.0814,0.513,104.941,audio_features,4BiiOzZCrXEzHRLYcYFiD5,spotify:track:4BiiOzZCrXEzHRLYcYFiD5,https://api.spotify.com/v1/tracks/4BiiOzZCrXEzHRLYcYFiD5,https://api.spotify.com/v1/audio-analysis/4BiiOzZCrXEzHRLYcYFiD5,180120,4
Sick Boy,6ZvDJs17O3woQirttKRYCG,2018-12-14,10,Somebody,0fTiDOXRNEN0lUeYGoSHml,3.699766666666666,,0.32,0.63,10,-7.019,0,0.0493,0.192,0.0,0.102,0.323,203.443,audio_features,0fTiDOXRNEN0lUeYGoSHml,spotify:track:0fTiDOXRNEN0lUeYGoSHml,https://api.spotify.com/v1/tracks/0fTiDOXRNEN0lUeYGoSHml,https://api.spotify.com/v1/audio-analysis/0fTiDOXRNEN0lUeYGoSHml,221987,4
Sick Boy,6ZvDJs17O3woQirttKRYCG,2018-12-14,10,Side Effects,0bGLvHd0ApdT4t0shCfpzG,2.8791,,0.669,0.711,8,-6.758,1,0.033,0.00217,0.0,0.466,0.544,110.01,audio_features,0bGLvHd0ApdT4t0shCfpzG,spotify:track:0bGLvHd0ApdT4t0shCfpzG,https://api.spotify.com/v1/tracks/0bGLvHd0ApdT4t0shCfpzG,https://api.spotify.com/v1/audio-analysis/0bGLvHd0ApdT4t0shCfpzG,172747,4
Sick Boy,6ZvDJs17O3woQirttKRYCG,2018-12-14,10,Sick Boy,58kZ9spgxmlEznXGu6FPdQ,3.22,,0.663,0.577,11,-7.518,0,0.0531,0.109,0.0,0.12,0.454,89.996,audio_features,58kZ9spgxmlEznXGu6FPdQ,spotify:track:58kZ9spgxmlEznXGu6FPdQ,https://api.spotify.com/v1/tracks/58kZ9spgxmlEznXGu6FPdQ,https://api.spotify.com/v1/audio-analysis/58kZ9spgxmlEznXGu6FPdQ,193200,4
Sick Boy,6ZvDJs17O3woQirttKRYCG,2018-12-14,10,Everybody Hates Me,6ufrOaf4v6Qady6GiIpQ0s,3.724433333333333,,0.475,0.752,11,-6.596,0,0.0467,0.00703,0.0,0.406,0.515,154.957,audio_features,6ufrOaf4v6Qady6GiIpQ0s,spotify:track:6ufrOaf4v6Qady6GiIpQ0s,https://api.spotify.com/v1/tracks/6ufrOaf4v6Qady6GiIpQ0s,https://api.spotify.com/v1/audio-analysis/6ufrOaf4v6Qady6GiIpQ0s,223467,4
Sick Boy,6ZvDJs17O3woQirttKRYCG,2018-12-14,10,Siren,3K01yfjGY0NslZrXkWVAtK,2.9051,,0.588,0.779,4,-4.284,0,0.107,0.351,0.0114,0.371,0.264,150.015,audio_features,3K01yfjGY0NslZrXkWVAtK,spotify:track:3K01yfjGY0NslZrXkWVAtK,https://api.spotify.com/v1/tracks/3K01yfjGY0NslZrXkWVAtK,https://api.spotify.com/v1/audio-analysis/3K01yfjGY0NslZrXkWVAtK,174307,4
Sick Boy,6ZvDJs17O3woQirttKRYCG,2018-12-14,10,You Owe Me,3CgTgHLI8qHAqLoZkz1BdQ,3.1668833333333333,,0.675,0.445,6,-8.317,0,0.0394,0.222,0.0,0.231,0.348,89.98,audio_features,3CgTgHLI8qHAqLoZkz1BdQ,spotify:track:3CgTgHLI8qHAqLoZkz1BdQ,https://api.spotify.com/v1/tracks/3CgTgHLI8qHAqLoZkz1BdQ,https://api.spotify.com/v1/audio-analysis/3CgTgHLI8qHAqLoZkz1BdQ,190013,4
Sick Boy,6ZvDJs17O3woQirttKRYCG,2018-12-14,10,Save Yourself,27i7Afdxq40V7qCqHnRTt6,3.50755,,0.618,0.871,4,-5.154,0,0.0385,0.000989,0.00921,0.0742,0.0907,146.033,audio_features,27i7Afdxq40V7qCqHnRTt6,spotify:track:27i7Afdxq40V7qCqHnRTt6,https://api.spotify.com/v1/tracks/27i7Afdxq40V7qCqHnRTt6,https://api.spotify.com/v1/audio-analysis/27i7Afdxq40V7qCqHnRTt6,210453,4
Memories...Do Not Open,4JPguzRps3kuWDD5GS6oXr,2017-04-07,12,The One,0wfbD5rAksdXUzRvMfM3x5,2.95955,,0.76,0.303,2,-11.362,1,0.0284,0.238,8.09e-06,0.294,0.15,99.991,audio_features,0wfbD5rAksdXUzRvMfM3x5,spotify:track:0wfbD5rAksdXUzRvMfM3x5,https://api.spotify.com/v1/tracks/0wfbD5rAksdXUzRvMfM3x5,https://api.spotify.com/v1/audio-analysis/0wfbD5rAksdXUzRvMfM3x5,177573,4
Memories...Do Not Open,4JPguzRps3kuWDD5GS6oXr,2017-04-07,12,Break Up Every Night,6cPyTS0Kk2sc4xQwC93kOg,3.458666666666667,,0.624,0.806,1,-5.957,1,0.0437,0.00411,0.0,0.0872,0.528,149.999,audio_features,6cPyTS0Kk2sc4xQwC93kOg,spotify:track:6cPyTS0Kk2sc4xQwC93kOg,https://api.spotify.com/v1/tracks/6cPyTS0Kk2sc4xQwC93kOg,https://api.spotify.com/v1/audio-analysis/6cPyTS0Kk2sc4xQwC93kOg,207520,4
Memories...Do Not Open,4JPguzRps3kuWDD5GS6oXr,2017-04-07,12,Bloodstream,26AuyrZGzWWiYZPSd3XBIg,3.738,,0.62,0.627,9,-5.889,1,0.0259,0.0317,0.0,0.172,0.164,90.955,audio_features,26AuyrZGzWWiYZPSd3XBIg,spotify:track:26AuyrZGzWWiYZPSd3XBIg,https://api.spotify.com/v1/tracks/26AuyrZGzWWiYZPSd3XBIg,https://api.spotify.com/v1/audio-analysis/26AuyrZGzWWiYZPSd3XBIg,224280,4
Memories...Do Not Open,4JPguzRps3kuWDD5GS6oXr,2017-04-07,12,Don't Say,1pJQAHpD51J7GYaFrrFO9S,3.808,,0.567,0.464,5,-9.66,1,0.0302,0.0199,9.31e-06,0.269,0.309,99.806,audio_features,1pJQAHpD51J7GYaFrrFO9S,spotify:track:1pJQAHpD51J7GYaFrrFO9S,https://api.spotify.com/v1/tracks/1pJQAHpD51J7GYaFrrFO9S,https://api.spotify.com/v1/audio-analysis/1pJQAHpD51J7GYaFrrFO9S,228480,4
Memories...Do Not Open,4JPguzRps3kuWDD5GS6oXr,2017-04-07,12,Something Just Like This,6RUKPb4LETWmmr3iAEQktW,4.1193333333333335,,0.617,0.635,11,-6.769,0,0.0317,0.0498,1.44e-05,0.164,0.446,103.019,audio_features,6RUKPb4LETWmmr3iAEQktW,spotify:track:6RUKPb4LETWmmr3iAEQktW,https://api.spotify.com/v1/tracks/6RUKPb4LETWmmr3iAEQktW,https://api.spotify.com/v1/audio-analysis/6RUKPb4LETWmmr3iAEQktW,247160,4
Memories...Do Not Open,4JPguzRps3kuWDD5GS6oXr,2017-04-07,12,My Type,6V9kwssTrwkKT72imgowj9,3.62355,,0.604,0.603,7,-6.324,0,0.0389,0.0357,0.0,0.126,0.15,94.989,audio_features,6V9kwssTrwkKT72imgowj9,spotify:track:6V9kwssTrwkKT72imgowj9,https://api.spotify.com/v1/tracks/6V9kwssTrwkKT72imgowj9,https://api.spotify.com/v1/audio-analysis/6V9kwssTrwkKT72imgowj9,217413,4
Memories...Do Not Open,4JPguzRps3kuWDD5GS6oXr,2017-04-07,12,It Won't Kill Ya,5xhJmd0I15jFcEdqxfCzKk,3.626883333333333,,0.572,0.53,6,-8.521,0,0.0654,0.0647,0.000169,0.127,0.12,170.138,audio_features,5xhJmd0I15jFcEdqxfCzKk,spotify:track:5xhJmd0I15jFcEdqxfCzKk,https://api.spotify.com/v1/tracks/5xhJmd0I15jFcEdqxfCzKk,https://api.spotify.com/v1/audio-analysis/5xhJmd0I15jFcEdqxfCzKk,217613,4
Memories...Do Not Open,4JPguzRps3kuWDD5GS6oXr,2017-04-07,12,Paris,72jbDTw1piOOj770jWNeaG,3.691766666666666,,0.653,0.658,2,-6.428,1,0.0304,0.0215,1.66e-06,0.0939,0.219,99.99,audio_features,72jbDTw1piOOj770jWNeaG,spotify:track:72jbDTw1piOOj770jWNeaG,https://api.spotify.com/v1/tracks/72jbDTw1piOOj770jWNeaG,https://api.spotify.com/v1/audio-analysis/72jbDTw1piOOj770jWNeaG,221507,4
Memories...Do Not Open,4JPguzRps3kuWDD5GS6oXr,2017-04-07,12,Honest,6KjbNLbRjuoa8rEq5yNA6H,3.466666666666667,,0.673,0.514,0,-10.772,0,0.0465,0.0121,8.5e-05,0.385,0.312,100.035,audio_features,6KjbNLbRjuoa8rEq5yNA6H,spotify:track:6KjbNLbRjuoa8rEq5yNA6H,https://api.spotify.com/v1/tracks/6KjbNLbRjuoa8rEq5yNA6H,https://api.spotify.com/v1/audio-analysis/6KjbNLbRjuoa8rEq5yNA6H,208000,4
Memories...Do Not Open,4JPguzRps3kuWDD5GS6oXr,2017-04-07,12,Wake Up Alone,0dj1CtyRxZ4bnIT4Q20jNT,3.595333333333333,,0.643,0.52,9,-5.968,0,0.0334,0.0102,0.0,0.11,0.23,75.168,audio_features,0dj1CtyRxZ4bnIT4Q20jNT,spotify:track:0dj1CtyRxZ4bnIT4Q20jNT,https://api.spotify.com/v1/tracks/0dj1CtyRxZ4bnIT4Q20jNT,https://api.spotify.com/v1/audio-analysis/0dj1CtyRxZ4bnIT4Q20jNT,215720,4
Memories...Do Not Open,4JPguzRps3kuWDD5GS6oXr,2017-04-07,12,Young,1KeZgPUr54C8iz3FjqzVoz,3.7462166666666663,,0.615,0.564,9,-6.384,1,0.0291,0.0105,0.0,0.148,0.454,103.006,audio_features,1KeZgPUr54C8iz3FjqzVoz,spotify:track:1KeZgPUr54C8iz3FjqzVoz,https://api.spotify.com/v1/tracks/1KeZgPUr54C8iz3FjqzVoz,https://api.spotify.com/v1/audio-analysis/1KeZgPUr54C8iz3FjqzVoz,224773,4
Memories...Do Not Open,4JPguzRps3kuWDD5GS6oXr,2017-04-07,12,Last Day Alive,6GeD5g9vZTz25Egf8kxoIY,3.5717666666666665,,0.435,0.706,0,-8.197,1,0.0425,0.0571,4.15e-05,0.0903,0.24,144.913,audio_features,6GeD5g9vZTz25Egf8kxoIY,spotify:track:6GeD5g9vZTz25Egf8kxoIY,https://api.spotify.com/v1/tracks/6GeD5g9vZTz25Egf8kxoIY,https://api.spotify.com/v1/audio-analysis/6GeD5g9vZTz25Egf8kxoIY,214307,4
